ISO-10303-21;
HEADER;
/* Generated by software containing ST-Developer
 * from STEP Tools, Inc. (www.steptools.com) 
 */

FILE_DESCRIPTION(
/* description */ ('STEP AP214'),
/* implementation_level */ '2;1');

FILE_NAME(
/* name */ 'ZHP2D.step',
/* time_stamp */ '2026-08-29T16:27:56+08:00',
/* author */ (''),
/* organization */ (''),
/* preprocessor_version */ 'ST-DEVELOPER v20.1',
/* originating_system */ 'Autodesk Translation Framework v15.8.0.0',
/* authorisation */ '');

FILE_SCHEMA (('AUTOMOTIVE_DESIGN { 1 0 10303 214 3 1 1 }'));
ENDSEC;

DATA;
#10=MECHANICAL_DESIGN_GEOMETRIC_PRESENTATION_REPRESENTATION('',(#31,#32,
#33,#34),#22319);
#11=ITEM_DEFINED_TRANSFORMATION($,$,#13265,#14468);
#12=ITEM_DEFINED_TRANSFORMATION($,$,#13580,#14469);
#13=ITEM_DEFINED_TRANSFORMATION($,$,#13839,#14470);
#14=(
REPRESENTATION_RELATIONSHIP($,$,#22336,#22335)
REPRESENTATION_RELATIONSHIP_WITH_TRANSFORMATION(#11)
SHAPE_REPRESENTATION_RELATIONSHIP()
);
#15=(
REPRESENTATION_RELATIONSHIP($,$,#22337,#22335)
REPRESENTATION_RELATIONSHIP_WITH_TRANSFORMATION(#12)
SHAPE_REPRESENTATION_RELATIONSHIP()
);
#16=(
REPRESENTATION_RELATIONSHIP($,$,#22338,#22335)
REPRESENTATION_RELATIONSHIP_WITH_TRANSFORMATION(#13)
SHAPE_REPRESENTATION_RELATIONSHIP()
);
#17=CONTEXT_DEPENDENT_SHAPE_REPRESENTATION(#14,#22332);
#18=CONTEXT_DEPENDENT_SHAPE_REPRESENTATION(#15,#22333);
#19=CONTEXT_DEPENDENT_SHAPE_REPRESENTATION(#16,#22334);
#20=NEXT_ASSEMBLY_USAGE_OCCURRENCE('ZHP2D\X2\540E9762677F\X0\_2\X2\7248\X0\:
1','ZHP2D\X2\540E9762677F\X0\_2\X2\7248\X0\:1','ZHP2D\X2\540E9762677F\X0\_
2\X2\7248\X0\:1',#22340,#22341,'ZHP2D\X2\540E9762677F\X0\_2\X2\7248\X0\:
1');
#21=NEXT_ASSEMBLY_USAGE_OCCURRENCE('ZHP2D\X2\524D9762677F\X0\XT30:1',
'ZHP2D\X2\524D9762677F\X0\XT30:1','ZHP2D\X2\524D9762677F\X0\XT30:1',#22340,
#22342,'ZHP2D\X2\524D9762677F\X0\XT30:1');
#22=NEXT_ASSEMBLY_USAGE_OCCURRENCE('ZHP2D\X2\98CE624763217247\X0\:1',
'ZHP2D\X2\98CE624763217247\X0\:1','ZHP2D\X2\98CE624763217247\X0\:1',#22340,
#22343,'ZHP2D\X2\98CE624763217247\X0\:1');
#23=SHAPE_REPRESENTATION_RELATIONSHIP('SRR','None',#22336,#27);
#24=SHAPE_REPRESENTATION_RELATIONSHIP('SRR','None',#22337,#28);
#25=SHAPE_REPRESENTATION_RELATIONSHIP('SRR','None',#22338,#29);
#26=SHAPE_REPRESENTATION_RELATIONSHIP('SRR','None',#22335,#30);
#27=ADVANCED_BREP_SHAPE_REPRESENTATION('',(#35),#22316);
#28=ADVANCED_BREP_SHAPE_REPRESENTATION('',(#36),#22317);
#29=ADVANCED_BREP_SHAPE_REPRESENTATION('',(#37),#22318);
#30=ADVANCED_BREP_SHAPE_REPRESENTATION('',(#38),#22315);
#31=STYLED_ITEM('',(#22360),#35);
#32=STYLED_ITEM('',(#22360),#36);
#33=STYLED_ITEM('',(#22360),#37);
#34=STYLED_ITEM('',(#22360),#38);
#35=MANIFOLD_SOLID_BREP('\X2\5B9E4F53\X0\1',#13226);
#36=MANIFOLD_SOLID_BREP('\X2\5B9E4F53\X0\1',#13227);
#37=MANIFOLD_SOLID_BREP('\X2\5B9E4F53\X0\1',#13228);
#38=MANIFOLD_SOLID_BREP('\X2\5B9E4F53\X0\1',#13229);
#39=FACE_BOUND('',#1335,.T.);
#40=FACE_BOUND('',#1336,.T.);
#41=FACE_BOUND('',#1337,.T.);
#42=FACE_BOUND('',#1338,.T.);
#43=FACE_BOUND('',#1339,.T.);
#44=FACE_BOUND('',#1340,.T.);
#45=FACE_BOUND('',#1341,.T.);
#46=FACE_BOUND('',#1342,.T.);
#47=FACE_BOUND('',#1344,.T.);
#48=FACE_BOUND('',#1345,.T.);
#49=FACE_BOUND('',#1346,.T.);
#50=FACE_BOUND('',#1347,.T.);
#51=FACE_BOUND('',#1348,.T.);
#52=FACE_BOUND('',#1350,.T.);
#53=FACE_BOUND('',#1356,.T.);
#54=FACE_BOUND('',#1367,.T.);
#55=FACE_BOUND('',#1532,.T.);
#56=FACE_BOUND('',#1533,.T.);
#57=FACE_BOUND('',#1534,.T.);
#58=FACE_BOUND('',#1540,.T.);
#59=FACE_BOUND('',#1546,.T.);
#60=FACE_BOUND('',#1547,.T.);
#61=FACE_BOUND('',#1548,.T.);
#62=FACE_BOUND('',#1549,.T.);
#63=FACE_BOUND('',#1558,.T.);
#64=FACE_BOUND('',#1592,.T.);
#65=FACE_BOUND('',#1902,.T.);
#66=FACE_BOUND('',#1903,.T.);
#67=FACE_BOUND('',#1904,.T.);
#68=FACE_BOUND('',#1905,.T.);
#69=FACE_BOUND('',#1906,.T.);
#70=FACE_BOUND('',#1907,.T.);
#71=FACE_BOUND('',#1908,.T.);
#72=FACE_BOUND('',#1909,.T.);
#73=FACE_BOUND('',#1910,.T.);
#74=FACE_BOUND('',#1911,.T.);
#75=FACE_BOUND('',#1912,.T.);
#76=FACE_BOUND('',#1913,.T.);
#77=FACE_BOUND('',#1914,.T.);
#78=FACE_BOUND('',#1915,.T.);
#79=FACE_BOUND('',#1916,.T.);
#80=FACE_BOUND('',#1917,.T.);
#81=FACE_BOUND('',#1918,.T.);
#82=FACE_BOUND('',#1919,.T.);
#83=FACE_BOUND('',#1920,.T.);
#84=FACE_BOUND('',#1921,.T.);
#85=FACE_BOUND('',#1922,.T.);
#86=FACE_BOUND('',#1923,.T.);
#87=FACE_BOUND('',#1924,.T.);
#88=FACE_BOUND('',#1925,.T.);
#89=FACE_BOUND('',#1926,.T.);
#90=FACE_BOUND('',#1928,.T.);
#91=FACE_BOUND('',#1929,.T.);
#92=FACE_BOUND('',#1930,.T.);
#93=FACE_BOUND('',#1931,.T.);
#94=FACE_BOUND('',#1932,.T.);
#95=FACE_BOUND('',#1933,.T.);
#96=FACE_BOUND('',#1934,.T.);
#97=FACE_BOUND('',#1935,.T.);
#98=FACE_BOUND('',#1936,.T.);
#99=FACE_BOUND('',#1937,.T.);
#100=FACE_BOUND('',#1938,.T.);
#101=FACE_BOUND('',#1939,.T.);
#102=FACE_BOUND('',#1940,.T.);
#103=FACE_BOUND('',#1941,.T.);
#104=FACE_BOUND('',#1942,.T.);
#105=FACE_BOUND('',#1943,.T.);
#106=FACE_BOUND('',#1944,.T.);
#107=FACE_BOUND('',#1945,.T.);
#108=FACE_BOUND('',#1946,.T.);
#109=FACE_BOUND('',#1947,.T.);
#110=FACE_BOUND('',#1948,.T.);
#111=FACE_BOUND('',#1949,.T.);
#112=FACE_BOUND('',#1950,.T.);
#113=FACE_BOUND('',#1951,.T.);
#114=FACE_BOUND('',#1952,.T.);
#115=FACE_BOUND('',#1956,.T.);
#116=FACE_BOUND('',#1957,.T.);
#117=FACE_BOUND('',#1958,.T.);
#118=FACE_BOUND('',#1959,.T.);
#119=FACE_BOUND('',#1960,.T.);
#120=FACE_BOUND('',#1961,.T.);
#121=FACE_BOUND('',#1962,.T.);
#122=FACE_BOUND('',#1963,.T.);
#123=FACE_BOUND('',#1964,.T.);
#124=FACE_BOUND('',#1965,.T.);
#125=FACE_BOUND('',#1966,.T.);
#126=FACE_BOUND('',#1967,.T.);
#127=FACE_BOUND('',#1968,.T.);
#128=FACE_BOUND('',#1969,.T.);
#129=FACE_BOUND('',#1971,.T.);
#130=FACE_BOUND('',#1972,.T.);
#131=FACE_BOUND('',#1973,.T.);
#132=FACE_BOUND('',#1974,.T.);
#133=FACE_BOUND('',#1975,.T.);
#134=FACE_BOUND('',#1976,.T.);
#135=FACE_BOUND('',#1977,.T.);
#136=FACE_BOUND('',#1978,.T.);
#137=FACE_BOUND('',#1979,.T.);
#138=FACE_BOUND('',#1980,.T.);
#139=FACE_BOUND('',#2014,.T.);
#140=FACE_BOUND('',#2016,.T.);
#141=FACE_BOUND('',#2018,.T.);
#142=PLANE('',#13303);
#143=PLANE('',#13329);
#144=PLANE('',#13352);
#145=PLANE('',#13359);
#146=PLANE('',#13360);
#147=PLANE('',#13361);
#148=PLANE('',#13362);
#149=PLANE('',#13363);
#150=PLANE('',#13372);
#151=PLANE('',#13373);
#152=PLANE('',#13374);
#153=PLANE('',#13375);
#154=PLANE('',#13376);
#155=PLANE('',#13377);
#156=PLANE('',#13378);
#157=PLANE('',#13379);
#158=PLANE('',#13380);
#159=PLANE('',#13381);
#160=PLANE('',#13382);
#161=PLANE('',#13383);
#162=PLANE('',#13384);
#163=PLANE('',#13385);
#164=PLANE('',#13386);
#165=PLANE('',#13387);
#166=PLANE('',#13388);
#167=PLANE('',#13389);
#168=PLANE('',#13390);
#169=PLANE('',#13391);
#170=PLANE('',#13392);
#171=PLANE('',#13393);
#172=PLANE('',#13394);
#173=PLANE('',#13395);
#174=PLANE('',#13396);
#175=PLANE('',#13413);
#176=PLANE('',#13416);
#177=PLANE('',#13417);
#178=PLANE('',#13420);
#179=PLANE('',#13421);
#180=PLANE('',#13424);
#181=PLANE('',#13425);
#182=PLANE('',#13428);
#183=PLANE('',#13441);
#184=PLANE('',#13442);
#185=PLANE('',#13443);
#186=PLANE('',#13444);
#187=PLANE('',#13447);
#188=PLANE('',#13448);
#189=PLANE('',#13451);
#190=PLANE('',#13452);
#191=PLANE('',#13453);
#192=PLANE('',#13454);
#193=PLANE('',#13462);
#194=PLANE('',#13466);
#195=PLANE('',#13470);
#196=PLANE('',#13474);
#197=PLANE('',#13475);
#198=PLANE('',#13500);
#199=PLANE('',#13514);
#200=PLANE('',#13517);
#201=PLANE('',#13518);
#202=PLANE('',#13522);
#203=PLANE('',#13523);
#204=PLANE('',#13526);
#205=PLANE('',#13527);
#206=PLANE('',#13531);
#207=PLANE('',#13532);
#208=PLANE('',#13535);
#209=PLANE('',#13536);
#210=PLANE('',#13539);
#211=PLANE('',#13540);
#212=PLANE('',#13543);
#213=PLANE('',#13545);
#214=PLANE('',#13546);
#215=PLANE('',#13549);
#216=PLANE('',#13550);
#217=PLANE('',#13553);
#218=PLANE('',#13554);
#219=PLANE('',#13556);
#220=PLANE('',#13558);
#221=PLANE('',#13560);
#222=PLANE('',#13563);
#223=PLANE('',#13565);
#224=PLANE('',#13567);
#225=PLANE('',#13569);
#226=PLANE('',#13571);
#227=PLANE('',#13574);
#228=PLANE('',#13576);
#229=PLANE('',#13578);
#230=PLANE('',#13593);
#231=PLANE('',#13604);
#232=PLANE('',#13612);
#233=PLANE('',#13616);
#234=PLANE('',#13617);
#235=PLANE('',#13618);
#236=PLANE('',#13619);
#237=PLANE('',#13620);
#238=PLANE('',#13627);
#239=PLANE('',#13628);
#240=PLANE('',#13629);
#241=PLANE('',#13644);
#242=PLANE('',#13645);
#243=PLANE('',#13646);
#244=PLANE('',#13647);
#245=PLANE('',#13648);
#246=PLANE('',#13657);
#247=PLANE('',#13658);
#248=PLANE('',#13659);
#249=PLANE('',#13660);
#250=PLANE('',#13661);
#251=PLANE('',#13678);
#252=PLANE('',#13679);
#253=PLANE('',#13680);
#254=PLANE('',#13681);
#255=PLANE('',#13682);
#256=PLANE('',#13683);
#257=PLANE('',#13684);
#258=PLANE('',#13685);
#259=PLANE('',#13718);
#260=PLANE('',#13721);
#261=PLANE('',#13722);
#262=PLANE('',#13725);
#263=PLANE('',#13726);
#264=PLANE('',#13729);
#265=PLANE('',#13730);
#266=PLANE('',#13733);
#267=PLANE('',#13734);
#268=PLANE('',#13735);
#269=PLANE('',#13736);
#270=PLANE('',#13737);
#271=PLANE('',#13738);
#272=PLANE('',#13743);
#273=PLANE('',#13744);
#274=PLANE('',#13745);
#275=PLANE('',#13746);
#276=PLANE('',#13749);
#277=PLANE('',#13750);
#278=PLANE('',#13751);
#279=PLANE('',#13752);
#280=PLANE('',#13761);
#281=PLANE('',#13762);
#282=PLANE('',#13763);
#283=PLANE('',#13764);
#284=PLANE('',#13765);
#285=PLANE('',#13769);
#286=PLANE('',#13770);
#287=PLANE('',#13773);
#288=PLANE('',#13776);
#289=PLANE('',#13777);
#290=PLANE('',#13778);
#291=PLANE('',#13779);
#292=PLANE('',#13780);
#293=PLANE('',#13781);
#294=PLANE('',#13784);
#295=PLANE('',#13785);
#296=PLANE('',#13786);
#297=PLANE('',#13787);
#298=PLANE('',#13788);
#299=PLANE('',#13796);
#300=PLANE('',#13797);
#301=PLANE('',#13798);
#302=PLANE('',#13799);
#303=PLANE('',#13800);
#304=PLANE('',#13801);
#305=PLANE('',#13802);
#306=PLANE('',#13803);
#307=PLANE('',#13819);
#308=PLANE('',#13822);
#309=PLANE('',#13823);
#310=PLANE('',#13826);
#311=PLANE('',#13828);
#312=PLANE('',#13829);
#313=PLANE('',#13832);
#314=PLANE('',#13833);
#315=PLANE('',#13836);
#316=PLANE('',#13837);
#317=PLANE('',#13990);
#318=PLANE('',#13994);
#319=PLANE('',#13998);
#320=PLANE('',#14002);
#321=PLANE('',#14003);
#322=PLANE('',#14004);
#323=PLANE('',#14005);
#324=PLANE('',#14006);
#325=PLANE('',#14007);
#326=PLANE('',#14008);
#327=PLANE('',#14012);
#328=PLANE('',#14013);
#329=PLANE('',#14014);
#330=PLANE('',#14015);
#331=PLANE('',#14016);
#332=PLANE('',#14020);
#333=PLANE('',#14021);
#334=PLANE('',#14022);
#335=PLANE('',#14023);
#336=PLANE('',#14024);
#337=PLANE('',#14028);
#338=PLANE('',#14029);
#339=PLANE('',#14030);
#340=PLANE('',#14031);
#341=PLANE('',#14032);
#342=PLANE('',#14036);
#343=PLANE('',#14037);
#344=PLANE('',#14038);
#345=PLANE('',#14039);
#346=PLANE('',#14040);
#347=PLANE('',#14044);
#348=PLANE('',#14045);
#349=PLANE('',#14046);
#350=PLANE('',#14047);
#351=PLANE('',#14048);
#352=PLANE('',#14052);
#353=PLANE('',#14053);
#354=PLANE('',#14054);
#355=PLANE('',#14055);
#356=PLANE('',#14056);
#357=PLANE('',#14060);
#358=PLANE('',#14061);
#359=PLANE('',#14062);
#360=PLANE('',#14063);
#361=PLANE('',#14064);
#362=PLANE('',#14068);
#363=PLANE('',#14069);
#364=PLANE('',#14070);
#365=PLANE('',#14071);
#366=PLANE('',#14072);
#367=PLANE('',#14076);
#368=PLANE('',#14077);
#369=PLANE('',#14078);
#370=PLANE('',#14079);
#371=PLANE('',#14080);
#372=PLANE('',#14084);
#373=PLANE('',#14085);
#374=PLANE('',#14086);
#375=PLANE('',#14087);
#376=PLANE('',#14088);
#377=PLANE('',#14092);
#378=PLANE('',#14093);
#379=PLANE('',#14094);
#380=PLANE('',#14095);
#381=PLANE('',#14096);
#382=PLANE('',#14100);
#383=PLANE('',#14101);
#384=PLANE('',#14102);
#385=PLANE('',#14103);
#386=PLANE('',#14104);
#387=PLANE('',#14108);
#388=PLANE('',#14109);
#389=PLANE('',#14110);
#390=PLANE('',#14111);
#391=PLANE('',#14112);
#392=PLANE('',#14116);
#393=PLANE('',#14117);
#394=PLANE('',#14118);
#395=PLANE('',#14119);
#396=PLANE('',#14120);
#397=PLANE('',#14124);
#398=PLANE('',#14125);
#399=PLANE('',#14126);
#400=PLANE('',#14127);
#401=PLANE('',#14128);
#402=PLANE('',#14132);
#403=PLANE('',#14133);
#404=PLANE('',#14134);
#405=PLANE('',#14135);
#406=PLANE('',#14136);
#407=PLANE('',#14140);
#408=PLANE('',#14141);
#409=PLANE('',#14142);
#410=PLANE('',#14143);
#411=PLANE('',#14144);
#412=PLANE('',#14148);
#413=PLANE('',#14149);
#414=PLANE('',#14150);
#415=PLANE('',#14151);
#416=PLANE('',#14152);
#417=PLANE('',#14156);
#418=PLANE('',#14157);
#419=PLANE('',#14158);
#420=PLANE('',#14159);
#421=PLANE('',#14160);
#422=PLANE('',#14164);
#423=PLANE('',#14165);
#424=PLANE('',#14166);
#425=PLANE('',#14167);
#426=PLANE('',#14168);
#427=PLANE('',#14172);
#428=PLANE('',#14173);
#429=PLANE('',#14174);
#430=PLANE('',#14175);
#431=PLANE('',#14176);
#432=PLANE('',#14180);
#433=PLANE('',#14181);
#434=PLANE('',#14182);
#435=PLANE('',#14183);
#436=PLANE('',#14184);
#437=PLANE('',#14188);
#438=PLANE('',#14189);
#439=PLANE('',#14190);
#440=PLANE('',#14191);
#441=PLANE('',#14192);
#442=PLANE('',#14193);
#443=PLANE('',#14194);
#444=PLANE('',#14195);
#445=PLANE('',#14196);
#446=PLANE('',#14197);
#447=PLANE('',#14198);
#448=PLANE('',#14199);
#449=PLANE('',#14200);
#450=PLANE('',#14201);
#451=PLANE('',#14202);
#452=PLANE('',#14203);
#453=PLANE('',#14204);
#454=PLANE('',#14205);
#455=PLANE('',#14206);
#456=PLANE('',#14207);
#457=PLANE('',#14208);
#458=PLANE('',#14209);
#459=PLANE('',#14210);
#460=PLANE('',#14211);
#461=PLANE('',#14212);
#462=PLANE('',#14213);
#463=PLANE('',#14214);
#464=PLANE('',#14215);
#465=PLANE('',#14216);
#466=PLANE('',#14217);
#467=PLANE('',#14221);
#468=PLANE('',#14222);
#469=PLANE('',#14229);
#470=PLANE('',#14258);
#471=PLANE('',#14290);
#472=PLANE('',#14293);
#473=PLANE('',#14295);
#474=PLANE('',#14296);
#475=PLANE('',#14297);
#476=PLANE('',#14302);
#477=PLANE('',#14307);
#478=PLANE('',#14308);
#479=PLANE('',#14309);
#480=PLANE('',#14311);
#481=PLANE('',#14317);
#482=PLANE('',#14318);
#483=PLANE('',#14320);
#484=PLANE('',#14323);
#485=PLANE('',#14325);
#486=PLANE('',#14326);
#487=PLANE('',#14327);
#488=PLANE('',#14328);
#489=PLANE('',#14330);
#490=PLANE('',#14331);
#491=PLANE('',#14332);
#492=PLANE('',#14335);
#493=PLANE('',#14336);
#494=PLANE('',#14338);
#495=PLANE('',#14341);
#496=PLANE('',#14343);
#497=PLANE('',#14344);
#498=PLANE('',#14347);
#499=PLANE('',#14348);
#500=PLANE('',#14349);
#501=PLANE('',#14351);
#502=PLANE('',#14356);
#503=PLANE('',#14361);
#504=PLANE('',#14370);
#505=PLANE('',#14371);
#506=PLANE('',#14372);
#507=PLANE('',#14373);
#508=PLANE('',#14374);
#509=PLANE('',#14375);
#510=PLANE('',#14388);
#511=PLANE('',#14389);
#512=PLANE('',#14390);
#513=PLANE('',#14391);
#514=PLANE('',#14392);
#515=PLANE('',#14393);
#516=PLANE('',#14394);
#517=PLANE('',#14395);
#518=PLANE('',#14396);
#519=PLANE('',#14397);
#520=PLANE('',#14398);
#521=PLANE('',#14399);
#522=PLANE('',#14400);
#523=PLANE('',#14401);
#524=PLANE('',#14402);
#525=PLANE('',#14403);
#526=PLANE('',#14404);
#527=PLANE('',#14405);
#528=PLANE('',#14406);
#529=PLANE('',#14407);
#530=PLANE('',#14408);
#531=PLANE('',#14409);
#532=PLANE('',#14410);
#533=PLANE('',#14411);
#534=PLANE('',#14412);
#535=PLANE('',#14413);
#536=PLANE('',#14414);
#537=PLANE('',#14415);
#538=PLANE('',#14416);
#539=PLANE('',#14417);
#540=PLANE('',#14418);
#541=PLANE('',#14419);
#542=PLANE('',#14456);
#543=PLANE('',#14460);
#544=PLANE('',#14462);
#545=PLANE('',#14467);
#546=B_SPLINE_CURVE_WITH_KNOTS('',3,(#18291,#18292,#18293,#18294,#18295,
#18296,#18297,#18298),.UNSPECIFIED.,.F.,.F.,(4,2,2,4),(1.57610518294542,
1.60991657130668,1.67428542688814,1.67831551708452),.UNSPECIFIED.);
#547=B_SPLINE_CURVE_WITH_KNOTS('',3,(#18314,#18315,#18316,#18317,#18318,
#18319,#18320,#18321),.UNSPECIFIED.,.F.,.F.,(4,2,2,4),(-1.93218329326005,
-1.90779881773541,-1.84998673234948,-1.8126220929507),.UNSPECIFIED.);
#548=B_SPLINE_CURVE_WITH_KNOTS('',3,(#21293,#21294,#21295,#21296,#21297,
#21298,#21299,#21300,#21301,#21302,#21303,#21304),.UNSPECIFIED.,.F.,.F.,
(4,2,2,2,2,4),(0.282752566133415,0.329286313257371,0.375820060381326,0.427866926577693,
0.496686029422261,0.56550513226683),.UNSPECIFIED.);
#549=B_SPLINE_CURVE_WITH_KNOTS('',3,(#21308,#21309,#21310,#21311,#21312,
#21313,#21314,#21315,#21316,#21317,#21318,#21319),.UNSPECIFIED.,.F.,.F.,
(4,2,2,2,2,4),(0.565505132266827,0.634324235111395,0.703143337955963,0.75519020415233,
0.801723951276285,0.848257698400241),.UNSPECIFIED.);
#550=B_SPLINE_CURVE_WITH_KNOTS('',3,(#21327,#21328,#21329,#21330,#21331,
#21332),.UNSPECIFIED.,.F.,.F.,(4,2,4),(1.04475513022953,1.06219116168909,
1.13101026453366),.UNSPECIFIED.);
#551=B_SPLINE_CURVE_WITH_KNOTS('',3,(#21336,#21337,#21338,#21339,#21340,
#21341),.UNSPECIFIED.,.F.,.F.,(4,2,4),(3.55271367880053E-15,0.0688191028445692,
0.0862551343041302),.UNSPECIFIED.);
#552=B_SPLINE_CURVE_WITH_KNOTS('',3,(#21346,#21347,#21348,#21349,#21350,
#21351,#21352,#21353,#21354,#21355,#21356,#21357),.UNSPECIFIED.,.F.,.F.,
(4,2,2,2,2,4),(0.848257698400236,0.894791445524191,0.941325192648146,0.993372058844512,
1.06219116168908,1.13101026453365),.UNSPECIFIED.);
#553=B_SPLINE_CURVE_WITH_KNOTS('',3,(#21361,#21362,#21363,#21364,#21365,
#21366,#21367,#21368,#21369,#21370,#21371,#21372),.UNSPECIFIED.,.F.,.F.,
(4,2,2,2,2,4),(0.,0.068819102844567,0.137638205689134,0.1896850718855,0.236218819009455,
0.28275256613341),.UNSPECIFIED.);
#554=B_SPLINE_CURVE_WITH_KNOTS('',3,(#21380,#21381,#21382,#21383,#21384,
#21385),.UNSPECIFIED.,.F.,.F.,(4,2,4),(0.479249997962697,0.496686029422256,
0.565505132266821),.UNSPECIFIED.);
#555=B_SPLINE_CURVE_WITH_KNOTS('',3,(#21389,#21390,#21391,#21392,#21393,
#21394),.UNSPECIFIED.,.F.,.F.,(4,2,4),(0.56550513226682,0.63432423511139,
0.651760266570944),.UNSPECIFIED.);
#556=B_SPLINE_CURVE_WITH_KNOTS('',3,(#21647,#21648,#21649,#21650),
 .UNSPECIFIED.,.F.,.F.,(4,4),(2.6645352591003E-15,0.044076266554727),
 .UNSPECIFIED.);
#557=B_SPLINE_CURVE_WITH_KNOTS('',3,(#21655,#21656,#21657,#21658,#21659,
#21660,#21661,#21662,#21663,#21664,#21665,#21666,#21667,#21668,#21669,#21670),
 .UNSPECIFIED.,.F.,.F.,(4,2,2,2,2,2,2,4),(0.224208202461995,0.266499912142912,
0.308791621823829,0.33044858764695,0.352105553470071,0.376183266333551,
0.400260979197031,0.44841640492399),.UNSPECIFIED.);
#558=B_SPLINE_CURVE_WITH_KNOTS('',3,(#21673,#21674,#21675,#21676,#21677,
#21678,#21679,#21680,#21681,#21682,#21683,#21684,#21685,#21686,#21687,#21688),
 .UNSPECIFIED.,.F.,.F.,(4,2,2,2,2,2,2,4),(0.448416404923993,0.496571830650952,
0.520649543514432,0.544727256377912,0.566384222201033,0.588041188024154,
0.630332897705071,0.672624607385988),.UNSPECIFIED.);
#559=B_SPLINE_CURVE_WITH_KNOTS('',3,(#21690,#21691,#21692,#21693,#21694,
#21695,#21696,#21697,#21698,#21699,#21700,#21701,#21702,#21703,#21704,#21705),
 .UNSPECIFIED.,.F.,.F.,(4,2,2,2,2,2,2,4),(0.224208202461997,0.266499912142914,
0.308791621823831,0.330448587646951,0.352105553470072,0.376183266333552,
0.400260979197033,0.448416404923993),.UNSPECIFIED.);
#560=B_SPLINE_CURVE_WITH_KNOTS('',3,(#21708,#21709,#21710,#21711,#21712,
#21713,#21714,#21715,#21716,#21717,#21718,#21719,#21720,#21721,#21722,#21723),
 .UNSPECIFIED.,.F.,.F.,(4,2,2,2,2,2,2,4),(0.44841640492399,0.49657183065095,
0.52064954351443,0.544727256377911,0.566384222201031,0.588041188024152,
0.630332897705069,0.672624607385986),.UNSPECIFIED.);
#561=B_SPLINE_CURVE_WITH_KNOTS('',3,(#21729,#21730,#21731,#21732),
 .UNSPECIFIED.,.F.,.F.,(4,4),(0.85275654329326,0.896832809847985),
 .UNSPECIFIED.);
#562=B_SPLINE_CURVE_WITH_KNOTS('',3,(#21736,#21737,#21738,#21739),
 .UNSPECIFIED.,.F.,.F.,(4,4),(3.55271367880045E-15,0.0440762665547258),
 .UNSPECIFIED.);
#563=B_SPLINE_CURVE_WITH_KNOTS('',3,(#21742,#21743,#21744,#21745),
 .UNSPECIFIED.,.F.,.F.,(4,4),(0.852756543293262,0.896832809847986),
 .UNSPECIFIED.);
#564=B_SPLINE_CURVE_WITH_KNOTS('',3,(#21840,#21841,#21842,#21843,#21844,
#21845,#21846,#21847,#21848,#21849,#21850,#21851,#21852,#21853,#21854,#21855),
 .UNSPECIFIED.,.F.,.F.,(4,2,2,2,2,2,2,4),(0.672624607385973,0.714916317066889,
0.757208026747805,0.778864992570925,0.800521958394046,0.824599671257526,
0.848677384121005,0.896832809847965),.UNSPECIFIED.);
#565=B_SPLINE_CURVE_WITH_KNOTS('',3,(#21858,#21859,#21860,#21861,#21862,
#21863,#21864,#21865,#21866,#21867,#21868,#21869,#21870,#21871,#21872,#21873),
 .UNSPECIFIED.,.F.,.F.,(4,2,2,2,2,2,2,4),(0.,0.0481554257269588,0.0722331385904383,
0.0963108514539177,0.117967817277038,0.139624783100158,0.181916492781073,
0.224208202461989),.UNSPECIFIED.);
#566=B_SPLINE_CURVE_WITH_KNOTS('',3,(#21875,#21876,#21877,#21878,#21879,
#21880,#21881,#21882,#21883,#21884,#21885,#21886,#21887,#21888,#21889,#21890),
 .UNSPECIFIED.,.F.,.F.,(4,2,2,2,2,2,2,4),(0.672624607385977,0.714916317066893,
0.75720802674781,0.77886499257093,0.80052195839405,0.82459967125753,0.84867738412101,
0.89683280984797),.UNSPECIFIED.);
#567=B_SPLINE_CURVE_WITH_KNOTS('',3,(#21893,#21894,#21895,#21896,#21897,
#21898,#21899,#21900,#21901,#21902,#21903,#21904,#21905,#21906,#21907,#21908),
 .UNSPECIFIED.,.F.,.F.,(4,2,2,2,2,2,2,4),(0.,0.0481554257269599,0.0722331385904398,
0.0963108514539198,0.11796781727704,0.13962478310016,0.181916492781077,
0.224208202461993),.UNSPECIFIED.);
#568=B_SPLINE_CURVE_WITH_KNOTS('',3,(#21914,#21915,#21916,#21917),
 .UNSPECIFIED.,.F.,.F.,(4,4),(0.404340138369267,0.448416404923981),
 .UNSPECIFIED.);
#569=B_SPLINE_CURVE_WITH_KNOTS('',3,(#21920,#21921,#21922,#21923),
 .UNSPECIFIED.,.F.,.F.,(4,4),(0.448416404923982,0.4924926714787),
 .UNSPECIFIED.);
#570=B_SPLINE_CURVE_WITH_KNOTS('',3,(#21925,#21926,#21927,#21928),
 .UNSPECIFIED.,.F.,.F.,(4,4),(0.404340138369266,0.448416404923978),
 .UNSPECIFIED.);
#571=B_SPLINE_CURVE_WITH_KNOTS('',3,(#21931,#21932,#21933,#21934),
 .UNSPECIFIED.,.F.,.F.,(4,4),(0.448416404923977,0.49249267147869),
 .UNSPECIFIED.);
#572=CONICAL_SURFACE('',#13269,1.3,0.78539816339745);
#573=CONICAL_SURFACE('',#13273,1.3,0.78539816339745);
#574=CONICAL_SURFACE('',#13277,1.3,0.78539816339745);
#575=CONICAL_SURFACE('',#13283,1.3,0.785398163397453);
#576=CONICAL_SURFACE('',#13414,1.5,0.785398163397446);
#577=CONICAL_SURFACE('',#13415,1.5,0.785398163397444);
#578=CONICAL_SURFACE('',#13418,1.5,0.785398163397445);
#579=CONICAL_SURFACE('',#13419,1.5,0.785398163397445);
#580=CONICAL_SURFACE('',#13422,1.49999999999998,0.785398163397446);
#581=CONICAL_SURFACE('',#13423,1.49999999999999,0.785398163397445);
#582=CONICAL_SURFACE('',#13426,1.49999999999999,0.785398163397444);
#583=CONICAL_SURFACE('',#13427,1.49999999999999,0.785398163397445);
#584=CONICAL_SURFACE('',#13515,0.800000000000002,0.785398163397449);
#585=CONICAL_SURFACE('',#13516,0.800000000000002,0.785398163397449);
#586=CONICAL_SURFACE('',#13519,0.699999999999999,0.785398163397447);
#587=CONICAL_SURFACE('',#13520,0.800000000000002,0.785398163397449);
#588=CONICAL_SURFACE('',#13521,1.3,0.78539816339745);
#589=CONICAL_SURFACE('',#13524,0.800000000000002,0.785398163397448);
#590=CONICAL_SURFACE('',#13525,0.699999999999999,0.785398163397447);
#591=CONICAL_SURFACE('',#13528,0.699999999999999,0.785398163397449);
#592=CONICAL_SURFACE('',#13529,1.3,0.78539816339745);
#593=CONICAL_SURFACE('',#13530,1.3,0.785398163397448);
#594=CONICAL_SURFACE('',#13533,1.3,0.785398163397448);
#595=CONICAL_SURFACE('',#13534,0.699999999999999,0.785398163397448);
#596=CONICAL_SURFACE('',#13537,0.499999999999996,0.785398163397448);
#597=CONICAL_SURFACE('',#13538,0.5,0.785398163397448);
#598=CONICAL_SURFACE('',#13541,0.500000000000003,0.785398163397448);
#599=CONICAL_SURFACE('',#13542,0.5,0.785398163397449);
#600=CONICAL_SURFACE('',#13544,1.30000000000001,0.78539816339745);
#601=CONICAL_SURFACE('',#13547,1.30000000000001,0.78539816339745);
#602=CONICAL_SURFACE('',#13548,1.30000000000001,0.78539816339745);
#603=CONICAL_SURFACE('',#13551,1.30000000000001,0.78539816339745);
#604=CONICAL_SURFACE('',#13552,1.60000000000003,0.785398163397443);
#605=CONICAL_SURFACE('',#13555,1.6,0.785398163397443);
#606=CONICAL_SURFACE('',#13557,1.,0.785398163397448);
#607=CONICAL_SURFACE('',#13559,1.,0.785398163397449);
#608=CONICAL_SURFACE('',#13561,0.5,0.785398163397447);
#609=CONICAL_SURFACE('',#13562,1.5,0.785398163397449);
#610=CONICAL_SURFACE('',#13564,0.5,0.785398163397447);
#611=CONICAL_SURFACE('',#13566,1.5,0.785398163397449);
#612=CONICAL_SURFACE('',#13568,1.5,0.785398163397449);
#613=CONICAL_SURFACE('',#13570,0.5,0.785398163397447);
#614=CONICAL_SURFACE('',#13572,1.5,0.785398163397449);
#615=CONICAL_SURFACE('',#13573,0.5,0.785398163397448);
#616=CONICAL_SURFACE('',#13575,1.,0.785398163397449);
#617=CONICAL_SURFACE('',#13577,1.,0.785398163397449);
#618=CONICAL_SURFACE('',#13719,1.49999999999998,0.785398163397452);
#619=CONICAL_SURFACE('',#13720,1.49999999999998,0.785398163397451);
#620=CONICAL_SURFACE('',#13723,1.49999999999998,0.785398163397452);
#621=CONICAL_SURFACE('',#13724,1.49999999999998,0.785398163397452);
#622=CONICAL_SURFACE('',#13727,1.5,0.785398163397446);
#623=CONICAL_SURFACE('',#13728,1.5,0.785398163397444);
#624=CONICAL_SURFACE('',#13731,1.5,0.785398163397445);
#625=CONICAL_SURFACE('',#13732,1.5,0.785398163397445);
#626=CONICAL_SURFACE('',#13820,1.39999999999999,0.785398163397449);
#627=CONICAL_SURFACE('',#13821,1.39999999999999,0.785398163397448);
#628=CONICAL_SURFACE('',#13824,1.39999999999999,0.785398163397448);
#629=CONICAL_SURFACE('',#13825,1.39999999999999,0.785398163397448);
#630=CONICAL_SURFACE('',#13827,1.69999999999998,0.785398163397442);
#631=CONICAL_SURFACE('',#13830,1.69999999999998,0.785398163397444);
#632=CONICAL_SURFACE('',#13831,4.89999999999999,0.78539816339745);
#633=CONICAL_SURFACE('',#13834,4.89999999999999,0.785398163397446);
#634=CONICAL_SURFACE('',#13835,4.89999999999999,0.78539816339745);
#635=CONICAL_SURFACE('',#13838,4.89999999999999,0.785398163397449);
#636=FACE_OUTER_BOUND('',#1323,.T.);
#637=FACE_OUTER_BOUND('',#1324,.T.);
#638=FACE_OUTER_BOUND('',#1325,.T.);
#639=FACE_OUTER_BOUND('',#1326,.T.);
#640=FACE_OUTER_BOUND('',#1327,.T.);
#641=FACE_OUTER_BOUND('',#1328,.T.);
#642=FACE_OUTER_BOUND('',#1329,.T.);
#643=FACE_OUTER_BOUND('',#1330,.T.);
#644=FACE_OUTER_BOUND('',#1331,.T.);
#645=FACE_OUTER_BOUND('',#1332,.T.);
#646=FACE_OUTER_BOUND('',#1333,.T.);
#647=FACE_OUTER_BOUND('',#1334,.T.);
#648=FACE_OUTER_BOUND('',#1343,.T.);
#649=FACE_OUTER_BOUND('',#1349,.T.);
#650=FACE_OUTER_BOUND('',#1351,.T.);
#651=FACE_OUTER_BOUND('',#1352,.T.);
#652=FACE_OUTER_BOUND('',#1353,.T.);
#653=FACE_OUTER_BOUND('',#1354,.T.);
#654=FACE_OUTER_BOUND('',#1355,.T.);
#655=FACE_OUTER_BOUND('',#1357,.T.);
#656=FACE_OUTER_BOUND('',#1358,.T.);
#657=FACE_OUTER_BOUND('',#1359,.T.);
#658=FACE_OUTER_BOUND('',#1360,.T.);
#659=FACE_OUTER_BOUND('',#1361,.T.);
#660=FACE_OUTER_BOUND('',#1362,.T.);
#661=FACE_OUTER_BOUND('',#1363,.T.);
#662=FACE_OUTER_BOUND('',#1364,.T.);
#663=FACE_OUTER_BOUND('',#1365,.T.);
#664=FACE_OUTER_BOUND('',#1366,.T.);
#665=FACE_OUTER_BOUND('',#1368,.T.);
#666=FACE_OUTER_BOUND('',#1369,.T.);
#667=FACE_OUTER_BOUND('',#1370,.T.);
#668=FACE_OUTER_BOUND('',#1371,.T.);
#669=FACE_OUTER_BOUND('',#1372,.T.);
#670=FACE_OUTER_BOUND('',#1373,.T.);
#671=FACE_OUTER_BOUND('',#1374,.T.);
#672=FACE_OUTER_BOUND('',#1375,.T.);
#673=FACE_OUTER_BOUND('',#1376,.T.);
#674=FACE_OUTER_BOUND('',#1377,.T.);
#675=FACE_OUTER_BOUND('',#1378,.T.);
#676=FACE_OUTER_BOUND('',#1379,.T.);
#677=FACE_OUTER_BOUND('',#1380,.T.);
#678=FACE_OUTER_BOUND('',#1381,.T.);
#679=FACE_OUTER_BOUND('',#1382,.T.);
#680=FACE_OUTER_BOUND('',#1383,.T.);
#681=FACE_OUTER_BOUND('',#1384,.T.);
#682=FACE_OUTER_BOUND('',#1385,.T.);
#683=FACE_OUTER_BOUND('',#1386,.T.);
#684=FACE_OUTER_BOUND('',#1387,.T.);
#685=FACE_OUTER_BOUND('',#1388,.T.);
#686=FACE_OUTER_BOUND('',#1389,.T.);
#687=FACE_OUTER_BOUND('',#1390,.T.);
#688=FACE_OUTER_BOUND('',#1391,.T.);
#689=FACE_OUTER_BOUND('',#1392,.T.);
#690=FACE_OUTER_BOUND('',#1393,.T.);
#691=FACE_OUTER_BOUND('',#1394,.T.);
#692=FACE_OUTER_BOUND('',#1395,.T.);
#693=FACE_OUTER_BOUND('',#1396,.T.);
#694=FACE_OUTER_BOUND('',#1397,.T.);
#695=FACE_OUTER_BOUND('',#1398,.T.);
#696=FACE_OUTER_BOUND('',#1399,.T.);
#697=FACE_OUTER_BOUND('',#1400,.T.);
#698=FACE_OUTER_BOUND('',#1401,.T.);
#699=FACE_OUTER_BOUND('',#1402,.T.);
#700=FACE_OUTER_BOUND('',#1403,.T.);
#701=FACE_OUTER_BOUND('',#1404,.T.);
#702=FACE_OUTER_BOUND('',#1405,.T.);
#703=FACE_OUTER_BOUND('',#1406,.T.);
#704=FACE_OUTER_BOUND('',#1407,.T.);
#705=FACE_OUTER_BOUND('',#1408,.T.);
#706=FACE_OUTER_BOUND('',#1409,.T.);
#707=FACE_OUTER_BOUND('',#1410,.T.);
#708=FACE_OUTER_BOUND('',#1411,.T.);
#709=FACE_OUTER_BOUND('',#1412,.T.);
#710=FACE_OUTER_BOUND('',#1413,.T.);
#711=FACE_OUTER_BOUND('',#1414,.T.);
#712=FACE_OUTER_BOUND('',#1415,.T.);
#713=FACE_OUTER_BOUND('',#1416,.T.);
#714=FACE_OUTER_BOUND('',#1417,.T.);
#715=FACE_OUTER_BOUND('',#1418,.T.);
#716=FACE_OUTER_BOUND('',#1419,.T.);
#717=FACE_OUTER_BOUND('',#1420,.T.);
#718=FACE_OUTER_BOUND('',#1421,.T.);
#719=FACE_OUTER_BOUND('',#1422,.T.);
#720=FACE_OUTER_BOUND('',#1423,.T.);
#721=FACE_OUTER_BOUND('',#1424,.T.);
#722=FACE_OUTER_BOUND('',#1425,.T.);
#723=FACE_OUTER_BOUND('',#1426,.T.);
#724=FACE_OUTER_BOUND('',#1427,.T.);
#725=FACE_OUTER_BOUND('',#1428,.T.);
#726=FACE_OUTER_BOUND('',#1429,.T.);
#727=FACE_OUTER_BOUND('',#1430,.T.);
#728=FACE_OUTER_BOUND('',#1431,.T.);
#729=FACE_OUTER_BOUND('',#1432,.T.);
#730=FACE_OUTER_BOUND('',#1433,.T.);
#731=FACE_OUTER_BOUND('',#1434,.T.);
#732=FACE_OUTER_BOUND('',#1435,.T.);
#733=FACE_OUTER_BOUND('',#1436,.T.);
#734=FACE_OUTER_BOUND('',#1437,.T.);
#735=FACE_OUTER_BOUND('',#1438,.T.);
#736=FACE_OUTER_BOUND('',#1439,.T.);
#737=FACE_OUTER_BOUND('',#1440,.T.);
#738=FACE_OUTER_BOUND('',#1441,.T.);
#739=FACE_OUTER_BOUND('',#1442,.T.);
#740=FACE_OUTER_BOUND('',#1443,.T.);
#741=FACE_OUTER_BOUND('',#1444,.T.);
#742=FACE_OUTER_BOUND('',#1445,.T.);
#743=FACE_OUTER_BOUND('',#1446,.T.);
#744=FACE_OUTER_BOUND('',#1447,.T.);
#745=FACE_OUTER_BOUND('',#1448,.T.);
#746=FACE_OUTER_BOUND('',#1449,.T.);
#747=FACE_OUTER_BOUND('',#1450,.T.);
#748=FACE_OUTER_BOUND('',#1451,.T.);
#749=FACE_OUTER_BOUND('',#1452,.T.);
#750=FACE_OUTER_BOUND('',#1453,.T.);
#751=FACE_OUTER_BOUND('',#1454,.T.);
#752=FACE_OUTER_BOUND('',#1455,.T.);
#753=FACE_OUTER_BOUND('',#1456,.T.);
#754=FACE_OUTER_BOUND('',#1457,.T.);
#755=FACE_OUTER_BOUND('',#1458,.T.);
#756=FACE_OUTER_BOUND('',#1459,.T.);
#757=FACE_OUTER_BOUND('',#1460,.T.);
#758=FACE_OUTER_BOUND('',#1461,.T.);
#759=FACE_OUTER_BOUND('',#1462,.T.);
#760=FACE_OUTER_BOUND('',#1463,.T.);
#761=FACE_OUTER_BOUND('',#1464,.T.);
#762=FACE_OUTER_BOUND('',#1465,.T.);
#763=FACE_OUTER_BOUND('',#1466,.T.);
#764=FACE_OUTER_BOUND('',#1467,.T.);
#765=FACE_OUTER_BOUND('',#1468,.T.);
#766=FACE_OUTER_BOUND('',#1469,.T.);
#767=FACE_OUTER_BOUND('',#1470,.T.);
#768=FACE_OUTER_BOUND('',#1471,.T.);
#769=FACE_OUTER_BOUND('',#1472,.T.);
#770=FACE_OUTER_BOUND('',#1473,.T.);
#771=FACE_OUTER_BOUND('',#1474,.T.);
#772=FACE_OUTER_BOUND('',#1475,.T.);
#773=FACE_OUTER_BOUND('',#1476,.T.);
#774=FACE_OUTER_BOUND('',#1477,.T.);
#775=FACE_OUTER_BOUND('',#1478,.T.);
#776=FACE_OUTER_BOUND('',#1479,.T.);
#777=FACE_OUTER_BOUND('',#1480,.T.);
#778=FACE_OUTER_BOUND('',#1481,.T.);
#779=FACE_OUTER_BOUND('',#1482,.T.);
#780=FACE_OUTER_BOUND('',#1483,.T.);
#781=FACE_OUTER_BOUND('',#1484,.T.);
#782=FACE_OUTER_BOUND('',#1485,.T.);
#783=FACE_OUTER_BOUND('',#1486,.T.);
#784=FACE_OUTER_BOUND('',#1487,.T.);
#785=FACE_OUTER_BOUND('',#1488,.T.);
#786=FACE_OUTER_BOUND('',#1489,.T.);
#787=FACE_OUTER_BOUND('',#1490,.T.);
#788=FACE_OUTER_BOUND('',#1491,.T.);
#789=FACE_OUTER_BOUND('',#1492,.T.);
#790=FACE_OUTER_BOUND('',#1493,.T.);
#791=FACE_OUTER_BOUND('',#1494,.T.);
#792=FACE_OUTER_BOUND('',#1495,.T.);
#793=FACE_OUTER_BOUND('',#1496,.T.);
#794=FACE_OUTER_BOUND('',#1497,.T.);
#795=FACE_OUTER_BOUND('',#1498,.T.);
#796=FACE_OUTER_BOUND('',#1499,.T.);
#797=FACE_OUTER_BOUND('',#1500,.T.);
#798=FACE_OUTER_BOUND('',#1501,.T.);
#799=FACE_OUTER_BOUND('',#1502,.T.);
#800=FACE_OUTER_BOUND('',#1503,.T.);
#801=FACE_OUTER_BOUND('',#1504,.T.);
#802=FACE_OUTER_BOUND('',#1505,.T.);
#803=FACE_OUTER_BOUND('',#1506,.T.);
#804=FACE_OUTER_BOUND('',#1507,.T.);
#805=FACE_OUTER_BOUND('',#1508,.T.);
#806=FACE_OUTER_BOUND('',#1509,.T.);
#807=FACE_OUTER_BOUND('',#1510,.T.);
#808=FACE_OUTER_BOUND('',#1511,.T.);
#809=FACE_OUTER_BOUND('',#1512,.T.);
#810=FACE_OUTER_BOUND('',#1513,.T.);
#811=FACE_OUTER_BOUND('',#1514,.T.);
#812=FACE_OUTER_BOUND('',#1515,.T.);
#813=FACE_OUTER_BOUND('',#1516,.T.);
#814=FACE_OUTER_BOUND('',#1517,.T.);
#815=FACE_OUTER_BOUND('',#1518,.T.);
#816=FACE_OUTER_BOUND('',#1519,.T.);
#817=FACE_OUTER_BOUND('',#1520,.T.);
#818=FACE_OUTER_BOUND('',#1521,.T.);
#819=FACE_OUTER_BOUND('',#1522,.T.);
#820=FACE_OUTER_BOUND('',#1523,.T.);
#821=FACE_OUTER_BOUND('',#1524,.T.);
#822=FACE_OUTER_BOUND('',#1525,.T.);
#823=FACE_OUTER_BOUND('',#1526,.T.);
#824=FACE_OUTER_BOUND('',#1527,.T.);
#825=FACE_OUTER_BOUND('',#1528,.T.);
#826=FACE_OUTER_BOUND('',#1529,.T.);
#827=FACE_OUTER_BOUND('',#1530,.T.);
#828=FACE_OUTER_BOUND('',#1531,.T.);
#829=FACE_OUTER_BOUND('',#1535,.T.);
#830=FACE_OUTER_BOUND('',#1536,.T.);
#831=FACE_OUTER_BOUND('',#1537,.T.);
#832=FACE_OUTER_BOUND('',#1538,.T.);
#833=FACE_OUTER_BOUND('',#1539,.T.);
#834=FACE_OUTER_BOUND('',#1541,.T.);
#835=FACE_OUTER_BOUND('',#1542,.T.);
#836=FACE_OUTER_BOUND('',#1543,.T.);
#837=FACE_OUTER_BOUND('',#1544,.T.);
#838=FACE_OUTER_BOUND('',#1545,.T.);
#839=FACE_OUTER_BOUND('',#1550,.T.);
#840=FACE_OUTER_BOUND('',#1551,.T.);
#841=FACE_OUTER_BOUND('',#1552,.T.);
#842=FACE_OUTER_BOUND('',#1553,.T.);
#843=FACE_OUTER_BOUND('',#1554,.T.);
#844=FACE_OUTER_BOUND('',#1555,.T.);
#845=FACE_OUTER_BOUND('',#1556,.T.);
#846=FACE_OUTER_BOUND('',#1557,.T.);
#847=FACE_OUTER_BOUND('',#1559,.T.);
#848=FACE_OUTER_BOUND('',#1560,.T.);
#849=FACE_OUTER_BOUND('',#1561,.T.);
#850=FACE_OUTER_BOUND('',#1562,.T.);
#851=FACE_OUTER_BOUND('',#1563,.T.);
#852=FACE_OUTER_BOUND('',#1564,.T.);
#853=FACE_OUTER_BOUND('',#1565,.T.);
#854=FACE_OUTER_BOUND('',#1566,.T.);
#855=FACE_OUTER_BOUND('',#1567,.T.);
#856=FACE_OUTER_BOUND('',#1568,.T.);
#857=FACE_OUTER_BOUND('',#1569,.T.);
#858=FACE_OUTER_BOUND('',#1570,.T.);
#859=FACE_OUTER_BOUND('',#1571,.T.);
#860=FACE_OUTER_BOUND('',#1572,.T.);
#861=FACE_OUTER_BOUND('',#1573,.T.);
#862=FACE_OUTER_BOUND('',#1574,.T.);
#863=FACE_OUTER_BOUND('',#1575,.T.);
#864=FACE_OUTER_BOUND('',#1576,.T.);
#865=FACE_OUTER_BOUND('',#1577,.T.);
#866=FACE_OUTER_BOUND('',#1578,.T.);
#867=FACE_OUTER_BOUND('',#1579,.T.);
#868=FACE_OUTER_BOUND('',#1580,.T.);
#869=FACE_OUTER_BOUND('',#1581,.T.);
#870=FACE_OUTER_BOUND('',#1582,.T.);
#871=FACE_OUTER_BOUND('',#1583,.T.);
#872=FACE_OUTER_BOUND('',#1584,.T.);
#873=FACE_OUTER_BOUND('',#1585,.T.);
#874=FACE_OUTER_BOUND('',#1586,.T.);
#875=FACE_OUTER_BOUND('',#1587,.T.);
#876=FACE_OUTER_BOUND('',#1588,.T.);
#877=FACE_OUTER_BOUND('',#1589,.T.);
#878=FACE_OUTER_BOUND('',#1590,.T.);
#879=FACE_OUTER_BOUND('',#1591,.T.);
#880=FACE_OUTER_BOUND('',#1593,.T.);
#881=FACE_OUTER_BOUND('',#1594,.T.);
#882=FACE_OUTER_BOUND('',#1595,.T.);
#883=FACE_OUTER_BOUND('',#1596,.T.);
#884=FACE_OUTER_BOUND('',#1597,.T.);
#885=FACE_OUTER_BOUND('',#1598,.T.);
#886=FACE_OUTER_BOUND('',#1599,.T.);
#887=FACE_OUTER_BOUND('',#1600,.T.);
#888=FACE_OUTER_BOUND('',#1601,.T.);
#889=FACE_OUTER_BOUND('',#1602,.T.);
#890=FACE_OUTER_BOUND('',#1603,.T.);
#891=FACE_OUTER_BOUND('',#1604,.T.);
#892=FACE_OUTER_BOUND('',#1605,.T.);
#893=FACE_OUTER_BOUND('',#1606,.T.);
#894=FACE_OUTER_BOUND('',#1607,.T.);
#895=FACE_OUTER_BOUND('',#1608,.T.);
#896=FACE_OUTER_BOUND('',#1609,.T.);
#897=FACE_OUTER_BOUND('',#1610,.T.);
#898=FACE_OUTER_BOUND('',#1611,.T.);
#899=FACE_OUTER_BOUND('',#1612,.T.);
#900=FACE_OUTER_BOUND('',#1613,.T.);
#901=FACE_OUTER_BOUND('',#1614,.T.);
#902=FACE_OUTER_BOUND('',#1615,.T.);
#903=FACE_OUTER_BOUND('',#1616,.T.);
#904=FACE_OUTER_BOUND('',#1617,.T.);
#905=FACE_OUTER_BOUND('',#1618,.T.);
#906=FACE_OUTER_BOUND('',#1619,.T.);
#907=FACE_OUTER_BOUND('',#1620,.T.);
#908=FACE_OUTER_BOUND('',#1621,.T.);
#909=FACE_OUTER_BOUND('',#1622,.T.);
#910=FACE_OUTER_BOUND('',#1623,.T.);
#911=FACE_OUTER_BOUND('',#1624,.T.);
#912=FACE_OUTER_BOUND('',#1625,.T.);
#913=FACE_OUTER_BOUND('',#1626,.T.);
#914=FACE_OUTER_BOUND('',#1627,.T.);
#915=FACE_OUTER_BOUND('',#1628,.T.);
#916=FACE_OUTER_BOUND('',#1629,.T.);
#917=FACE_OUTER_BOUND('',#1630,.T.);
#918=FACE_OUTER_BOUND('',#1631,.T.);
#919=FACE_OUTER_BOUND('',#1632,.T.);
#920=FACE_OUTER_BOUND('',#1633,.T.);
#921=FACE_OUTER_BOUND('',#1634,.T.);
#922=FACE_OUTER_BOUND('',#1635,.T.);
#923=FACE_OUTER_BOUND('',#1636,.T.);
#924=FACE_OUTER_BOUND('',#1637,.T.);
#925=FACE_OUTER_BOUND('',#1638,.T.);
#926=FACE_OUTER_BOUND('',#1639,.T.);
#927=FACE_OUTER_BOUND('',#1640,.T.);
#928=FACE_OUTER_BOUND('',#1641,.T.);
#929=FACE_OUTER_BOUND('',#1642,.T.);
#930=FACE_OUTER_BOUND('',#1643,.T.);
#931=FACE_OUTER_BOUND('',#1644,.T.);
#932=FACE_OUTER_BOUND('',#1645,.T.);
#933=FACE_OUTER_BOUND('',#1646,.T.);
#934=FACE_OUTER_BOUND('',#1647,.T.);
#935=FACE_OUTER_BOUND('',#1648,.T.);
#936=FACE_OUTER_BOUND('',#1649,.T.);
#937=FACE_OUTER_BOUND('',#1650,.T.);
#938=FACE_OUTER_BOUND('',#1651,.T.);
#939=FACE_OUTER_BOUND('',#1652,.T.);
#940=FACE_OUTER_BOUND('',#1653,.T.);
#941=FACE_OUTER_BOUND('',#1654,.T.);
#942=FACE_OUTER_BOUND('',#1655,.T.);
#943=FACE_OUTER_BOUND('',#1656,.T.);
#944=FACE_OUTER_BOUND('',#1657,.T.);
#945=FACE_OUTER_BOUND('',#1658,.T.);
#946=FACE_OUTER_BOUND('',#1659,.T.);
#947=FACE_OUTER_BOUND('',#1660,.T.);
#948=FACE_OUTER_BOUND('',#1661,.T.);
#949=FACE_OUTER_BOUND('',#1662,.T.);
#950=FACE_OUTER_BOUND('',#1663,.T.);
#951=FACE_OUTER_BOUND('',#1664,.T.);
#952=FACE_OUTER_BOUND('',#1665,.T.);
#953=FACE_OUTER_BOUND('',#1666,.T.);
#954=FACE_OUTER_BOUND('',#1667,.T.);
#955=FACE_OUTER_BOUND('',#1668,.T.);
#956=FACE_OUTER_BOUND('',#1669,.T.);
#957=FACE_OUTER_BOUND('',#1670,.T.);
#958=FACE_OUTER_BOUND('',#1671,.T.);
#959=FACE_OUTER_BOUND('',#1672,.T.);
#960=FACE_OUTER_BOUND('',#1673,.T.);
#961=FACE_OUTER_BOUND('',#1674,.T.);
#962=FACE_OUTER_BOUND('',#1675,.T.);
#963=FACE_OUTER_BOUND('',#1676,.T.);
#964=FACE_OUTER_BOUND('',#1677,.T.);
#965=FACE_OUTER_BOUND('',#1678,.T.);
#966=FACE_OUTER_BOUND('',#1679,.T.);
#967=FACE_OUTER_BOUND('',#1680,.T.);
#968=FACE_OUTER_BOUND('',#1681,.T.);
#969=FACE_OUTER_BOUND('',#1682,.T.);
#970=FACE_OUTER_BOUND('',#1683,.T.);
#971=FACE_OUTER_BOUND('',#1684,.T.);
#972=FACE_OUTER_BOUND('',#1685,.T.);
#973=FACE_OUTER_BOUND('',#1686,.T.);
#974=FACE_OUTER_BOUND('',#1687,.T.);
#975=FACE_OUTER_BOUND('',#1688,.T.);
#976=FACE_OUTER_BOUND('',#1689,.T.);
#977=FACE_OUTER_BOUND('',#1690,.T.);
#978=FACE_OUTER_BOUND('',#1691,.T.);
#979=FACE_OUTER_BOUND('',#1692,.T.);
#980=FACE_OUTER_BOUND('',#1693,.T.);
#981=FACE_OUTER_BOUND('',#1694,.T.);
#982=FACE_OUTER_BOUND('',#1695,.T.);
#983=FACE_OUTER_BOUND('',#1696,.T.);
#984=FACE_OUTER_BOUND('',#1697,.T.);
#985=FACE_OUTER_BOUND('',#1698,.T.);
#986=FACE_OUTER_BOUND('',#1699,.T.);
#987=FACE_OUTER_BOUND('',#1700,.T.);
#988=FACE_OUTER_BOUND('',#1701,.T.);
#989=FACE_OUTER_BOUND('',#1702,.T.);
#990=FACE_OUTER_BOUND('',#1703,.T.);
#991=FACE_OUTER_BOUND('',#1704,.T.);
#992=FACE_OUTER_BOUND('',#1705,.T.);
#993=FACE_OUTER_BOUND('',#1706,.T.);
#994=FACE_OUTER_BOUND('',#1707,.T.);
#995=FACE_OUTER_BOUND('',#1708,.T.);
#996=FACE_OUTER_BOUND('',#1709,.T.);
#997=FACE_OUTER_BOUND('',#1710,.T.);
#998=FACE_OUTER_BOUND('',#1711,.T.);
#999=FACE_OUTER_BOUND('',#1712,.T.);
#1000=FACE_OUTER_BOUND('',#1713,.T.);
#1001=FACE_OUTER_BOUND('',#1714,.T.);
#1002=FACE_OUTER_BOUND('',#1715,.T.);
#1003=FACE_OUTER_BOUND('',#1716,.T.);
#1004=FACE_OUTER_BOUND('',#1717,.T.);
#1005=FACE_OUTER_BOUND('',#1718,.T.);
#1006=FACE_OUTER_BOUND('',#1719,.T.);
#1007=FACE_OUTER_BOUND('',#1720,.T.);
#1008=FACE_OUTER_BOUND('',#1721,.T.);
#1009=FACE_OUTER_BOUND('',#1722,.T.);
#1010=FACE_OUTER_BOUND('',#1723,.T.);
#1011=FACE_OUTER_BOUND('',#1724,.T.);
#1012=FACE_OUTER_BOUND('',#1725,.T.);
#1013=FACE_OUTER_BOUND('',#1726,.T.);
#1014=FACE_OUTER_BOUND('',#1727,.T.);
#1015=FACE_OUTER_BOUND('',#1728,.T.);
#1016=FACE_OUTER_BOUND('',#1729,.T.);
#1017=FACE_OUTER_BOUND('',#1730,.T.);
#1018=FACE_OUTER_BOUND('',#1731,.T.);
#1019=FACE_OUTER_BOUND('',#1732,.T.);
#1020=FACE_OUTER_BOUND('',#1733,.T.);
#1021=FACE_OUTER_BOUND('',#1734,.T.);
#1022=FACE_OUTER_BOUND('',#1735,.T.);
#1023=FACE_OUTER_BOUND('',#1736,.T.);
#1024=FACE_OUTER_BOUND('',#1737,.T.);
#1025=FACE_OUTER_BOUND('',#1738,.T.);
#1026=FACE_OUTER_BOUND('',#1739,.T.);
#1027=FACE_OUTER_BOUND('',#1740,.T.);
#1028=FACE_OUTER_BOUND('',#1741,.T.);
#1029=FACE_OUTER_BOUND('',#1742,.T.);
#1030=FACE_OUTER_BOUND('',#1743,.T.);
#1031=FACE_OUTER_BOUND('',#1744,.T.);
#1032=FACE_OUTER_BOUND('',#1745,.T.);
#1033=FACE_OUTER_BOUND('',#1746,.T.);
#1034=FACE_OUTER_BOUND('',#1747,.T.);
#1035=FACE_OUTER_BOUND('',#1748,.T.);
#1036=FACE_OUTER_BOUND('',#1749,.T.);
#1037=FACE_OUTER_BOUND('',#1750,.T.);
#1038=FACE_OUTER_BOUND('',#1751,.T.);
#1039=FACE_OUTER_BOUND('',#1752,.T.);
#1040=FACE_OUTER_BOUND('',#1753,.T.);
#1041=FACE_OUTER_BOUND('',#1754,.T.);
#1042=FACE_OUTER_BOUND('',#1755,.T.);
#1043=FACE_OUTER_BOUND('',#1756,.T.);
#1044=FACE_OUTER_BOUND('',#1757,.T.);
#1045=FACE_OUTER_BOUND('',#1758,.T.);
#1046=FACE_OUTER_BOUND('',#1759,.T.);
#1047=FACE_OUTER_BOUND('',#1760,.T.);
#1048=FACE_OUTER_BOUND('',#1761,.T.);
#1049=FACE_OUTER_BOUND('',#1762,.T.);
#1050=FACE_OUTER_BOUND('',#1763,.T.);
#1051=FACE_OUTER_BOUND('',#1764,.T.);
#1052=FACE_OUTER_BOUND('',#1765,.T.);
#1053=FACE_OUTER_BOUND('',#1766,.T.);
#1054=FACE_OUTER_BOUND('',#1767,.T.);
#1055=FACE_OUTER_BOUND('',#1768,.T.);
#1056=FACE_OUTER_BOUND('',#1769,.T.);
#1057=FACE_OUTER_BOUND('',#1770,.T.);
#1058=FACE_OUTER_BOUND('',#1771,.T.);
#1059=FACE_OUTER_BOUND('',#1772,.T.);
#1060=FACE_OUTER_BOUND('',#1773,.T.);
#1061=FACE_OUTER_BOUND('',#1774,.T.);
#1062=FACE_OUTER_BOUND('',#1775,.T.);
#1063=FACE_OUTER_BOUND('',#1776,.T.);
#1064=FACE_OUTER_BOUND('',#1777,.T.);
#1065=FACE_OUTER_BOUND('',#1778,.T.);
#1066=FACE_OUTER_BOUND('',#1779,.T.);
#1067=FACE_OUTER_BOUND('',#1780,.T.);
#1068=FACE_OUTER_BOUND('',#1781,.T.);
#1069=FACE_OUTER_BOUND('',#1782,.T.);
#1070=FACE_OUTER_BOUND('',#1783,.T.);
#1071=FACE_OUTER_BOUND('',#1784,.T.);
#1072=FACE_OUTER_BOUND('',#1785,.T.);
#1073=FACE_OUTER_BOUND('',#1786,.T.);
#1074=FACE_OUTER_BOUND('',#1787,.T.);
#1075=FACE_OUTER_BOUND('',#1788,.T.);
#1076=FACE_OUTER_BOUND('',#1789,.T.);
#1077=FACE_OUTER_BOUND('',#1790,.T.);
#1078=FACE_OUTER_BOUND('',#1791,.T.);
#1079=FACE_OUTER_BOUND('',#1792,.T.);
#1080=FACE_OUTER_BOUND('',#1793,.T.);
#1081=FACE_OUTER_BOUND('',#1794,.T.);
#1082=FACE_OUTER_BOUND('',#1795,.T.);
#1083=FACE_OUTER_BOUND('',#1796,.T.);
#1084=FACE_OUTER_BOUND('',#1797,.T.);
#1085=FACE_OUTER_BOUND('',#1798,.T.);
#1086=FACE_OUTER_BOUND('',#1799,.T.);
#1087=FACE_OUTER_BOUND('',#1800,.T.);
#1088=FACE_OUTER_BOUND('',#1801,.T.);
#1089=FACE_OUTER_BOUND('',#1802,.T.);
#1090=FACE_OUTER_BOUND('',#1803,.T.);
#1091=FACE_OUTER_BOUND('',#1804,.T.);
#1092=FACE_OUTER_BOUND('',#1805,.T.);
#1093=FACE_OUTER_BOUND('',#1806,.T.);
#1094=FACE_OUTER_BOUND('',#1807,.T.);
#1095=FACE_OUTER_BOUND('',#1808,.T.);
#1096=FACE_OUTER_BOUND('',#1809,.T.);
#1097=FACE_OUTER_BOUND('',#1810,.T.);
#1098=FACE_OUTER_BOUND('',#1811,.T.);
#1099=FACE_OUTER_BOUND('',#1812,.T.);
#1100=FACE_OUTER_BOUND('',#1813,.T.);
#1101=FACE_OUTER_BOUND('',#1814,.T.);
#1102=FACE_OUTER_BOUND('',#1815,.T.);
#1103=FACE_OUTER_BOUND('',#1816,.T.);
#1104=FACE_OUTER_BOUND('',#1817,.T.);
#1105=FACE_OUTER_BOUND('',#1818,.T.);
#1106=FACE_OUTER_BOUND('',#1819,.T.);
#1107=FACE_OUTER_BOUND('',#1820,.T.);
#1108=FACE_OUTER_BOUND('',#1821,.T.);
#1109=FACE_OUTER_BOUND('',#1822,.T.);
#1110=FACE_OUTER_BOUND('',#1823,.T.);
#1111=FACE_OUTER_BOUND('',#1824,.T.);
#1112=FACE_OUTER_BOUND('',#1825,.T.);
#1113=FACE_OUTER_BOUND('',#1826,.T.);
#1114=FACE_OUTER_BOUND('',#1827,.T.);
#1115=FACE_OUTER_BOUND('',#1828,.T.);
#1116=FACE_OUTER_BOUND('',#1829,.T.);
#1117=FACE_OUTER_BOUND('',#1830,.T.);
#1118=FACE_OUTER_BOUND('',#1831,.T.);
#1119=FACE_OUTER_BOUND('',#1832,.T.);
#1120=FACE_OUTER_BOUND('',#1833,.T.);
#1121=FACE_OUTER_BOUND('',#1834,.T.);
#1122=FACE_OUTER_BOUND('',#1835,.T.);
#1123=FACE_OUTER_BOUND('',#1836,.T.);
#1124=FACE_OUTER_BOUND('',#1837,.T.);
#1125=FACE_OUTER_BOUND('',#1838,.T.);
#1126=FACE_OUTER_BOUND('',#1839,.T.);
#1127=FACE_OUTER_BOUND('',#1840,.T.);
#1128=FACE_OUTER_BOUND('',#1841,.T.);
#1129=FACE_OUTER_BOUND('',#1842,.T.);
#1130=FACE_OUTER_BOUND('',#1843,.T.);
#1131=FACE_OUTER_BOUND('',#1844,.T.);
#1132=FACE_OUTER_BOUND('',#1845,.T.);
#1133=FACE_OUTER_BOUND('',#1846,.T.);
#1134=FACE_OUTER_BOUND('',#1847,.T.);
#1135=FACE_OUTER_BOUND('',#1848,.T.);
#1136=FACE_OUTER_BOUND('',#1849,.T.);
#1137=FACE_OUTER_BOUND('',#1850,.T.);
#1138=FACE_OUTER_BOUND('',#1851,.T.);
#1139=FACE_OUTER_BOUND('',#1852,.T.);
#1140=FACE_OUTER_BOUND('',#1853,.T.);
#1141=FACE_OUTER_BOUND('',#1854,.T.);
#1142=FACE_OUTER_BOUND('',#1855,.T.);
#1143=FACE_OUTER_BOUND('',#1856,.T.);
#1144=FACE_OUTER_BOUND('',#1857,.T.);
#1145=FACE_OUTER_BOUND('',#1858,.T.);
#1146=FACE_OUTER_BOUND('',#1859,.T.);
#1147=FACE_OUTER_BOUND('',#1860,.T.);
#1148=FACE_OUTER_BOUND('',#1861,.T.);
#1149=FACE_OUTER_BOUND('',#1862,.T.);
#1150=FACE_OUTER_BOUND('',#1863,.T.);
#1151=FACE_OUTER_BOUND('',#1864,.T.);
#1152=FACE_OUTER_BOUND('',#1865,.T.);
#1153=FACE_OUTER_BOUND('',#1866,.T.);
#1154=FACE_OUTER_BOUND('',#1867,.T.);
#1155=FACE_OUTER_BOUND('',#1868,.T.);
#1156=FACE_OUTER_BOUND('',#1869,.T.);
#1157=FACE_OUTER_BOUND('',#1870,.T.);
#1158=FACE_OUTER_BOUND('',#1871,.T.);
#1159=FACE_OUTER_BOUND('',#1872,.T.);
#1160=FACE_OUTER_BOUND('',#1873,.T.);
#1161=FACE_OUTER_BOUND('',#1874,.T.);
#1162=FACE_OUTER_BOUND('',#1875,.T.);
#1163=FACE_OUTER_BOUND('',#1876,.T.);
#1164=FACE_OUTER_BOUND('',#1877,.T.);
#1165=FACE_OUTER_BOUND('',#1878,.T.);
#1166=FACE_OUTER_BOUND('',#1879,.T.);
#1167=FACE_OUTER_BOUND('',#1880,.T.);
#1168=FACE_OUTER_BOUND('',#1881,.T.);
#1169=FACE_OUTER_BOUND('',#1882,.T.);
#1170=FACE_OUTER_BOUND('',#1883,.T.);
#1171=FACE_OUTER_BOUND('',#1884,.T.);
#1172=FACE_OUTER_BOUND('',#1885,.T.);
#1173=FACE_OUTER_BOUND('',#1886,.T.);
#1174=FACE_OUTER_BOUND('',#1887,.T.);
#1175=FACE_OUTER_BOUND('',#1888,.T.);
#1176=FACE_OUTER_BOUND('',#1889,.T.);
#1177=FACE_OUTER_BOUND('',#1890,.T.);
#1178=FACE_OUTER_BOUND('',#1891,.T.);
#1179=FACE_OUTER_BOUND('',#1892,.T.);
#1180=FACE_OUTER_BOUND('',#1893,.T.);
#1181=FACE_OUTER_BOUND('',#1894,.T.);
#1182=FACE_OUTER_BOUND('',#1895,.T.);
#1183=FACE_OUTER_BOUND('',#1896,.T.);
#1184=FACE_OUTER_BOUND('',#1897,.T.);
#1185=FACE_OUTER_BOUND('',#1898,.T.);
#1186=FACE_OUTER_BOUND('',#1899,.T.);
#1187=FACE_OUTER_BOUND('',#1900,.T.);
#1188=FACE_OUTER_BOUND('',#1901,.T.);
#1189=FACE_OUTER_BOUND('',#1927,.T.);
#1190=FACE_OUTER_BOUND('',#1953,.T.);
#1191=FACE_OUTER_BOUND('',#1954,.T.);
#1192=FACE_OUTER_BOUND('',#1955,.T.);
#1193=FACE_OUTER_BOUND('',#1970,.T.);
#1194=FACE_OUTER_BOUND('',#1981,.T.);
#1195=FACE_OUTER_BOUND('',#1982,.T.);
#1196=FACE_OUTER_BOUND('',#1983,.T.);
#1197=FACE_OUTER_BOUND('',#1984,.T.);
#1198=FACE_OUTER_BOUND('',#1985,.T.);
#1199=FACE_OUTER_BOUND('',#1986,.T.);
#1200=FACE_OUTER_BOUND('',#1987,.T.);
#1201=FACE_OUTER_BOUND('',#1988,.T.);
#1202=FACE_OUTER_BOUND('',#1989,.T.);
#1203=FACE_OUTER_BOUND('',#1990,.T.);
#1204=FACE_OUTER_BOUND('',#1991,.T.);
#1205=FACE_OUTER_BOUND('',#1992,.T.);
#1206=FACE_OUTER_BOUND('',#1993,.T.);
#1207=FACE_OUTER_BOUND('',#1994,.T.);
#1208=FACE_OUTER_BOUND('',#1995,.T.);
#1209=FACE_OUTER_BOUND('',#1996,.T.);
#1210=FACE_OUTER_BOUND('',#1997,.T.);
#1211=FACE_OUTER_BOUND('',#1998,.T.);
#1212=FACE_OUTER_BOUND('',#1999,.T.);
#1213=FACE_OUTER_BOUND('',#2000,.T.);
#1214=FACE_OUTER_BOUND('',#2001,.T.);
#1215=FACE_OUTER_BOUND('',#2002,.T.);
#1216=FACE_OUTER_BOUND('',#2003,.T.);
#1217=FACE_OUTER_BOUND('',#2004,.T.);
#1218=FACE_OUTER_BOUND('',#2005,.T.);
#1219=FACE_OUTER_BOUND('',#2006,.T.);
#1220=FACE_OUTER_BOUND('',#2007,.T.);
#1221=FACE_OUTER_BOUND('',#2008,.T.);
#1222=FACE_OUTER_BOUND('',#2009,.T.);
#1223=FACE_OUTER_BOUND('',#2010,.T.);
#1224=FACE_OUTER_BOUND('',#2011,.T.);
#1225=FACE_OUTER_BOUND('',#2012,.T.);
#1226=FACE_OUTER_BOUND('',#2013,.T.);
#1227=FACE_OUTER_BOUND('',#2015,.T.);
#1228=FACE_OUTER_BOUND('',#2017,.T.);
#1229=FACE_OUTER_BOUND('',#2019,.T.);
#1230=FACE_OUTER_BOUND('',#2020,.T.);
#1231=FACE_OUTER_BOUND('',#2021,.T.);
#1232=FACE_OUTER_BOUND('',#2022,.T.);
#1233=FACE_OUTER_BOUND('',#2023,.T.);
#1234=FACE_OUTER_BOUND('',#2024,.T.);
#1235=FACE_OUTER_BOUND('',#2025,.T.);
#1236=FACE_OUTER_BOUND('',#2026,.T.);
#1237=FACE_OUTER_BOUND('',#2027,.T.);
#1238=FACE_OUTER_BOUND('',#2028,.T.);
#1239=FACE_OUTER_BOUND('',#2029,.T.);
#1240=FACE_OUTER_BOUND('',#2030,.T.);
#1241=FACE_OUTER_BOUND('',#2031,.T.);
#1242=FACE_OUTER_BOUND('',#2032,.T.);
#1243=FACE_OUTER_BOUND('',#2033,.T.);
#1244=FACE_OUTER_BOUND('',#2034,.T.);
#1245=FACE_OUTER_BOUND('',#2035,.T.);
#1246=FACE_OUTER_BOUND('',#2036,.T.);
#1247=FACE_OUTER_BOUND('',#2037,.T.);
#1248=FACE_OUTER_BOUND('',#2038,.T.);
#1249=FACE_OUTER_BOUND('',#2039,.T.);
#1250=FACE_OUTER_BOUND('',#2040,.T.);
#1251=FACE_OUTER_BOUND('',#2041,.T.);
#1252=FACE_OUTER_BOUND('',#2042,.T.);
#1253=FACE_OUTER_BOUND('',#2043,.T.);
#1254=FACE_OUTER_BOUND('',#2044,.T.);
#1255=FACE_OUTER_BOUND('',#2045,.T.);
#1256=FACE_OUTER_BOUND('',#2046,.T.);
#1257=FACE_OUTER_BOUND('',#2047,.T.);
#1258=FACE_OUTER_BOUND('',#2048,.T.);
#1259=FACE_OUTER_BOUND('',#2049,.T.);
#1260=FACE_OUTER_BOUND('',#2050,.T.);
#1261=FACE_OUTER_BOUND('',#2051,.T.);
#1262=FACE_OUTER_BOUND('',#2052,.T.);
#1263=FACE_OUTER_BOUND('',#2053,.T.);
#1264=FACE_OUTER_BOUND('',#2054,.T.);
#1265=FACE_OUTER_BOUND('',#2055,.T.);
#1266=FACE_OUTER_BOUND('',#2056,.T.);
#1267=FACE_OUTER_BOUND('',#2057,.T.);
#1268=FACE_OUTER_BOUND('',#2058,.T.);
#1269=FACE_OUTER_BOUND('',#2059,.T.);
#1270=FACE_OUTER_BOUND('',#2060,.T.);
#1271=FACE_OUTER_BOUND('',#2061,.T.);
#1272=FACE_OUTER_BOUND('',#2062,.T.);
#1273=FACE_OUTER_BOUND('',#2063,.T.);
#1274=FACE_OUTER_BOUND('',#2064,.T.);
#1275=FACE_OUTER_BOUND('',#2065,.T.);
#1276=FACE_OUTER_BOUND('',#2066,.T.);
#1277=FACE_OUTER_BOUND('',#2067,.T.);
#1278=FACE_OUTER_BOUND('',#2068,.T.);
#1279=FACE_OUTER_BOUND('',#2069,.T.);
#1280=FACE_OUTER_BOUND('',#2070,.T.);
#1281=FACE_OUTER_BOUND('',#2071,.T.);
#1282=FACE_OUTER_BOUND('',#2072,.T.);
#1283=FACE_OUTER_BOUND('',#2073,.T.);
#1284=FACE_OUTER_BOUND('',#2074,.T.);
#1285=FACE_OUTER_BOUND('',#2075,.T.);
#1286=FACE_OUTER_BOUND('',#2076,.T.);
#1287=FACE_OUTER_BOUND('',#2077,.T.);
#1288=FACE_OUTER_BOUND('',#2078,.T.);
#1289=FACE_OUTER_BOUND('',#2079,.T.);
#1290=FACE_OUTER_BOUND('',#2080,.T.);
#1291=FACE_OUTER_BOUND('',#2081,.T.);
#1292=FACE_OUTER_BOUND('',#2082,.T.);
#1293=FACE_OUTER_BOUND('',#2083,.T.);
#1294=FACE_OUTER_BOUND('',#2084,.T.);
#1295=FACE_OUTER_BOUND('',#2085,.T.);
#1296=FACE_OUTER_BOUND('',#2086,.T.);
#1297=FACE_OUTER_BOUND('',#2087,.T.);
#1298=FACE_OUTER_BOUND('',#2088,.T.);
#1299=FACE_OUTER_BOUND('',#2089,.T.);
#1300=FACE_OUTER_BOUND('',#2090,.T.);
#1301=FACE_OUTER_BOUND('',#2091,.T.);
#1302=FACE_OUTER_BOUND('',#2092,.T.);
#1303=FACE_OUTER_BOUND('',#2093,.T.);
#1304=FACE_OUTER_BOUND('',#2094,.T.);
#1305=FACE_OUTER_BOUND('',#2095,.T.);
#1306=FACE_OUTER_BOUND('',#2096,.T.);
#1307=FACE_OUTER_BOUND('',#2097,.T.);
#1308=FACE_OUTER_BOUND('',#2098,.T.);
#1309=FACE_OUTER_BOUND('',#2099,.T.);
#1310=FACE_OUTER_BOUND('',#2100,.T.);
#1311=FACE_OUTER_BOUND('',#2101,.T.);
#1312=FACE_OUTER_BOUND('',#2102,.T.);
#1313=FACE_OUTER_BOUND('',#2103,.T.);
#1314=FACE_OUTER_BOUND('',#2104,.T.);
#1315=FACE_OUTER_BOUND('',#2105,.T.);
#1316=FACE_OUTER_BOUND('',#2106,.T.);
#1317=FACE_OUTER_BOUND('',#2107,.T.);
#1318=FACE_OUTER_BOUND('',#2108,.T.);
#1319=FACE_OUTER_BOUND('',#2109,.T.);
#1320=FACE_OUTER_BOUND('',#2110,.T.);
#1321=FACE_OUTER_BOUND('',#2111,.T.);
#1322=FACE_OUTER_BOUND('',#2112,.T.);
#1323=EDGE_LOOP('',(#8504,#8505,#8506,#8507));
#1324=EDGE_LOOP('',(#8508,#8509,#8510,#8511,#8512));
#1325=EDGE_LOOP('',(#8513,#8514,#8515,#8516,#8517));
#1326=EDGE_LOOP('',(#8518,#8519,#8520,#8521,#8522,#8523,#8524,#8525));
#1327=EDGE_LOOP('',(#8526,#8527,#8528,#8529,#8530,#8531,#8532,#8533));
#1328=EDGE_LOOP('',(#8534,#8535,#8536,#8537));
#1329=EDGE_LOOP('',(#8538,#8539,#8540,#8541));
#1330=EDGE_LOOP('',(#8542,#8543,#8544,#8545,#8546));
#1331=EDGE_LOOP('',(#8547,#8548,#8549,#8550,#8551));
#1332=EDGE_LOOP('',(#8552,#8553,#8554,#8555,#8556));
#1333=EDGE_LOOP('',(#8557,#8558,#8559,#8560,#8561));
#1334=EDGE_LOOP('',(#8562,#8563,#8564,#8565,#8566,#8567,#8568,#8569));
#1335=EDGE_LOOP('',(#8570,#8571,#8572,#8573,#8574,#8575,#8576,#8577,#8578,
#8579,#8580,#8581,#8582,#8583));
#1336=EDGE_LOOP('',(#8584,#8585,#8586,#8587,#8588,#8589,#8590,#8591));
#1337=EDGE_LOOP('',(#8592,#8593,#8594,#8595,#8596,#8597,#8598,#8599,#8600,
#8601,#8602,#8603,#8604,#8605,#8606,#8607,#8608,#8609,#8610,#8611,#8612,
#8613,#8614,#8615,#8616,#8617));
#1338=EDGE_LOOP('',(#8618));
#1339=EDGE_LOOP('',(#8619));
#1340=EDGE_LOOP('',(#8620));
#1341=EDGE_LOOP('',(#8621));
#1342=EDGE_LOOP('',(#8622));
#1343=EDGE_LOOP('',(#8623,#8624,#8625,#8626,#8627,#8628,#8629,#8630));
#1344=EDGE_LOOP('',(#8631));
#1345=EDGE_LOOP('',(#8632));
#1346=EDGE_LOOP('',(#8633,#8634,#8635,#8636,#8637,#8638,#8639,#8640,#8641,
#8642,#8643,#8644,#8645,#8646,#8647,#8648,#8649,#8650,#8651,#8652,#8653,
#8654,#8655,#8656,#8657,#8658));
#1347=EDGE_LOOP('',(#8659,#8660,#8661,#8662,#8663,#8664,#8665,#8666));
#1348=EDGE_LOOP('',(#8667,#8668,#8669,#8670));
#1349=EDGE_LOOP('',(#8671,#8672,#8673,#8674,#8675,#8676,#8677,#8678));
#1350=EDGE_LOOP('',(#8679,#8680,#8681,#8682));
#1351=EDGE_LOOP('',(#8683,#8684,#8685,#8686));
#1352=EDGE_LOOP('',(#8687,#8688,#8689,#8690));
#1353=EDGE_LOOP('',(#8691,#8692,#8693,#8694));
#1354=EDGE_LOOP('',(#8695,#8696,#8697,#8698));
#1355=EDGE_LOOP('',(#8699,#8700,#8701,#8702,#8703,#8704,#8705,#8706));
#1356=EDGE_LOOP('',(#8707,#8708,#8709,#8710,#8711,#8712,#8713,#8714));
#1357=EDGE_LOOP('',(#8715,#8716,#8717,#8718));
#1358=EDGE_LOOP('',(#8719,#8720,#8721,#8722));
#1359=EDGE_LOOP('',(#8723,#8724,#8725,#8726));
#1360=EDGE_LOOP('',(#8727,#8728,#8729,#8730));
#1361=EDGE_LOOP('',(#8731,#8732,#8733,#8734,#8735));
#1362=EDGE_LOOP('',(#8736,#8737,#8738,#8739));
#1363=EDGE_LOOP('',(#8740,#8741,#8742,#8743,#8744));
#1364=EDGE_LOOP('',(#8745,#8746,#8747,#8748,#8749,#8750,#8751,#8752));
#1365=EDGE_LOOP('',(#8753,#8754,#8755,#8756));
#1366=EDGE_LOOP('',(#8757));
#1367=EDGE_LOOP('',(#8758));
#1368=EDGE_LOOP('',(#8759,#8760,#8761,#8762,#8763,#8764,#8765,#8766));
#1369=EDGE_LOOP('',(#8767,#8768,#8769,#8770));
#1370=EDGE_LOOP('',(#8771,#8772,#8773,#8774));
#1371=EDGE_LOOP('',(#8775,#8776,#8777,#8778));
#1372=EDGE_LOOP('',(#8779,#8780,#8781,#8782));
#1373=EDGE_LOOP('',(#8783,#8784,#8785,#8786));
#1374=EDGE_LOOP('',(#8787,#8788,#8789,#8790));
#1375=EDGE_LOOP('',(#8791,#8792,#8793,#8794));
#1376=EDGE_LOOP('',(#8795,#8796,#8797,#8798));
#1377=EDGE_LOOP('',(#8799,#8800,#8801,#8802));
#1378=EDGE_LOOP('',(#8803));
#1379=EDGE_LOOP('',(#8804,#8805,#8806,#8807));
#1380=EDGE_LOOP('',(#8808,#8809,#8810,#8811,#8812));
#1381=EDGE_LOOP('',(#8813,#8814,#8815,#8816));
#1382=EDGE_LOOP('',(#8817,#8818,#8819,#8820,#8821));
#1383=EDGE_LOOP('',(#8822,#8823,#8824,#8825));
#1384=EDGE_LOOP('',(#8826,#8827,#8828,#8829));
#1385=EDGE_LOOP('',(#8830,#8831,#8832,#8833));
#1386=EDGE_LOOP('',(#8834,#8835,#8836,#8837));
#1387=EDGE_LOOP('',(#8838,#8839,#8840,#8841));
#1388=EDGE_LOOP('',(#8842,#8843,#8844,#8845));
#1389=EDGE_LOOP('',(#8846,#8847,#8848,#8849));
#1390=EDGE_LOOP('',(#8850,#8851,#8852,#8853));
#1391=EDGE_LOOP('',(#8854,#8855,#8856,#8857));
#1392=EDGE_LOOP('',(#8858,#8859,#8860,#8861));
#1393=EDGE_LOOP('',(#8862,#8863,#8864,#8865));
#1394=EDGE_LOOP('',(#8866,#8867,#8868,#8869));
#1395=EDGE_LOOP('',(#8870,#8871,#8872,#8873));
#1396=EDGE_LOOP('',(#8874,#8875,#8876,#8877));
#1397=EDGE_LOOP('',(#8878,#8879,#8880,#8881));
#1398=EDGE_LOOP('',(#8882,#8883,#8884,#8885));
#1399=EDGE_LOOP('',(#8886,#8887,#8888,#8889));
#1400=EDGE_LOOP('',(#8890,#8891,#8892,#8893));
#1401=EDGE_LOOP('',(#8894,#8895,#8896,#8897));
#1402=EDGE_LOOP('',(#8898,#8899,#8900,#8901));
#1403=EDGE_LOOP('',(#8902,#8903,#8904,#8905));
#1404=EDGE_LOOP('',(#8906,#8907,#8908,#8909));
#1405=EDGE_LOOP('',(#8910,#8911,#8912,#8913));
#1406=EDGE_LOOP('',(#8914,#8915,#8916,#8917));
#1407=EDGE_LOOP('',(#8918,#8919,#8920,#8921));
#1408=EDGE_LOOP('',(#8922,#8923,#8924,#8925));
#1409=EDGE_LOOP('',(#8926,#8927,#8928,#8929));
#1410=EDGE_LOOP('',(#8930,#8931,#8932,#8933));
#1411=EDGE_LOOP('',(#8934,#8935,#8936,#8937));
#1412=EDGE_LOOP('',(#8938,#8939,#8940,#8941));
#1413=EDGE_LOOP('',(#8942,#8943,#8944,#8945));
#1414=EDGE_LOOP('',(#8946,#8947,#8948,#8949));
#1415=EDGE_LOOP('',(#8950,#8951,#8952,#8953));
#1416=EDGE_LOOP('',(#8954,#8955,#8956,#8957));
#1417=EDGE_LOOP('',(#8958,#8959,#8960,#8961));
#1418=EDGE_LOOP('',(#8962,#8963,#8964,#8965));
#1419=EDGE_LOOP('',(#8966,#8967,#8968,#8969));
#1420=EDGE_LOOP('',(#8970,#8971,#8972,#8973));
#1421=EDGE_LOOP('',(#8974,#8975,#8976,#8977));
#1422=EDGE_LOOP('',(#8978,#8979,#8980,#8981,#8982,#8983,#8984,#8985));
#1423=EDGE_LOOP('',(#8986,#8987,#8988,#8989));
#1424=EDGE_LOOP('',(#8990,#8991,#8992,#8993));
#1425=EDGE_LOOP('',(#8994,#8995,#8996,#8997));
#1426=EDGE_LOOP('',(#8998,#8999,#9000,#9001));
#1427=EDGE_LOOP('',(#9002,#9003,#9004,#9005));
#1428=EDGE_LOOP('',(#9006,#9007,#9008,#9009));
#1429=EDGE_LOOP('',(#9010,#9011,#9012,#9013));
#1430=EDGE_LOOP('',(#9014,#9015,#9016,#9017));
#1431=EDGE_LOOP('',(#9018,#9019,#9020,#9021,#9022,#9023,#9024,#9025));
#1432=EDGE_LOOP('',(#9026,#9027,#9028,#9029));
#1433=EDGE_LOOP('',(#9030,#9031,#9032,#9033));
#1434=EDGE_LOOP('',(#9034,#9035,#9036,#9037));
#1435=EDGE_LOOP('',(#9038,#9039,#9040,#9041));
#1436=EDGE_LOOP('',(#9042,#9043,#9044,#9045));
#1437=EDGE_LOOP('',(#9046,#9047,#9048,#9049));
#1438=EDGE_LOOP('',(#9050,#9051,#9052,#9053));
#1439=EDGE_LOOP('',(#9054,#9055,#9056,#9057));
#1440=EDGE_LOOP('',(#9058,#9059,#9060,#9061));
#1441=EDGE_LOOP('',(#9062,#9063,#9064,#9065));
#1442=EDGE_LOOP('',(#9066,#9067,#9068,#9069));
#1443=EDGE_LOOP('',(#9070,#9071,#9072,#9073));
#1444=EDGE_LOOP('',(#9074,#9075,#9076,#9077,#9078,#9079));
#1445=EDGE_LOOP('',(#9080,#9081,#9082,#9083));
#1446=EDGE_LOOP('',(#9084,#9085,#9086,#9087));
#1447=EDGE_LOOP('',(#9088,#9089,#9090,#9091));
#1448=EDGE_LOOP('',(#9092,#9093,#9094,#9095));
#1449=EDGE_LOOP('',(#9096,#9097,#9098,#9099));
#1450=EDGE_LOOP('',(#9100,#9101,#9102,#9103));
#1451=EDGE_LOOP('',(#9104,#9105,#9106,#9107));
#1452=EDGE_LOOP('',(#9108,#9109,#9110,#9111));
#1453=EDGE_LOOP('',(#9112,#9113,#9114,#9115));
#1454=EDGE_LOOP('',(#9116,#9117,#9118,#9119));
#1455=EDGE_LOOP('',(#9120,#9121,#9122,#9123));
#1456=EDGE_LOOP('',(#9124,#9125,#9126,#9127));
#1457=EDGE_LOOP('',(#9128,#9129,#9130,#9131));
#1458=EDGE_LOOP('',(#9132,#9133,#9134,#9135));
#1459=EDGE_LOOP('',(#9136,#9137,#9138,#9139));
#1460=EDGE_LOOP('',(#9140,#9141,#9142,#9143));
#1461=EDGE_LOOP('',(#9144,#9145,#9146,#9147));
#1462=EDGE_LOOP('',(#9148,#9149,#9150,#9151,#9152));
#1463=EDGE_LOOP('',(#9153,#9154,#9155,#9156));
#1464=EDGE_LOOP('',(#9157,#9158,#9159,#9160,#9161));
#1465=EDGE_LOOP('',(#9162,#9163,#9164,#9165));
#1466=EDGE_LOOP('',(#9166,#9167,#9168,#9169));
#1467=EDGE_LOOP('',(#9170,#9171,#9172,#9173));
#1468=EDGE_LOOP('',(#9174,#9175,#9176,#9177,#9178));
#1469=EDGE_LOOP('',(#9179,#9180,#9181,#9182));
#1470=EDGE_LOOP('',(#9183,#9184,#9185,#9186,#9187));
#1471=EDGE_LOOP('',(#9188,#9189,#9190,#9191));
#1472=EDGE_LOOP('',(#9192,#9193,#9194,#9195));
#1473=EDGE_LOOP('',(#9196,#9197,#9198,#9199));
#1474=EDGE_LOOP('',(#9200,#9201,#9202,#9203));
#1475=EDGE_LOOP('',(#9204,#9205,#9206,#9207));
#1476=EDGE_LOOP('',(#9208,#9209,#9210,#9211));
#1477=EDGE_LOOP('',(#9212,#9213,#9214,#9215));
#1478=EDGE_LOOP('',(#9216,#9217,#9218,#9219));
#1479=EDGE_LOOP('',(#9220,#9221,#9222,#9223));
#1480=EDGE_LOOP('',(#9224,#9225,#9226,#9227));
#1481=EDGE_LOOP('',(#9228,#9229,#9230,#9231));
#1482=EDGE_LOOP('',(#9232,#9233,#9234,#9235));
#1483=EDGE_LOOP('',(#9236,#9237,#9238,#9239));
#1484=EDGE_LOOP('',(#9240,#9241,#9242,#9243));
#1485=EDGE_LOOP('',(#9244,#9245,#9246,#9247));
#1486=EDGE_LOOP('',(#9248,#9249,#9250,#9251));
#1487=EDGE_LOOP('',(#9252,#9253,#9254,#9255));
#1488=EDGE_LOOP('',(#9256,#9257,#9258,#9259));
#1489=EDGE_LOOP('',(#9260,#9261,#9262,#9263));
#1490=EDGE_LOOP('',(#9264,#9265,#9266,#9267));
#1491=EDGE_LOOP('',(#9268,#9269,#9270,#9271));
#1492=EDGE_LOOP('',(#9272,#9273,#9274,#9275));
#1493=EDGE_LOOP('',(#9276,#9277,#9278,#9279));
#1494=EDGE_LOOP('',(#9280,#9281,#9282,#9283));
#1495=EDGE_LOOP('',(#9284,#9285,#9286,#9287));
#1496=EDGE_LOOP('',(#9288,#9289,#9290,#9291));
#1497=EDGE_LOOP('',(#9292,#9293,#9294,#9295));
#1498=EDGE_LOOP('',(#9296,#9297,#9298,#9299));
#1499=EDGE_LOOP('',(#9300,#9301,#9302,#9303));
#1500=EDGE_LOOP('',(#9304,#9305,#9306,#9307));
#1501=EDGE_LOOP('',(#9308,#9309,#9310,#9311));
#1502=EDGE_LOOP('',(#9312,#9313,#9314,#9315));
#1503=EDGE_LOOP('',(#9316,#9317,#9318,#9319));
#1504=EDGE_LOOP('',(#9320,#9321,#9322,#9323));
#1505=EDGE_LOOP('',(#9324,#9325,#9326,#9327));
#1506=EDGE_LOOP('',(#9328,#9329,#9330,#9331));
#1507=EDGE_LOOP('',(#9332,#9333,#9334,#9335));
#1508=EDGE_LOOP('',(#9336,#9337,#9338,#9339));
#1509=EDGE_LOOP('',(#9340,#9341,#9342,#9343));
#1510=EDGE_LOOP('',(#9344,#9345,#9346,#9347));
#1511=EDGE_LOOP('',(#9348,#9349,#9350,#9351));
#1512=EDGE_LOOP('',(#9352,#9353,#9354,#9355));
#1513=EDGE_LOOP('',(#9356,#9357,#9358,#9359));
#1514=EDGE_LOOP('',(#9360,#9361,#9362,#9363));
#1515=EDGE_LOOP('',(#9364,#9365,#9366,#9367));
#1516=EDGE_LOOP('',(#9368,#9369,#9370,#9371));
#1517=EDGE_LOOP('',(#9372,#9373,#9374,#9375));
#1518=EDGE_LOOP('',(#9376,#9377,#9378,#9379));
#1519=EDGE_LOOP('',(#9380,#9381,#9382,#9383,#9384,#9385,#9386,#9387,#9388,
#9389,#9390,#9391,#9392,#9393,#9394,#9395,#9396,#9397,#9398,#9399,#9400,
#9401,#9402,#9403));
#1520=EDGE_LOOP('',(#9404,#9405,#9406,#9407,#9408,#9409,#9410,#9411,#9412,
#9413,#9414,#9415,#9416,#9417,#9418,#9419));
#1521=EDGE_LOOP('',(#9420,#9421,#9422,#9423,#9424,#9425,#9426,#9427));
#1522=EDGE_LOOP('',(#9428,#9429,#9430,#9431));
#1523=EDGE_LOOP('',(#9432,#9433,#9434,#9435,#9436,#9437));
#1524=EDGE_LOOP('',(#9438,#9439,#9440,#9441,#9442,#9443));
#1525=EDGE_LOOP('',(#9444,#9445,#9446,#9447));
#1526=EDGE_LOOP('',(#9448,#9449,#9450,#9451));
#1527=EDGE_LOOP('',(#9452,#9453,#9454,#9455));
#1528=EDGE_LOOP('',(#9456,#9457,#9458,#9459));
#1529=EDGE_LOOP('',(#9460,#9461,#9462,#9463));
#1530=EDGE_LOOP('',(#9464,#9465,#9466,#9467));
#1531=EDGE_LOOP('',(#9468,#9469,#9470,#9471,#9472,#9473,#9474,#9475));
#1532=EDGE_LOOP('',(#9476,#9477,#9478,#9479,#9480,#9481,#9482,#9483));
#1533=EDGE_LOOP('',(#9484,#9485,#9486,#9487));
#1534=EDGE_LOOP('',(#9488,#9489,#9490,#9491,#9492,#9493,#9494,#9495));
#1535=EDGE_LOOP('',(#9496,#9497,#9498,#9499));
#1536=EDGE_LOOP('',(#9500,#9501,#9502,#9503));
#1537=EDGE_LOOP('',(#9504,#9505,#9506,#9507));
#1538=EDGE_LOOP('',(#9508,#9509,#9510,#9511));
#1539=EDGE_LOOP('',(#9512,#9513,#9514,#9515,#9516,#9517,#9518,#9519));
#1540=EDGE_LOOP('',(#9520,#9521,#9522,#9523,#9524,#9525,#9526,#9527));
#1541=EDGE_LOOP('',(#9528,#9529,#9530,#9531,#9532,#9533,#9534,#9535));
#1542=EDGE_LOOP('',(#9536,#9537,#9538,#9539));
#1543=EDGE_LOOP('',(#9540,#9541,#9542,#9543));
#1544=EDGE_LOOP('',(#9544,#9545,#9546,#9547));
#1545=EDGE_LOOP('',(#9548,#9549,#9550,#9551,#9552,#9553,#9554,#9555,#9556,
#9557,#9558,#9559,#9560,#9561,#9562,#9563,#9564,#9565,#9566,#9567,#9568,
#9569,#9570,#9571,#9572,#9573,#9574,#9575,#9576,#9577,#9578,#9579,#9580,
#9581,#9582,#9583,#9584,#9585));
#1546=EDGE_LOOP('',(#9586));
#1547=EDGE_LOOP('',(#9587));
#1548=EDGE_LOOP('',(#9588));
#1549=EDGE_LOOP('',(#9589));
#1550=EDGE_LOOP('',(#9590,#9591,#9592,#9593));
#1551=EDGE_LOOP('',(#9594,#9595,#9596,#9597));
#1552=EDGE_LOOP('',(#9598,#9599,#9600,#9601));
#1553=EDGE_LOOP('',(#9602,#9603,#9604,#9605));
#1554=EDGE_LOOP('',(#9606,#9607,#9608,#9609));
#1555=EDGE_LOOP('',(#9610,#9611,#9612,#9613));
#1556=EDGE_LOOP('',(#9614,#9615,#9616,#9617));
#1557=EDGE_LOOP('',(#9618,#9619,#9620,#9621,#9622,#9623,#9624,#9625));
#1558=EDGE_LOOP('',(#9626,#9627,#9628,#9629,#9630,#9631,#9632,#9633));
#1559=EDGE_LOOP('',(#9634,#9635,#9636,#9637));
#1560=EDGE_LOOP('',(#9638,#9639,#9640,#9641));
#1561=EDGE_LOOP('',(#9642,#9643,#9644,#9645));
#1562=EDGE_LOOP('',(#9646,#9647,#9648,#9649));
#1563=EDGE_LOOP('',(#9650,#9651,#9652,#9653));
#1564=EDGE_LOOP('',(#9654,#9655,#9656,#9657));
#1565=EDGE_LOOP('',(#9658,#9659,#9660,#9661));
#1566=EDGE_LOOP('',(#9662,#9663,#9664,#9665));
#1567=EDGE_LOOP('',(#9666,#9667,#9668,#9669));
#1568=EDGE_LOOP('',(#9670,#9671,#9672,#9673));
#1569=EDGE_LOOP('',(#9674,#9675,#9676,#9677));
#1570=EDGE_LOOP('',(#9678,#9679,#9680,#9681));
#1571=EDGE_LOOP('',(#9682,#9683,#9684,#9685));
#1572=EDGE_LOOP('',(#9686,#9687,#9688,#9689));
#1573=EDGE_LOOP('',(#9690,#9691,#9692,#9693));
#1574=EDGE_LOOP('',(#9694,#9695,#9696,#9697));
#1575=EDGE_LOOP('',(#9698,#9699,#9700,#9701));
#1576=EDGE_LOOP('',(#9702,#9703,#9704,#9705));
#1577=EDGE_LOOP('',(#9706,#9707,#9708,#9709));
#1578=EDGE_LOOP('',(#9710,#9711,#9712,#9713));
#1579=EDGE_LOOP('',(#9714,#9715,#9716,#9717));
#1580=EDGE_LOOP('',(#9718,#9719,#9720,#9721));
#1581=EDGE_LOOP('',(#9722,#9723,#9724,#9725));
#1582=EDGE_LOOP('',(#9726,#9727,#9728,#9729));
#1583=EDGE_LOOP('',(#9730,#9731,#9732,#9733));
#1584=EDGE_LOOP('',(#9734,#9735,#9736,#9737));
#1585=EDGE_LOOP('',(#9738,#9739,#9740,#9741));
#1586=EDGE_LOOP('',(#9742,#9743,#9744,#9745));
#1587=EDGE_LOOP('',(#9746,#9747,#9748,#9749,#9750,#9751,#9752,#9753,#9754,
#9755,#9756,#9757));
#1588=EDGE_LOOP('',(#9758,#9759,#9760,#9761));
#1589=EDGE_LOOP('',(#9762,#9763,#9764,#9765));
#1590=EDGE_LOOP('',(#9766,#9767,#9768,#9769));
#1591=EDGE_LOOP('',(#9770,#9771,#9772,#9773,#9774,#9775,#9776,#9777));
#1592=EDGE_LOOP('',(#9778,#9779,#9780,#9781));
#1593=EDGE_LOOP('',(#9782,#9783,#9784,#9785));
#1594=EDGE_LOOP('',(#9786,#9787,#9788,#9789,#9790,#9791,#9792,#9793));
#1595=EDGE_LOOP('',(#9794,#9795,#9796,#9797));
#1596=EDGE_LOOP('',(#9798,#9799,#9800,#9801,#9802,#9803,#9804,#9805));
#1597=EDGE_LOOP('',(#9806,#9807,#9808,#9809));
#1598=EDGE_LOOP('',(#9810,#9811,#9812,#9813));
#1599=EDGE_LOOP('',(#9814,#9815,#9816,#9817,#9818,#9819,#9820,#9821,#9822,
#9823));
#1600=EDGE_LOOP('',(#9824,#9825,#9826,#9827));
#1601=EDGE_LOOP('',(#9828,#9829,#9830,#9831,#9832));
#1602=EDGE_LOOP('',(#9833,#9834,#9835,#9836,#9837,#9838));
#1603=EDGE_LOOP('',(#9839,#9840,#9841,#9842));
#1604=EDGE_LOOP('',(#9843,#9844,#9845,#9846));
#1605=EDGE_LOOP('',(#9847,#9848,#9849,#9850));
#1606=EDGE_LOOP('',(#9851,#9852,#9853,#9854));
#1607=EDGE_LOOP('',(#9855,#9856,#9857,#9858));
#1608=EDGE_LOOP('',(#9859,#9860,#9861,#9862));
#1609=EDGE_LOOP('',(#9863,#9864,#9865,#9866,#9867,#9868));
#1610=EDGE_LOOP('',(#9869,#9870,#9871,#9872,#9873));
#1611=EDGE_LOOP('',(#9874,#9875,#9876,#9877,#9878,#9879));
#1612=EDGE_LOOP('',(#9880,#9881,#9882,#9883));
#1613=EDGE_LOOP('',(#9884,#9885,#9886,#9887,#9888,#9889,#9890,#9891,#9892,
#9893,#9894,#9895));
#1614=EDGE_LOOP('',(#9896,#9897,#9898,#9899));
#1615=EDGE_LOOP('',(#9900,#9901,#9902,#9903,#9904,#9905,#9906));
#1616=EDGE_LOOP('',(#9907,#9908,#9909,#9910,#9911,#9912));
#1617=EDGE_LOOP('',(#9913));
#1618=EDGE_LOOP('',(#9914));
#1619=EDGE_LOOP('',(#9915));
#1620=EDGE_LOOP('',(#9916));
#1621=EDGE_LOOP('',(#9917,#9918,#9919,#9920,#9921,#9922));
#1622=EDGE_LOOP('',(#9923,#9924,#9925,#9926,#9927,#9928));
#1623=EDGE_LOOP('',(#9929,#9930,#9931,#9932));
#1624=EDGE_LOOP('',(#9933,#9934,#9935,#9936));
#1625=EDGE_LOOP('',(#9937,#9938,#9939,#9940));
#1626=EDGE_LOOP('',(#9941,#9942,#9943,#9944));
#1627=EDGE_LOOP('',(#9945,#9946,#9947,#9948));
#1628=EDGE_LOOP('',(#9949,#9950,#9951,#9952));
#1629=EDGE_LOOP('',(#9953,#9954,#9955,#9956));
#1630=EDGE_LOOP('',(#9957,#9958,#9959,#9960));
#1631=EDGE_LOOP('',(#9961,#9962,#9963,#9964,#9965,#9966));
#1632=EDGE_LOOP('',(#9967,#9968,#9969,#9970));
#1633=EDGE_LOOP('',(#9971,#9972,#9973,#9974));
#1634=EDGE_LOOP('',(#9975,#9976,#9977,#9978));
#1635=EDGE_LOOP('',(#9979,#9980,#9981,#9982));
#1636=EDGE_LOOP('',(#9983,#9984,#9985,#9986));
#1637=EDGE_LOOP('',(#9987,#9988,#9989,#9990,#9991,#9992));
#1638=EDGE_LOOP('',(#9993,#9994,#9995,#9996));
#1639=EDGE_LOOP('',(#9997,#9998,#9999,#10000));
#1640=EDGE_LOOP('',(#10001,#10002,#10003,#10004,#10005,#10006));
#1641=EDGE_LOOP('',(#10007,#10008,#10009,#10010));
#1642=EDGE_LOOP('',(#10011,#10012,#10013,#10014));
#1643=EDGE_LOOP('',(#10015,#10016,#10017,#10018));
#1644=EDGE_LOOP('',(#10019,#10020,#10021,#10022,#10023));
#1645=EDGE_LOOP('',(#10024,#10025,#10026,#10027));
#1646=EDGE_LOOP('',(#10028,#10029,#10030,#10031));
#1647=EDGE_LOOP('',(#10032,#10033,#10034,#10035));
#1648=EDGE_LOOP('',(#10036,#10037,#10038,#10039,#10040));
#1649=EDGE_LOOP('',(#10041,#10042,#10043,#10044,#10045));
#1650=EDGE_LOOP('',(#10046,#10047,#10048,#10049));
#1651=EDGE_LOOP('',(#10050,#10051,#10052,#10053));
#1652=EDGE_LOOP('',(#10054,#10055,#10056,#10057));
#1653=EDGE_LOOP('',(#10058,#10059,#10060,#10061));
#1654=EDGE_LOOP('',(#10062,#10063,#10064,#10065));
#1655=EDGE_LOOP('',(#10066,#10067,#10068,#10069));
#1656=EDGE_LOOP('',(#10070,#10071,#10072,#10073));
#1657=EDGE_LOOP('',(#10074,#10075,#10076,#10077));
#1658=EDGE_LOOP('',(#10078,#10079,#10080,#10081));
#1659=EDGE_LOOP('',(#10082,#10083,#10084,#10085));
#1660=EDGE_LOOP('',(#10086,#10087,#10088,#10089));
#1661=EDGE_LOOP('',(#10090,#10091,#10092,#10093));
#1662=EDGE_LOOP('',(#10094,#10095,#10096,#10097));
#1663=EDGE_LOOP('',(#10098,#10099,#10100,#10101));
#1664=EDGE_LOOP('',(#10102,#10103,#10104,#10105));
#1665=EDGE_LOOP('',(#10106,#10107,#10108,#10109));
#1666=EDGE_LOOP('',(#10110,#10111,#10112,#10113));
#1667=EDGE_LOOP('',(#10114,#10115,#10116,#10117));
#1668=EDGE_LOOP('',(#10118,#10119,#10120,#10121));
#1669=EDGE_LOOP('',(#10122,#10123,#10124,#10125));
#1670=EDGE_LOOP('',(#10126,#10127,#10128,#10129));
#1671=EDGE_LOOP('',(#10130,#10131,#10132,#10133));
#1672=EDGE_LOOP('',(#10134,#10135,#10136,#10137));
#1673=EDGE_LOOP('',(#10138,#10139,#10140,#10141));
#1674=EDGE_LOOP('',(#10142,#10143,#10144,#10145));
#1675=EDGE_LOOP('',(#10146,#10147,#10148,#10149));
#1676=EDGE_LOOP('',(#10150,#10151,#10152,#10153));
#1677=EDGE_LOOP('',(#10154,#10155,#10156,#10157));
#1678=EDGE_LOOP('',(#10158,#10159,#10160,#10161));
#1679=EDGE_LOOP('',(#10162,#10163,#10164,#10165));
#1680=EDGE_LOOP('',(#10166,#10167,#10168,#10169));
#1681=EDGE_LOOP('',(#10170,#10171,#10172,#10173));
#1682=EDGE_LOOP('',(#10174,#10175,#10176,#10177));
#1683=EDGE_LOOP('',(#10178,#10179,#10180,#10181));
#1684=EDGE_LOOP('',(#10182,#10183,#10184,#10185));
#1685=EDGE_LOOP('',(#10186,#10187,#10188,#10189));
#1686=EDGE_LOOP('',(#10190,#10191,#10192,#10193));
#1687=EDGE_LOOP('',(#10194,#10195,#10196,#10197));
#1688=EDGE_LOOP('',(#10198,#10199,#10200,#10201));
#1689=EDGE_LOOP('',(#10202,#10203,#10204,#10205));
#1690=EDGE_LOOP('',(#10206,#10207,#10208,#10209));
#1691=EDGE_LOOP('',(#10210,#10211,#10212,#10213));
#1692=EDGE_LOOP('',(#10214,#10215,#10216,#10217));
#1693=EDGE_LOOP('',(#10218,#10219,#10220,#10221));
#1694=EDGE_LOOP('',(#10222,#10223,#10224,#10225));
#1695=EDGE_LOOP('',(#10226,#10227,#10228,#10229));
#1696=EDGE_LOOP('',(#10230,#10231,#10232,#10233));
#1697=EDGE_LOOP('',(#10234,#10235,#10236,#10237));
#1698=EDGE_LOOP('',(#10238,#10239,#10240,#10241));
#1699=EDGE_LOOP('',(#10242,#10243,#10244,#10245));
#1700=EDGE_LOOP('',(#10246,#10247,#10248,#10249));
#1701=EDGE_LOOP('',(#10250,#10251,#10252,#10253));
#1702=EDGE_LOOP('',(#10254,#10255,#10256,#10257));
#1703=EDGE_LOOP('',(#10258,#10259,#10260,#10261));
#1704=EDGE_LOOP('',(#10262,#10263,#10264,#10265));
#1705=EDGE_LOOP('',(#10266,#10267,#10268,#10269));
#1706=EDGE_LOOP('',(#10270,#10271,#10272,#10273));
#1707=EDGE_LOOP('',(#10274,#10275,#10276,#10277));
#1708=EDGE_LOOP('',(#10278,#10279,#10280,#10281));
#1709=EDGE_LOOP('',(#10282,#10283,#10284,#10285));
#1710=EDGE_LOOP('',(#10286,#10287,#10288,#10289));
#1711=EDGE_LOOP('',(#10290,#10291,#10292,#10293));
#1712=EDGE_LOOP('',(#10294,#10295,#10296,#10297));
#1713=EDGE_LOOP('',(#10298,#10299,#10300,#10301));
#1714=EDGE_LOOP('',(#10302,#10303,#10304,#10305));
#1715=EDGE_LOOP('',(#10306,#10307,#10308,#10309));
#1716=EDGE_LOOP('',(#10310,#10311,#10312,#10313));
#1717=EDGE_LOOP('',(#10314,#10315,#10316,#10317));
#1718=EDGE_LOOP('',(#10318,#10319,#10320,#10321));
#1719=EDGE_LOOP('',(#10322,#10323,#10324,#10325));
#1720=EDGE_LOOP('',(#10326,#10327,#10328,#10329));
#1721=EDGE_LOOP('',(#10330,#10331,#10332,#10333));
#1722=EDGE_LOOP('',(#10334,#10335,#10336,#10337));
#1723=EDGE_LOOP('',(#10338,#10339,#10340,#10341));
#1724=EDGE_LOOP('',(#10342,#10343,#10344,#10345));
#1725=EDGE_LOOP('',(#10346,#10347,#10348,#10349));
#1726=EDGE_LOOP('',(#10350,#10351,#10352,#10353));
#1727=EDGE_LOOP('',(#10354,#10355,#10356,#10357));
#1728=EDGE_LOOP('',(#10358,#10359,#10360,#10361));
#1729=EDGE_LOOP('',(#10362,#10363,#10364,#10365));
#1730=EDGE_LOOP('',(#10366,#10367,#10368,#10369));
#1731=EDGE_LOOP('',(#10370,#10371,#10372,#10373));
#1732=EDGE_LOOP('',(#10374,#10375,#10376,#10377));
#1733=EDGE_LOOP('',(#10378,#10379,#10380,#10381));
#1734=EDGE_LOOP('',(#10382,#10383,#10384,#10385));
#1735=EDGE_LOOP('',(#10386,#10387,#10388,#10389));
#1736=EDGE_LOOP('',(#10390,#10391,#10392,#10393));
#1737=EDGE_LOOP('',(#10394,#10395,#10396,#10397));
#1738=EDGE_LOOP('',(#10398,#10399,#10400,#10401));
#1739=EDGE_LOOP('',(#10402,#10403,#10404,#10405));
#1740=EDGE_LOOP('',(#10406,#10407,#10408,#10409));
#1741=EDGE_LOOP('',(#10410,#10411,#10412,#10413));
#1742=EDGE_LOOP('',(#10414,#10415,#10416,#10417));
#1743=EDGE_LOOP('',(#10418,#10419,#10420,#10421));
#1744=EDGE_LOOP('',(#10422,#10423,#10424,#10425));
#1745=EDGE_LOOP('',(#10426,#10427,#10428,#10429));
#1746=EDGE_LOOP('',(#10430,#10431,#10432,#10433));
#1747=EDGE_LOOP('',(#10434,#10435,#10436,#10437));
#1748=EDGE_LOOP('',(#10438,#10439,#10440,#10441));
#1749=EDGE_LOOP('',(#10442,#10443,#10444,#10445));
#1750=EDGE_LOOP('',(#10446,#10447,#10448,#10449));
#1751=EDGE_LOOP('',(#10450,#10451,#10452,#10453));
#1752=EDGE_LOOP('',(#10454,#10455,#10456,#10457));
#1753=EDGE_LOOP('',(#10458,#10459,#10460,#10461));
#1754=EDGE_LOOP('',(#10462,#10463,#10464,#10465));
#1755=EDGE_LOOP('',(#10466,#10467,#10468,#10469));
#1756=EDGE_LOOP('',(#10470,#10471,#10472,#10473));
#1757=EDGE_LOOP('',(#10474,#10475,#10476,#10477));
#1758=EDGE_LOOP('',(#10478,#10479,#10480,#10481));
#1759=EDGE_LOOP('',(#10482,#10483,#10484,#10485));
#1760=EDGE_LOOP('',(#10486,#10487,#10488,#10489));
#1761=EDGE_LOOP('',(#10490,#10491,#10492,#10493));
#1762=EDGE_LOOP('',(#10494,#10495,#10496,#10497));
#1763=EDGE_LOOP('',(#10498,#10499,#10500,#10501));
#1764=EDGE_LOOP('',(#10502,#10503,#10504,#10505));
#1765=EDGE_LOOP('',(#10506,#10507,#10508,#10509));
#1766=EDGE_LOOP('',(#10510,#10511,#10512,#10513));
#1767=EDGE_LOOP('',(#10514,#10515,#10516,#10517));
#1768=EDGE_LOOP('',(#10518,#10519,#10520,#10521));
#1769=EDGE_LOOP('',(#10522,#10523,#10524,#10525));
#1770=EDGE_LOOP('',(#10526,#10527,#10528,#10529));
#1771=EDGE_LOOP('',(#10530,#10531,#10532,#10533));
#1772=EDGE_LOOP('',(#10534,#10535,#10536,#10537));
#1773=EDGE_LOOP('',(#10538,#10539,#10540,#10541));
#1774=EDGE_LOOP('',(#10542,#10543,#10544,#10545));
#1775=EDGE_LOOP('',(#10546,#10547,#10548,#10549));
#1776=EDGE_LOOP('',(#10550,#10551,#10552,#10553));
#1777=EDGE_LOOP('',(#10554,#10555,#10556,#10557));
#1778=EDGE_LOOP('',(#10558,#10559,#10560,#10561));
#1779=EDGE_LOOP('',(#10562,#10563,#10564,#10565));
#1780=EDGE_LOOP('',(#10566,#10567,#10568,#10569));
#1781=EDGE_LOOP('',(#10570,#10571,#10572,#10573));
#1782=EDGE_LOOP('',(#10574,#10575,#10576,#10577));
#1783=EDGE_LOOP('',(#10578,#10579,#10580,#10581));
#1784=EDGE_LOOP('',(#10582,#10583,#10584,#10585));
#1785=EDGE_LOOP('',(#10586,#10587,#10588,#10589));
#1786=EDGE_LOOP('',(#10590,#10591,#10592,#10593));
#1787=EDGE_LOOP('',(#10594,#10595,#10596,#10597));
#1788=EDGE_LOOP('',(#10598,#10599,#10600,#10601));
#1789=EDGE_LOOP('',(#10602,#10603,#10604,#10605));
#1790=EDGE_LOOP('',(#10606,#10607,#10608,#10609));
#1791=EDGE_LOOP('',(#10610,#10611,#10612,#10613));
#1792=EDGE_LOOP('',(#10614,#10615,#10616,#10617));
#1793=EDGE_LOOP('',(#10618,#10619,#10620,#10621));
#1794=EDGE_LOOP('',(#10622,#10623,#10624,#10625));
#1795=EDGE_LOOP('',(#10626,#10627,#10628,#10629));
#1796=EDGE_LOOP('',(#10630,#10631,#10632,#10633));
#1797=EDGE_LOOP('',(#10634,#10635,#10636,#10637));
#1798=EDGE_LOOP('',(#10638,#10639,#10640,#10641));
#1799=EDGE_LOOP('',(#10642,#10643,#10644,#10645));
#1800=EDGE_LOOP('',(#10646,#10647,#10648,#10649));
#1801=EDGE_LOOP('',(#10650,#10651,#10652,#10653));
#1802=EDGE_LOOP('',(#10654,#10655,#10656,#10657));
#1803=EDGE_LOOP('',(#10658,#10659,#10660,#10661));
#1804=EDGE_LOOP('',(#10662,#10663,#10664,#10665));
#1805=EDGE_LOOP('',(#10666,#10667,#10668,#10669));
#1806=EDGE_LOOP('',(#10670,#10671,#10672,#10673));
#1807=EDGE_LOOP('',(#10674,#10675,#10676,#10677));
#1808=EDGE_LOOP('',(#10678,#10679,#10680,#10681));
#1809=EDGE_LOOP('',(#10682,#10683,#10684,#10685));
#1810=EDGE_LOOP('',(#10686,#10687,#10688,#10689));
#1811=EDGE_LOOP('',(#10690,#10691,#10692,#10693));
#1812=EDGE_LOOP('',(#10694,#10695,#10696,#10697));
#1813=EDGE_LOOP('',(#10698,#10699,#10700,#10701));
#1814=EDGE_LOOP('',(#10702,#10703,#10704,#10705));
#1815=EDGE_LOOP('',(#10706,#10707,#10708,#10709));
#1816=EDGE_LOOP('',(#10710,#10711,#10712,#10713));
#1817=EDGE_LOOP('',(#10714,#10715,#10716,#10717));
#1818=EDGE_LOOP('',(#10718,#10719,#10720,#10721));
#1819=EDGE_LOOP('',(#10722,#10723,#10724,#10725));
#1820=EDGE_LOOP('',(#10726,#10727,#10728,#10729));
#1821=EDGE_LOOP('',(#10730,#10731,#10732,#10733));
#1822=EDGE_LOOP('',(#10734,#10735,#10736,#10737));
#1823=EDGE_LOOP('',(#10738,#10739,#10740,#10741));
#1824=EDGE_LOOP('',(#10742,#10743,#10744,#10745));
#1825=EDGE_LOOP('',(#10746,#10747,#10748,#10749));
#1826=EDGE_LOOP('',(#10750,#10751,#10752,#10753));
#1827=EDGE_LOOP('',(#10754,#10755,#10756,#10757));
#1828=EDGE_LOOP('',(#10758,#10759,#10760,#10761));
#1829=EDGE_LOOP('',(#10762,#10763,#10764,#10765));
#1830=EDGE_LOOP('',(#10766,#10767,#10768,#10769));
#1831=EDGE_LOOP('',(#10770,#10771,#10772,#10773));
#1832=EDGE_LOOP('',(#10774,#10775,#10776,#10777));
#1833=EDGE_LOOP('',(#10778,#10779,#10780,#10781));
#1834=EDGE_LOOP('',(#10782,#10783,#10784,#10785));
#1835=EDGE_LOOP('',(#10786,#10787,#10788,#10789));
#1836=EDGE_LOOP('',(#10790,#10791,#10792,#10793));
#1837=EDGE_LOOP('',(#10794,#10795,#10796,#10797));
#1838=EDGE_LOOP('',(#10798,#10799,#10800,#10801));
#1839=EDGE_LOOP('',(#10802,#10803,#10804,#10805));
#1840=EDGE_LOOP('',(#10806,#10807,#10808,#10809));
#1841=EDGE_LOOP('',(#10810,#10811,#10812,#10813));
#1842=EDGE_LOOP('',(#10814,#10815,#10816,#10817));
#1843=EDGE_LOOP('',(#10818,#10819,#10820,#10821));
#1844=EDGE_LOOP('',(#10822,#10823,#10824,#10825));
#1845=EDGE_LOOP('',(#10826,#10827,#10828,#10829));
#1846=EDGE_LOOP('',(#10830,#10831,#10832,#10833));
#1847=EDGE_LOOP('',(#10834,#10835,#10836,#10837));
#1848=EDGE_LOOP('',(#10838,#10839,#10840,#10841));
#1849=EDGE_LOOP('',(#10842,#10843,#10844,#10845));
#1850=EDGE_LOOP('',(#10846,#10847,#10848,#10849));
#1851=EDGE_LOOP('',(#10850,#10851,#10852,#10853));
#1852=EDGE_LOOP('',(#10854,#10855,#10856,#10857));
#1853=EDGE_LOOP('',(#10858,#10859,#10860,#10861));
#1854=EDGE_LOOP('',(#10862,#10863,#10864,#10865));
#1855=EDGE_LOOP('',(#10866,#10867,#10868,#10869));
#1856=EDGE_LOOP('',(#10870,#10871,#10872,#10873));
#1857=EDGE_LOOP('',(#10874,#10875,#10876,#10877));
#1858=EDGE_LOOP('',(#10878,#10879,#10880,#10881));
#1859=EDGE_LOOP('',(#10882,#10883,#10884,#10885));
#1860=EDGE_LOOP('',(#10886,#10887,#10888,#10889));
#1861=EDGE_LOOP('',(#10890,#10891,#10892,#10893));
#1862=EDGE_LOOP('',(#10894,#10895,#10896,#10897));
#1863=EDGE_LOOP('',(#10898,#10899,#10900,#10901));
#1864=EDGE_LOOP('',(#10902,#10903,#10904,#10905));
#1865=EDGE_LOOP('',(#10906,#10907,#10908,#10909));
#1866=EDGE_LOOP('',(#10910,#10911,#10912,#10913));
#1867=EDGE_LOOP('',(#10914,#10915,#10916,#10917));
#1868=EDGE_LOOP('',(#10918,#10919,#10920,#10921));
#1869=EDGE_LOOP('',(#10922,#10923,#10924,#10925));
#1870=EDGE_LOOP('',(#10926,#10927,#10928,#10929));
#1871=EDGE_LOOP('',(#10930,#10931,#10932,#10933));
#1872=EDGE_LOOP('',(#10934,#10935,#10936,#10937));
#1873=EDGE_LOOP('',(#10938,#10939,#10940,#10941));
#1874=EDGE_LOOP('',(#10942,#10943,#10944,#10945));
#1875=EDGE_LOOP('',(#10946,#10947,#10948,#10949));
#1876=EDGE_LOOP('',(#10950,#10951,#10952,#10953));
#1877=EDGE_LOOP('',(#10954,#10955,#10956,#10957));
#1878=EDGE_LOOP('',(#10958,#10959,#10960,#10961));
#1879=EDGE_LOOP('',(#10962,#10963,#10964,#10965));
#1880=EDGE_LOOP('',(#10966,#10967,#10968,#10969));
#1881=EDGE_LOOP('',(#10970,#10971,#10972,#10973));
#1882=EDGE_LOOP('',(#10974,#10975,#10976,#10977));
#1883=EDGE_LOOP('',(#10978,#10979,#10980,#10981));
#1884=EDGE_LOOP('',(#10982,#10983,#10984,#10985));
#1885=EDGE_LOOP('',(#10986,#10987,#10988,#10989));
#1886=EDGE_LOOP('',(#10990,#10991,#10992,#10993));
#1887=EDGE_LOOP('',(#10994,#10995,#10996,#10997));
#1888=EDGE_LOOP('',(#10998,#10999,#11000,#11001));
#1889=EDGE_LOOP('',(#11002,#11003,#11004,#11005));
#1890=EDGE_LOOP('',(#11006,#11007,#11008,#11009));
#1891=EDGE_LOOP('',(#11010,#11011,#11012,#11013));
#1892=EDGE_LOOP('',(#11014,#11015,#11016,#11017));
#1893=EDGE_LOOP('',(#11018,#11019,#11020,#11021));
#1894=EDGE_LOOP('',(#11022,#11023,#11024,#11025));
#1895=EDGE_LOOP('',(#11026,#11027,#11028,#11029));
#1896=EDGE_LOOP('',(#11030,#11031,#11032,#11033));
#1897=EDGE_LOOP('',(#11034,#11035,#11036,#11037));
#1898=EDGE_LOOP('',(#11038,#11039,#11040,#11041));
#1899=EDGE_LOOP('',(#11042,#11043,#11044,#11045));
#1900=EDGE_LOOP('',(#11046,#11047,#11048,#11049));
#1901=EDGE_LOOP('',(#11050,#11051,#11052,#11053,#11054,#11055,#11056,#11057));
#1902=EDGE_LOOP('',(#11058,#11059,#11060,#11061,#11062,#11063,#11064,#11065,
#11066));
#1903=EDGE_LOOP('',(#11067,#11068,#11069,#11070,#11071,#11072,#11073,#11074,
#11075));
#1904=EDGE_LOOP('',(#11076,#11077,#11078,#11079,#11080,#11081,#11082,#11083,
#11084));
#1905=EDGE_LOOP('',(#11085,#11086,#11087,#11088,#11089,#11090,#11091,#11092,
#11093));
#1906=EDGE_LOOP('',(#11094,#11095,#11096,#11097,#11098,#11099,#11100,#11101,
#11102));
#1907=EDGE_LOOP('',(#11103,#11104,#11105,#11106,#11107,#11108,#11109,#11110,
#11111));
#1908=EDGE_LOOP('',(#11112,#11113,#11114,#11115,#11116,#11117,#11118,#11119,
#11120));
#1909=EDGE_LOOP('',(#11121,#11122,#11123,#11124,#11125,#11126,#11127,#11128,
#11129));
#1910=EDGE_LOOP('',(#11130,#11131,#11132,#11133,#11134,#11135,#11136,#11137,
#11138));
#1911=EDGE_LOOP('',(#11139,#11140,#11141,#11142,#11143,#11144,#11145,#11146,
#11147));
#1912=EDGE_LOOP('',(#11148,#11149,#11150,#11151,#11152,#11153,#11154,#11155,
#11156));
#1913=EDGE_LOOP('',(#11157,#11158,#11159,#11160,#11161,#11162,#11163,#11164,
#11165));
#1914=EDGE_LOOP('',(#11166,#11167,#11168,#11169,#11170,#11171,#11172,#11173,
#11174));
#1915=EDGE_LOOP('',(#11175,#11176,#11177,#11178,#11179,#11180,#11181,#11182,
#11183));
#1916=EDGE_LOOP('',(#11184,#11185,#11186,#11187,#11188,#11189,#11190,#11191,
#11192));
#1917=EDGE_LOOP('',(#11193,#11194,#11195,#11196,#11197,#11198,#11199,#11200,
#11201));
#1918=EDGE_LOOP('',(#11202,#11203,#11204,#11205,#11206,#11207,#11208,#11209,
#11210));
#1919=EDGE_LOOP('',(#11211,#11212,#11213,#11214,#11215,#11216,#11217,#11218,
#11219));
#1920=EDGE_LOOP('',(#11220,#11221,#11222,#11223,#11224,#11225,#11226,#11227,
#11228));
#1921=EDGE_LOOP('',(#11229,#11230,#11231,#11232,#11233,#11234,#11235,#11236,
#11237));
#1922=EDGE_LOOP('',(#11238,#11239,#11240,#11241,#11242,#11243,#11244,#11245,
#11246));
#1923=EDGE_LOOP('',(#11247,#11248,#11249,#11250,#11251,#11252,#11253,#11254,
#11255));
#1924=EDGE_LOOP('',(#11256,#11257,#11258,#11259,#11260,#11261,#11262,#11263,
#11264));
#1925=EDGE_LOOP('',(#11265,#11266,#11267,#11268,#11269,#11270));
#1926=EDGE_LOOP('',(#11271,#11272,#11273,#11274,#11275,#11276));
#1927=EDGE_LOOP('',(#11277,#11278,#11279,#11280,#11281,#11282,#11283,#11284));
#1928=EDGE_LOOP('',(#11285,#11286,#11287,#11288,#11289,#11290,#11291,#11292,
#11293));
#1929=EDGE_LOOP('',(#11294,#11295,#11296,#11297,#11298,#11299,#11300,#11301,
#11302));
#1930=EDGE_LOOP('',(#11303,#11304,#11305,#11306,#11307,#11308,#11309,#11310,
#11311));
#1931=EDGE_LOOP('',(#11312,#11313,#11314,#11315,#11316,#11317,#11318,#11319,
#11320));
#1932=EDGE_LOOP('',(#11321,#11322,#11323,#11324,#11325,#11326,#11327,#11328,
#11329));
#1933=EDGE_LOOP('',(#11330,#11331,#11332,#11333,#11334,#11335,#11336,#11337,
#11338));
#1934=EDGE_LOOP('',(#11339,#11340,#11341,#11342,#11343,#11344,#11345,#11346,
#11347));
#1935=EDGE_LOOP('',(#11348,#11349,#11350,#11351,#11352,#11353,#11354,#11355,
#11356));
#1936=EDGE_LOOP('',(#11357,#11358,#11359,#11360,#11361,#11362,#11363,#11364,
#11365));
#1937=EDGE_LOOP('',(#11366,#11367,#11368,#11369,#11370,#11371,#11372,#11373,
#11374));
#1938=EDGE_LOOP('',(#11375,#11376,#11377,#11378,#11379,#11380,#11381,#11382,
#11383));
#1939=EDGE_LOOP('',(#11384,#11385,#11386,#11387,#11388,#11389,#11390,#11391,
#11392));
#1940=EDGE_LOOP('',(#11393,#11394,#11395,#11396,#11397,#11398,#11399,#11400,
#11401));
#1941=EDGE_LOOP('',(#11402,#11403,#11404,#11405,#11406,#11407,#11408,#11409,
#11410));
#1942=EDGE_LOOP('',(#11411,#11412,#11413,#11414,#11415,#11416,#11417,#11418,
#11419));
#1943=EDGE_LOOP('',(#11420,#11421,#11422,#11423,#11424,#11425,#11426,#11427,
#11428));
#1944=EDGE_LOOP('',(#11429,#11430,#11431,#11432,#11433,#11434,#11435,#11436,
#11437));
#1945=EDGE_LOOP('',(#11438,#11439,#11440,#11441,#11442,#11443,#11444,#11445,
#11446));
#1946=EDGE_LOOP('',(#11447,#11448,#11449,#11450,#11451,#11452,#11453,#11454,
#11455));
#1947=EDGE_LOOP('',(#11456,#11457,#11458,#11459,#11460,#11461,#11462,#11463,
#11464));
#1948=EDGE_LOOP('',(#11465,#11466,#11467,#11468,#11469,#11470,#11471,#11472,
#11473));
#1949=EDGE_LOOP('',(#11474,#11475,#11476,#11477,#11478,#11479,#11480,#11481,
#11482));
#1950=EDGE_LOOP('',(#11483,#11484,#11485,#11486,#11487,#11488,#11489,#11490,
#11491));
#1951=EDGE_LOOP('',(#11492,#11493,#11494,#11495,#11496,#11497));
#1952=EDGE_LOOP('',(#11498,#11499,#11500,#11501,#11502,#11503));
#1953=EDGE_LOOP('',(#11504,#11505,#11506,#11507,#11508,#11509,#11510,#11511,
#11512,#11513,#11514,#11515));
#1954=EDGE_LOOP('',(#11516,#11517,#11518,#11519,#11520,#11521,#11522,#11523,
#11524,#11525,#11526,#11527));
#1955=EDGE_LOOP('',(#11528,#11529,#11530,#11531));
#1956=EDGE_LOOP('',(#11532,#11533,#11534,#11535));
#1957=EDGE_LOOP('',(#11536,#11537,#11538,#11539));
#1958=EDGE_LOOP('',(#11540,#11541,#11542,#11543));
#1959=EDGE_LOOP('',(#11544,#11545,#11546,#11547));
#1960=EDGE_LOOP('',(#11548,#11549,#11550,#11551));
#1961=EDGE_LOOP('',(#11552,#11553,#11554,#11555));
#1962=EDGE_LOOP('',(#11556,#11557,#11558,#11559));
#1963=EDGE_LOOP('',(#11560,#11561,#11562,#11563));
#1964=EDGE_LOOP('',(#11564,#11565,#11566,#11567));
#1965=EDGE_LOOP('',(#11568,#11569,#11570,#11571));
#1966=EDGE_LOOP('',(#11572,#11573,#11574,#11575));
#1967=EDGE_LOOP('',(#11576,#11577,#11578,#11579));
#1968=EDGE_LOOP('',(#11580,#11581,#11582,#11583));
#1969=EDGE_LOOP('',(#11584,#11585,#11586,#11587));
#1970=EDGE_LOOP('',(#11588,#11589,#11590,#11591,#11592,#11593,#11594,#11595,
#11596,#11597,#11598,#11599,#11600,#11601,#11602,#11603,#11604,#11605,#11606,
#11607));
#1971=EDGE_LOOP('',(#11608,#11609,#11610,#11611));
#1972=EDGE_LOOP('',(#11612,#11613,#11614,#11615));
#1973=EDGE_LOOP('',(#11616,#11617,#11618,#11619));
#1974=EDGE_LOOP('',(#11620,#11621,#11622,#11623));
#1975=EDGE_LOOP('',(#11624,#11625,#11626,#11627));
#1976=EDGE_LOOP('',(#11628,#11629,#11630,#11631));
#1977=EDGE_LOOP('',(#11632,#11633,#11634,#11635));
#1978=EDGE_LOOP('',(#11636,#11637,#11638,#11639));
#1979=EDGE_LOOP('',(#11640,#11641,#11642,#11643));
#1980=EDGE_LOOP('',(#11644,#11645,#11646,#11647));
#1981=EDGE_LOOP('',(#11648,#11649,#11650,#11651,#11652,#11653,#11654,#11655,
#11656,#11657,#11658,#11659,#11660,#11661,#11662,#11663,#11664,#11665,#11666,
#11667));
#1982=EDGE_LOOP('',(#11668,#11669,#11670,#11671));
#1983=EDGE_LOOP('',(#11672,#11673,#11674,#11675));
#1984=EDGE_LOOP('',(#11676,#11677,#11678,#11679));
#1985=EDGE_LOOP('',(#11680,#11681,#11682,#11683));
#1986=EDGE_LOOP('',(#11684,#11685,#11686,#11687,#11688,#11689,#11690,#11691,
#11692,#11693,#11694,#11695));
#1987=EDGE_LOOP('',(#11696,#11697,#11698,#11699,#11700,#11701,#11702,#11703,
#11704,#11705,#11706,#11707));
#1988=EDGE_LOOP('',(#11708,#11709,#11710,#11711));
#1989=EDGE_LOOP('',(#11712,#11713,#11714,#11715));
#1990=EDGE_LOOP('',(#11716,#11717,#11718,#11719));
#1991=EDGE_LOOP('',(#11720,#11721,#11722,#11723));
#1992=EDGE_LOOP('',(#11724,#11725,#11726,#11727,#11728,#11729,#11730,#11731,
#11732,#11733,#11734,#11735,#11736,#11737,#11738,#11739,#11740,#11741,#11742,
#11743));
#1993=EDGE_LOOP('',(#11744,#11745,#11746,#11747));
#1994=EDGE_LOOP('',(#11748,#11749,#11750,#11751));
#1995=EDGE_LOOP('',(#11752,#11753,#11754,#11755,#11756,#11757));
#1996=EDGE_LOOP('',(#11758,#11759,#11760,#11761));
#1997=EDGE_LOOP('',(#11762,#11763,#11764,#11765));
#1998=EDGE_LOOP('',(#11766,#11767,#11768,#11769));
#1999=EDGE_LOOP('',(#11770,#11771,#11772,#11773));
#2000=EDGE_LOOP('',(#11774,#11775,#11776,#11777));
#2001=EDGE_LOOP('',(#11778,#11779,#11780,#11781));
#2002=EDGE_LOOP('',(#11782,#11783,#11784,#11785));
#2003=EDGE_LOOP('',(#11786,#11787,#11788,#11789,#11790,#11791,#11792,#11793));
#2004=EDGE_LOOP('',(#11794,#11795,#11796,#11797));
#2005=EDGE_LOOP('',(#11798,#11799,#11800,#11801));
#2006=EDGE_LOOP('',(#11802,#11803,#11804,#11805,#11806,#11807));
#2007=EDGE_LOOP('',(#11808,#11809,#11810,#11811));
#2008=EDGE_LOOP('',(#11812,#11813,#11814,#11815));
#2009=EDGE_LOOP('',(#11816,#11817,#11818,#11819,#11820,#11821,#11822,#11823));
#2010=EDGE_LOOP('',(#11824,#11825,#11826,#11827));
#2011=EDGE_LOOP('',(#11828,#11829,#11830,#11831));
#2012=EDGE_LOOP('',(#11832,#11833,#11834,#11835));
#2013=EDGE_LOOP('',(#11836,#11837,#11838,#11839));
#2014=EDGE_LOOP('',(#11840,#11841,#11842,#11843,#11844,#11845,#11846,#11847));
#2015=EDGE_LOOP('',(#11848,#11849,#11850,#11851,#11852,#11853,#11854,#11855));
#2016=EDGE_LOOP('',(#11856,#11857,#11858,#11859,#11860,#11861,#11862,#11863,
#11864,#11865,#11866,#11867,#11868,#11869,#11870,#11871,#11872,#11873,#11874,
#11875));
#2017=EDGE_LOOP('',(#11876,#11877,#11878,#11879,#11880,#11881,#11882,#11883));
#2018=EDGE_LOOP('',(#11884,#11885,#11886,#11887,#11888,#11889,#11890,#11891,
#11892,#11893,#11894,#11895,#11896,#11897,#11898,#11899,#11900,#11901,#11902,
#11903));
#2019=EDGE_LOOP('',(#11904,#11905,#11906,#11907));
#2020=EDGE_LOOP('',(#11908,#11909,#11910,#11911));
#2021=EDGE_LOOP('',(#11912,#11913,#11914,#11915));
#2022=EDGE_LOOP('',(#11916,#11917,#11918,#11919));
#2023=EDGE_LOOP('',(#11920,#11921,#11922,#11923,#11924,#11925,#11926,#11927));
#2024=EDGE_LOOP('',(#11928,#11929,#11930,#11931));
#2025=EDGE_LOOP('',(#11932,#11933,#11934,#11935,#11936,#11937,#11938,#11939));
#2026=EDGE_LOOP('',(#11940,#11941,#11942,#11943));
#2027=EDGE_LOOP('',(#11944,#11945,#11946,#11947));
#2028=EDGE_LOOP('',(#11948,#11949,#11950,#11951));
#2029=EDGE_LOOP('',(#11952,#11953,#11954,#11955,#11956));
#2030=EDGE_LOOP('',(#11957,#11958,#11959,#11960,#11961));
#2031=EDGE_LOOP('',(#11962,#11963,#11964,#11965,#11966));
#2032=EDGE_LOOP('',(#11967,#11968,#11969,#11970,#11971));
#2033=EDGE_LOOP('',(#11972,#11973,#11974,#11975,#11976));
#2034=EDGE_LOOP('',(#11977,#11978,#11979,#11980,#11981));
#2035=EDGE_LOOP('',(#11982,#11983,#11984,#11985,#11986));
#2036=EDGE_LOOP('',(#11987,#11988,#11989,#11990,#11991));
#2037=EDGE_LOOP('',(#11992,#11993,#11994,#11995));
#2038=EDGE_LOOP('',(#11996,#11997,#11998,#11999));
#2039=EDGE_LOOP('',(#12000,#12001,#12002,#12003));
#2040=EDGE_LOOP('',(#12004,#12005,#12006,#12007));
#2041=EDGE_LOOP('',(#12008,#12009,#12010,#12011));
#2042=EDGE_LOOP('',(#12012,#12013,#12014,#12015));
#2043=EDGE_LOOP('',(#12016,#12017,#12018,#12019));
#2044=EDGE_LOOP('',(#12020,#12021,#12022,#12023));
#2045=EDGE_LOOP('',(#12024,#12025,#12026,#12027));
#2046=EDGE_LOOP('',(#12028,#12029,#12030,#12031));
#2047=EDGE_LOOP('',(#12032,#12033,#12034,#12035));
#2048=EDGE_LOOP('',(#12036,#12037,#12038,#12039));
#2049=EDGE_LOOP('',(#12040,#12041,#12042,#12043));
#2050=EDGE_LOOP('',(#12044,#12045,#12046,#12047));
#2051=EDGE_LOOP('',(#12048,#12049,#12050,#12051));
#2052=EDGE_LOOP('',(#12052,#12053,#12054,#12055));
#2053=EDGE_LOOP('',(#12056,#12057,#12058,#12059));
#2054=EDGE_LOOP('',(#12060,#12061,#12062,#12063));
#2055=EDGE_LOOP('',(#12064,#12065,#12066,#12067));
#2056=EDGE_LOOP('',(#12068,#12069,#12070,#12071));
#2057=EDGE_LOOP('',(#12072,#12073,#12074,#12075));
#2058=EDGE_LOOP('',(#12076,#12077,#12078,#12079));
#2059=EDGE_LOOP('',(#12080,#12081,#12082,#12083));
#2060=EDGE_LOOP('',(#12084,#12085,#12086,#12087));
#2061=EDGE_LOOP('',(#12088,#12089,#12090,#12091));
#2062=EDGE_LOOP('',(#12092,#12093,#12094,#12095));
#2063=EDGE_LOOP('',(#12096,#12097,#12098,#12099));
#2064=EDGE_LOOP('',(#12100,#12101,#12102,#12103));
#2065=EDGE_LOOP('',(#12104,#12105,#12106,#12107));
#2066=EDGE_LOOP('',(#12108,#12109,#12110,#12111));
#2067=EDGE_LOOP('',(#12112,#12113,#12114,#12115));
#2068=EDGE_LOOP('',(#12116,#12117,#12118,#12119));
#2069=EDGE_LOOP('',(#12120,#12121,#12122,#12123));
#2070=EDGE_LOOP('',(#12124,#12125,#12126,#12127));
#2071=EDGE_LOOP('',(#12128,#12129,#12130,#12131));
#2072=EDGE_LOOP('',(#12132,#12133,#12134,#12135));
#2073=EDGE_LOOP('',(#12136,#12137,#12138,#12139));
#2074=EDGE_LOOP('',(#12140,#12141,#12142,#12143));
#2075=EDGE_LOOP('',(#12144,#12145,#12146,#12147,#12148));
#2076=EDGE_LOOP('',(#12149,#12150,#12151,#12152,#12153));
#2077=EDGE_LOOP('',(#12154,#12155,#12156,#12157));
#2078=EDGE_LOOP('',(#12158,#12159,#12160,#12161,#12162));
#2079=EDGE_LOOP('',(#12163,#12164,#12165,#12166,#12167));
#2080=EDGE_LOOP('',(#12168,#12169,#12170,#12171,#12172));
#2081=EDGE_LOOP('',(#12173,#12174,#12175,#12176,#12177));
#2082=EDGE_LOOP('',(#12178,#12179,#12180,#12181,#12182));
#2083=EDGE_LOOP('',(#12183,#12184,#12185,#12186,#12187));
#2084=EDGE_LOOP('',(#12188,#12189,#12190,#12191,#12192));
#2085=EDGE_LOOP('',(#12193,#12194,#12195,#12196));
#2086=EDGE_LOOP('',(#12197,#12198,#12199,#12200));
#2087=EDGE_LOOP('',(#12201,#12202,#12203,#12204));
#2088=EDGE_LOOP('',(#12205,#12206,#12207,#12208));
#2089=EDGE_LOOP('',(#12209,#12210,#12211,#12212));
#2090=EDGE_LOOP('',(#12213,#12214,#12215,#12216,#12217));
#2091=EDGE_LOOP('',(#12218,#12219,#12220,#12221,#12222));
#2092=EDGE_LOOP('',(#12223,#12224,#12225,#12226,#12227));
#2093=EDGE_LOOP('',(#12228,#12229,#12230,#12231));
#2094=EDGE_LOOP('',(#12232,#12233,#12234,#12235));
#2095=EDGE_LOOP('',(#12236,#12237,#12238,#12239));
#2096=EDGE_LOOP('',(#12240,#12241,#12242,#12243));
#2097=EDGE_LOOP('',(#12244,#12245,#12246,#12247));
#2098=EDGE_LOOP('',(#12248,#12249,#12250,#12251));
#2099=EDGE_LOOP('',(#12252,#12253,#12254,#12255));
#2100=EDGE_LOOP('',(#12256,#12257,#12258,#12259));
#2101=EDGE_LOOP('',(#12260,#12261,#12262,#12263,#12264));
#2102=EDGE_LOOP('',(#12265,#12266,#12267,#12268,#12269));
#2103=EDGE_LOOP('',(#12270,#12271,#12272,#12273,#12274));
#2104=EDGE_LOOP('',(#12275,#12276,#12277,#12278,#12279));
#2105=EDGE_LOOP('',(#12280,#12281,#12282,#12283,#12284,#12285,#12286,#12287));
#2106=EDGE_LOOP('',(#12288,#12289,#12290,#12291));
#2107=EDGE_LOOP('',(#12292,#12293,#12294,#12295));
#2108=EDGE_LOOP('',(#12296,#12297,#12298,#12299));
#2109=EDGE_LOOP('',(#12300,#12301,#12302,#12303,#12304,#12305,#12306,#12307));
#2110=EDGE_LOOP('',(#12308,#12309,#12310,#12311));
#2111=EDGE_LOOP('',(#12312,#12313,#12314,#12315));
#2112=EDGE_LOOP('',(#12316,#12317,#12318,#12319));
#2113=CIRCLE('',#13268,0.5);
#2114=CIRCLE('',#13270,1.3);
#2115=CIRCLE('',#13271,1.3);
#2116=CIRCLE('',#13272,2.5);
#2117=CIRCLE('',#13274,1.3);
#2118=CIRCLE('',#13275,1.3);
#2119=CIRCLE('',#13276,2.5);
#2120=CIRCLE('',#13278,1.3);
#2121=CIRCLE('',#13279,1.3);
#2122=CIRCLE('',#13280,2.5);
#2123=CIRCLE('',#13282,2.5);
#2124=CIRCLE('',#13284,1.3);
#2125=CIRCLE('',#13285,1.3);
#2126=CIRCLE('',#13286,2.50000000000001);
#2127=CIRCLE('',#13288,2.50000000000001);
#2128=CIRCLE('',#13290,1.9);
#2129=CIRCLE('',#13291,1.9);
#2130=CIRCLE('',#13293,0.800000000000002);
#2131=CIRCLE('',#13294,0.800000000000002);
#2132=CIRCLE('',#13296,1.3);
#2133=CIRCLE('',#13298,1.3);
#2134=CIRCLE('',#13300,1.3);
#2135=CIRCLE('',#13302,1.3);
#2136=CIRCLE('',#13304,1.);
#2137=CIRCLE('',#13305,1.);
#2138=CIRCLE('',#13306,1.);
#2139=CIRCLE('',#13307,1.);
#2140=CIRCLE('',#13308,1.);
#2141=CIRCLE('',#13309,0.5);
#2142=CIRCLE('',#13310,1.);
#2143=CIRCLE('',#13311,1.);
#2144=CIRCLE('',#13312,1.);
#2145=CIRCLE('',#13313,1.30000000000001);
#2146=CIRCLE('',#13314,1.30000000000001);
#2147=CIRCLE('',#13315,1.30000000000001);
#2148=CIRCLE('',#13316,1.30000000000001);
#2149=CIRCLE('',#13317,1.);
#2150=CIRCLE('',#13318,1.);
#2151=CIRCLE('',#13319,1.);
#2152=CIRCLE('',#13320,0.5);
#2153=CIRCLE('',#13321,1.5);
#2154=CIRCLE('',#13322,0.5);
#2155=CIRCLE('',#13323,1.5);
#2156=CIRCLE('',#13324,1.5);
#2157=CIRCLE('',#13325,0.5);
#2158=CIRCLE('',#13326,1.5);
#2159=CIRCLE('',#13327,0.5);
#2160=CIRCLE('',#13328,1.);
#2161=CIRCLE('',#13330,1.49999999999999);
#2162=CIRCLE('',#13331,1.49999999999999);
#2163=CIRCLE('',#13332,1.49999999999998);
#2164=CIRCLE('',#13333,1.49999999999999);
#2165=CIRCLE('',#13334,1.3);
#2166=CIRCLE('',#13335,1.3);
#2167=CIRCLE('',#13336,0.699999999999999);
#2168=CIRCLE('',#13337,1.3);
#2169=CIRCLE('',#13338,0.699999999999999);
#2170=CIRCLE('',#13339,0.800000000000002);
#2171=CIRCLE('',#13340,0.800000000000002);
#2172=CIRCLE('',#13341,0.800000000000002);
#2173=CIRCLE('',#13342,0.800000000000002);
#2174=CIRCLE('',#13343,0.699999999999999);
#2175=CIRCLE('',#13344,1.3);
#2176=CIRCLE('',#13345,0.699999999999999);
#2177=CIRCLE('',#13346,0.799999999999995);
#2178=CIRCLE('',#13347,0.799999999999998);
#2179=CIRCLE('',#13348,0.799999999999991);
#2180=CIRCLE('',#13349,0.799999999999995);
#2181=CIRCLE('',#13350,1.6);
#2182=CIRCLE('',#13351,1.60000000000003);
#2183=CIRCLE('',#13353,1.);
#2184=CIRCLE('',#13354,1.);
#2185=CIRCLE('',#13355,1.);
#2186=CIRCLE('',#13356,1.);
#2187=CIRCLE('',#13357,1.30000000000003);
#2188=CIRCLE('',#13358,1.3);
#2189=CIRCLE('',#13364,1.5);
#2190=CIRCLE('',#13365,1.5);
#2191=CIRCLE('',#13366,1.5);
#2192=CIRCLE('',#13367,1.5);
#2193=CIRCLE('',#13368,1.);
#2194=CIRCLE('',#13369,1.);
#2195=CIRCLE('',#13370,1.);
#2196=CIRCLE('',#13371,1.);
#2197=CIRCLE('',#13398,2.5);
#2198=CIRCLE('',#13399,2.5);
#2199=CIRCLE('',#13401,2.5);
#2200=CIRCLE('',#13402,2.5);
#2201=CIRCLE('',#13404,2.5);
#2202=CIRCLE('',#13405,2.5);
#2203=CIRCLE('',#13407,2.5);
#2204=CIRCLE('',#13408,2.5);
#2205=CIRCLE('',#13430,1.);
#2206=CIRCLE('',#13431,1.);
#2207=CIRCLE('',#13433,1.);
#2208=CIRCLE('',#13434,1.);
#2209=CIRCLE('',#13436,1.);
#2210=CIRCLE('',#13437,1.);
#2211=CIRCLE('',#13439,1.);
#2212=CIRCLE('',#13440,1.);
#2213=CIRCLE('',#13446,1.30000000000003);
#2214=CIRCLE('',#13450,1.3);
#2215=CIRCLE('',#13455,1.);
#2216=CIRCLE('',#13456,1.);
#2217=CIRCLE('',#13457,1.);
#2218=CIRCLE('',#13458,1.);
#2219=CIRCLE('',#13460,0.5);
#2220=CIRCLE('',#13461,0.5);
#2221=CIRCLE('',#13464,0.5);
#2222=CIRCLE('',#13465,0.5);
#2223=CIRCLE('',#13468,0.500000000000003);
#2224=CIRCLE('',#13469,0.500000000000003);
#2225=CIRCLE('',#13472,0.499999999999996);
#2226=CIRCLE('',#13473,0.499999999999996);
#2227=CIRCLE('',#13481,1.);
#2228=CIRCLE('',#13482,1.);
#2229=CIRCLE('',#13484,1.);
#2230=CIRCLE('',#13485,1.);
#2231=CIRCLE('',#13487,1.);
#2232=CIRCLE('',#13488,1.);
#2233=CIRCLE('',#13490,1.);
#2234=CIRCLE('',#13491,1.);
#2235=CIRCLE('',#13493,1.);
#2236=CIRCLE('',#13495,1.);
#2237=CIRCLE('',#13497,1.);
#2238=CIRCLE('',#13499,1.);
#2239=CIRCLE('',#13503,0.5);
#2240=CIRCLE('',#13504,0.5);
#2241=CIRCLE('',#13506,0.5);
#2242=CIRCLE('',#13507,0.5);
#2243=CIRCLE('',#13509,0.5);
#2244=CIRCLE('',#13510,0.5);
#2245=CIRCLE('',#13512,0.5);
#2246=CIRCLE('',#13513,0.5);
#2247=CIRCLE('',#13582,1.025);
#2248=CIRCLE('',#13583,1.025);
#2249=CIRCLE('',#13585,1.025);
#2250=CIRCLE('',#13586,1.025);
#2251=CIRCLE('',#13588,1.02500000000001);
#2252=CIRCLE('',#13589,1.02500000000001);
#2253=CIRCLE('',#13591,1.025);
#2254=CIRCLE('',#13592,1.025);
#2255=CIRCLE('',#13594,2.);
#2256=CIRCLE('',#13595,2.);
#2257=CIRCLE('',#13596,1.);
#2258=CIRCLE('',#13597,1.);
#2259=CIRCLE('',#13598,2.);
#2260=CIRCLE('',#13599,2.);
#2261=CIRCLE('',#13600,1.);
#2262=CIRCLE('',#13601,1.);
#2263=CIRCLE('',#13602,0.999999999999999);
#2264=CIRCLE('',#13603,1.);
#2265=CIRCLE('',#13605,2.);
#2266=CIRCLE('',#13606,1.);
#2267=CIRCLE('',#13607,1.);
#2268=CIRCLE('',#13608,2.);
#2269=CIRCLE('',#13609,2.5);
#2270=CIRCLE('',#13610,1.);
#2271=CIRCLE('',#13611,1.);
#2272=CIRCLE('',#13613,2.);
#2273=CIRCLE('',#13614,2.);
#2274=CIRCLE('',#13615,2.5);
#2275=CIRCLE('',#13622,1.3);
#2276=CIRCLE('',#13623,1.3);
#2277=CIRCLE('',#13625,1.3);
#2278=CIRCLE('',#13626,1.3);
#2279=CIRCLE('',#13630,1.5);
#2280=CIRCLE('',#13631,1.5);
#2281=CIRCLE('',#13632,1.5);
#2282=CIRCLE('',#13633,1.5);
#2283=CIRCLE('',#13634,1.39999999999999);
#2284=CIRCLE('',#13635,1.39999999999999);
#2285=CIRCLE('',#13636,1.39999999999999);
#2286=CIRCLE('',#13637,1.39999999999999);
#2287=CIRCLE('',#13638,1.69999999999998);
#2288=CIRCLE('',#13639,1.69999999999998);
#2289=CIRCLE('',#13640,4.89999999999999);
#2290=CIRCLE('',#13641,4.89999999999999);
#2291=CIRCLE('',#13642,4.89999999999999);
#2292=CIRCLE('',#13643,4.89999999999999);
#2293=CIRCLE('',#13649,1.49999999999998);
#2294=CIRCLE('',#13650,1.49999999999998);
#2295=CIRCLE('',#13651,1.49999999999998);
#2296=CIRCLE('',#13652,1.49999999999998);
#2297=CIRCLE('',#13653,1.);
#2298=CIRCLE('',#13654,1.);
#2299=CIRCLE('',#13655,1.);
#2300=CIRCLE('',#13656,1.);
#2301=CIRCLE('',#13662,1.);
#2302=CIRCLE('',#13663,2.);
#2303=CIRCLE('',#13664,1.);
#2304=CIRCLE('',#13665,1.);
#2305=CIRCLE('',#13666,1.);
#2306=CIRCLE('',#13667,1.);
#2307=CIRCLE('',#13668,1.);
#2308=CIRCLE('',#13669,1.);
#2309=CIRCLE('',#13670,2.);
#2310=CIRCLE('',#13671,2.);
#2311=CIRCLE('',#13672,1.);
#2312=CIRCLE('',#13673,1.);
#2313=CIRCLE('',#13674,2.);
#2314=CIRCLE('',#13675,2.);
#2315=CIRCLE('',#13676,2.);
#2316=CIRCLE('',#13677,1.);
#2317=CIRCLE('',#13686,4.5);
#2318=CIRCLE('',#13687,4.5);
#2319=CIRCLE('',#13688,4.5);
#2320=CIRCLE('',#13689,4.5);
#2321=CIRCLE('',#13690,2.5);
#2322=CIRCLE('',#13691,2.5);
#2323=CIRCLE('',#13692,2.5);
#2324=CIRCLE('',#13693,2.5);
#2325=CIRCLE('',#13695,4.5);
#2326=CIRCLE('',#13697,4.5);
#2327=CIRCLE('',#13699,4.5);
#2328=CIRCLE('',#13701,4.5);
#2329=CIRCLE('',#13707,2.5);
#2330=CIRCLE('',#13708,2.5);
#2331=CIRCLE('',#13710,2.5);
#2332=CIRCLE('',#13711,2.5);
#2333=CIRCLE('',#13713,2.5);
#2334=CIRCLE('',#13714,2.5);
#2335=CIRCLE('',#13716,2.5);
#2336=CIRCLE('',#13717,2.5);
#2337=CIRCLE('',#13739,0.999999999999999);
#2338=CIRCLE('',#13740,1.);
#2339=CIRCLE('',#13741,1.);
#2340=CIRCLE('',#13742,1.);
#2341=CIRCLE('',#13754,2.5);
#2342=CIRCLE('',#13758,2.5);
#2343=CIRCLE('',#13766,1.);
#2344=CIRCLE('',#13767,1.);
#2345=CIRCLE('',#13768,1.);
#2346=CIRCLE('',#13771,1.);
#2347=CIRCLE('',#13772,1.);
#2348=CIRCLE('',#13774,1.);
#2349=CIRCLE('',#13775,1.);
#2350=CIRCLE('',#13782,2.);
#2351=CIRCLE('',#13783,2.);
#2352=CIRCLE('',#13812,1.);
#2353=CIRCLE('',#13814,1.);
#2354=CIRCLE('',#13816,1.);
#2355=CIRCLE('',#13818,1.);
#2356=CIRCLE('',#13841,0.650000000000003);
#2357=CIRCLE('',#13842,0.650000000000003);
#2358=CIRCLE('',#13844,0.65);
#2359=CIRCLE('',#13845,0.65);
#2360=CIRCLE('',#13847,0.650000000000529);
#2361=CIRCLE('',#13848,0.650000000000529);
#2362=CIRCLE('',#13850,0.650000000000529);
#2363=CIRCLE('',#13851,0.650000000000529);
#2364=CIRCLE('',#13853,0.650000000001046);
#2365=CIRCLE('',#13854,0.650000000001046);
#2366=CIRCLE('',#13856,0.650000000001053);
#2367=CIRCLE('',#13857,0.650000000001053);
#2368=CIRCLE('',#13859,0.650000000001576);
#2369=CIRCLE('',#13860,0.650000000001576);
#2370=CIRCLE('',#13862,0.650000000001576);
#2371=CIRCLE('',#13863,0.650000000001576);
#2372=CIRCLE('',#13865,0.650000000002093);
#2373=CIRCLE('',#13866,0.650000000002093);
#2374=CIRCLE('',#13868,0.6500000000021);
#2375=CIRCLE('',#13869,0.6500000000021);
#2376=CIRCLE('',#13871,0.650000000000657);
#2377=CIRCLE('',#13872,0.650000000000657);
#2378=CIRCLE('',#13874,0.65000000000066);
#2379=CIRCLE('',#13875,0.65000000000066);
#2380=CIRCLE('',#13877,0.650000000001181);
#2381=CIRCLE('',#13878,0.650000000001181);
#2382=CIRCLE('',#13880,0.650000000001184);
#2383=CIRCLE('',#13881,0.650000000001184);
#2384=CIRCLE('',#13883,0.650000000001705);
#2385=CIRCLE('',#13884,0.650000000001705);
#2386=CIRCLE('',#13886,0.650000000001708);
#2387=CIRCLE('',#13887,0.650000000001708);
#2388=CIRCLE('',#13889,0.650000000000445);
#2389=CIRCLE('',#13890,0.650000000000445);
#2390=CIRCLE('',#13892,0.650000000000449);
#2391=CIRCLE('',#13893,0.650000000000449);
#2392=CIRCLE('',#13895,0.650000000001316);
#2393=CIRCLE('',#13896,0.650000000001316);
#2394=CIRCLE('',#13898,0.650000000001316);
#2395=CIRCLE('',#13899,0.650000000001316);
#2396=CIRCLE('',#13901,0.650000000001837);
#2397=CIRCLE('',#13902,0.650000000001837);
#2398=CIRCLE('',#13904,0.650000000001844);
#2399=CIRCLE('',#13905,0.650000000001844);
#2400=CIRCLE('',#13907,0.650000000000001);
#2401=CIRCLE('',#13908,0.650000000000001);
#2402=CIRCLE('',#13910,0.650000000000001);
#2403=CIRCLE('',#13911,0.650000000000001);
#2404=CIRCLE('',#13913,0.650000000000001);
#2405=CIRCLE('',#13914,0.650000000000001);
#2406=CIRCLE('',#13916,0.650000000000001);
#2407=CIRCLE('',#13917,0.650000000000001);
#2408=CIRCLE('',#13919,0.650000000000098);
#2409=CIRCLE('',#13920,0.650000000000098);
#2410=CIRCLE('',#13922,0.650000000000102);
#2411=CIRCLE('',#13923,0.650000000000102);
#2412=CIRCLE('',#13925,0.650000000000626);
#2413=CIRCLE('',#13926,0.650000000000626);
#2414=CIRCLE('',#13928,0.650000000000626);
#2415=CIRCLE('',#13929,0.650000000000626);
#2416=CIRCLE('',#13931,0.650000000001146);
#2417=CIRCLE('',#13932,0.650000000001146);
#2418=CIRCLE('',#13934,0.650000000001153);
#2419=CIRCLE('',#13935,0.650000000001153);
#2420=CIRCLE('',#13937,0.650000000001677);
#2421=CIRCLE('',#13938,0.650000000001677);
#2422=CIRCLE('',#13940,0.650000000001677);
#2423=CIRCLE('',#13941,0.650000000001677);
#2424=CIRCLE('',#13943,0.650000000000199);
#2425=CIRCLE('',#13944,0.650000000000199);
#2426=CIRCLE('',#13946,0.650000000000206);
#2427=CIRCLE('',#13947,0.650000000000206);
#2428=CIRCLE('',#13949,0.65000000000073);
#2429=CIRCLE('',#13950,0.65000000000073);
#2430=CIRCLE('',#13952,0.65000000000073);
#2431=CIRCLE('',#13953,0.65000000000073);
#2432=CIRCLE('',#13955,0.650000000001247);
#2433=CIRCLE('',#13956,0.650000000001247);
#2434=CIRCLE('',#13958,0.650000000001254);
#2435=CIRCLE('',#13959,0.650000000001254);
#2436=CIRCLE('',#13961,0.650000000001778);
#2437=CIRCLE('',#13962,0.650000000001778);
#2438=CIRCLE('',#13964,0.650000000001778);
#2439=CIRCLE('',#13965,0.650000000001778);
#2440=CIRCLE('',#13967,0.650000000000001);
#2441=CIRCLE('',#13968,0.650000000000001);
#2442=CIRCLE('',#13970,0.650000000000001);
#2443=CIRCLE('',#13971,0.650000000000001);
#2444=CIRCLE('',#13973,0.6500000000001);
#2445=CIRCLE('',#13974,0.6500000000001);
#2446=CIRCLE('',#13976,0.650000000000102);
#2447=CIRCLE('',#13977,0.650000000000102);
#2448=CIRCLE('',#13979,0.650000000000001);
#2449=CIRCLE('',#13980,0.650000000000001);
#2450=CIRCLE('',#13982,0.650000000000001);
#2451=CIRCLE('',#13983,0.650000000000001);
#2452=CIRCLE('',#13985,0.650000000000001);
#2453=CIRCLE('',#13986,0.650000000000001);
#2454=CIRCLE('',#13988,0.650000000000001);
#2455=CIRCLE('',#13989,0.650000000000001);
#2456=CIRCLE('',#13992,2.00000000000005);
#2457=CIRCLE('',#13993,2.00000000000005);
#2458=CIRCLE('',#13996,2.00000000000002);
#2459=CIRCLE('',#13997,2.00000000000002);
#2460=CIRCLE('',#14000,1.99999999999997);
#2461=CIRCLE('',#14001,1.99999999999997);
#2462=CIRCLE('',#14010,0.650000000000102);
#2463=CIRCLE('',#14011,0.650000000000102);
#2464=CIRCLE('',#14018,0.650000000000001);
#2465=CIRCLE('',#14019,0.650000000000001);
#2466=CIRCLE('',#14026,0.650000000001774);
#2467=CIRCLE('',#14027,0.650000000001774);
#2468=CIRCLE('',#14034,0.65000000000125);
#2469=CIRCLE('',#14035,0.65000000000125);
#2470=CIRCLE('',#14042,0.650000000000727);
#2471=CIRCLE('',#14043,0.650000000000727);
#2472=CIRCLE('',#14050,0.650000000000203);
#2473=CIRCLE('',#14051,0.650000000000203);
#2474=CIRCLE('',#14058,0.650000000001674);
#2475=CIRCLE('',#14059,0.650000000001674);
#2476=CIRCLE('',#14066,0.65000000000115);
#2477=CIRCLE('',#14067,0.65000000000115);
#2478=CIRCLE('',#14074,0.650000000000626);
#2479=CIRCLE('',#14075,0.650000000000626);
#2480=CIRCLE('',#14082,0.650000000000102);
#2481=CIRCLE('',#14083,0.650000000000102);
#2482=CIRCLE('',#14090,0.650000000000001);
#2483=CIRCLE('',#14091,0.650000000000001);
#2484=CIRCLE('',#14098,0.650000000000001);
#2485=CIRCLE('',#14099,0.650000000000001);
#2486=CIRCLE('',#14106,0.65000000000184);
#2487=CIRCLE('',#14107,0.65000000000184);
#2488=CIRCLE('',#14114,0.650000000001313);
#2489=CIRCLE('',#14115,0.650000000001313);
#2490=CIRCLE('',#14122,0.650000000000445);
#2491=CIRCLE('',#14123,0.650000000000445);
#2492=CIRCLE('',#14130,0.650000000001708);
#2493=CIRCLE('',#14131,0.650000000001708);
#2494=CIRCLE('',#14138,0.650000000001177);
#2495=CIRCLE('',#14139,0.650000000001177);
#2496=CIRCLE('',#14146,0.65000000000066);
#2497=CIRCLE('',#14147,0.65000000000066);
#2498=CIRCLE('',#14154,0.650000000002097);
#2499=CIRCLE('',#14155,0.650000000002097);
#2500=CIRCLE('',#14162,0.650000000001573);
#2501=CIRCLE('',#14163,0.650000000001573);
#2502=CIRCLE('',#14170,0.650000000001049);
#2503=CIRCLE('',#14171,0.650000000001049);
#2504=CIRCLE('',#14178,0.650000000000525);
#2505=CIRCLE('',#14179,0.650000000000525);
#2506=CIRCLE('',#14186,0.650000000000001);
#2507=CIRCLE('',#14187,0.650000000000001);
#2508=CIRCLE('',#14219,2.);
#2509=CIRCLE('',#14220,2.);
#2510=CIRCLE('',#14224,1.05);
#2511=CIRCLE('',#14225,1.05);
#2512=CIRCLE('',#14227,1.05);
#2513=CIRCLE('',#14228,1.05);
#2514=CIRCLE('',#14230,1.);
#2515=CIRCLE('',#14231,1.);
#2516=CIRCLE('',#14232,1.);
#2517=CIRCLE('',#14233,1.);
#2518=CIRCLE('',#14234,1.);
#2519=CIRCLE('',#14235,1.);
#2520=CIRCLE('',#14236,1.);
#2521=CIRCLE('',#14237,1.);
#2522=CIRCLE('',#14238,1.);
#2523=CIRCLE('',#14239,1.);
#2524=CIRCLE('',#14240,1.);
#2525=CIRCLE('',#14241,1.);
#2526=CIRCLE('',#14242,1.);
#2527=CIRCLE('',#14243,1.);
#2528=CIRCLE('',#14244,1.);
#2529=CIRCLE('',#14245,1.);
#2530=CIRCLE('',#14246,1.);
#2531=CIRCLE('',#14247,1.);
#2532=CIRCLE('',#14248,1.);
#2533=CIRCLE('',#14249,1.);
#2534=CIRCLE('',#14250,1.);
#2535=CIRCLE('',#14251,0.999999999999999);
#2536=CIRCLE('',#14252,1.);
#2537=CIRCLE('',#14253,1.);
#2538=CIRCLE('',#14254,1.);
#2539=CIRCLE('',#14255,1.);
#2540=CIRCLE('',#14256,1.);
#2541=CIRCLE('',#14257,1.);
#2542=CIRCLE('',#14259,1.);
#2543=CIRCLE('',#14260,1.);
#2544=CIRCLE('',#14261,1.);
#2545=CIRCLE('',#14262,1.);
#2546=CIRCLE('',#14263,1.);
#2547=CIRCLE('',#14264,1.);
#2548=CIRCLE('',#14265,1.);
#2549=CIRCLE('',#14266,1.);
#2550=CIRCLE('',#14267,1.);
#2551=CIRCLE('',#14268,1.);
#2552=CIRCLE('',#14269,1.);
#2553=CIRCLE('',#14270,1.);
#2554=CIRCLE('',#14271,1.);
#2555=CIRCLE('',#14272,1.);
#2556=CIRCLE('',#14273,1.);
#2557=CIRCLE('',#14274,1.);
#2558=CIRCLE('',#14275,1.);
#2559=CIRCLE('',#14276,1.);
#2560=CIRCLE('',#14277,1.);
#2561=CIRCLE('',#14278,1.);
#2562=CIRCLE('',#14279,1.);
#2563=CIRCLE('',#14280,1.);
#2564=CIRCLE('',#14281,0.999999999999999);
#2565=CIRCLE('',#14282,1.);
#2566=CIRCLE('',#14283,1.);
#2567=CIRCLE('',#14284,1.);
#2568=CIRCLE('',#14285,1.);
#2569=CIRCLE('',#14286,1.);
#2570=CIRCLE('',#14288,1.05);
#2571=CIRCLE('',#14289,1.05);
#2572=CIRCLE('',#14291,0.999999999999999);
#2573=CIRCLE('',#14292,0.999999999999999);
#2574=CIRCLE('',#14294,0.999999999999999);
#2575=CIRCLE('',#14298,1.);
#2576=CIRCLE('',#14299,0.999999999999999);
#2577=CIRCLE('',#14300,0.999999999999999);
#2578=CIRCLE('',#14301,0.999999999999999);
#2579=CIRCLE('',#14303,1.);
#2580=CIRCLE('',#14304,0.999999999999999);
#2581=CIRCLE('',#14305,1.);
#2582=CIRCLE('',#14306,1.);
#2583=CIRCLE('',#14310,1.);
#2584=CIRCLE('',#14312,0.999999999999999);
#2585=CIRCLE('',#14313,1.);
#2586=CIRCLE('',#14315,1.05);
#2587=CIRCLE('',#14316,1.05);
#2588=CIRCLE('',#14319,2.);
#2589=CIRCLE('',#14321,2.);
#2590=CIRCLE('',#14322,2.);
#2591=CIRCLE('',#14324,2.);
#2592=CIRCLE('',#14329,1.);
#2593=CIRCLE('',#14333,2.);
#2594=CIRCLE('',#14334,2.);
#2595=CIRCLE('',#14337,2.);
#2596=CIRCLE('',#14339,2.);
#2597=CIRCLE('',#14340,2.);
#2598=CIRCLE('',#14342,2.);
#2599=CIRCLE('',#14345,2.);
#2600=CIRCLE('',#14346,2.);
#2601=CIRCLE('',#14350,1.);
#2602=CIRCLE('',#14352,2.);
#2603=CIRCLE('',#14353,2.);
#2604=CIRCLE('',#14354,2.);
#2605=CIRCLE('',#14355,2.);
#2606=CIRCLE('',#14357,1.);
#2607=CIRCLE('',#14358,1.);
#2608=CIRCLE('',#14359,1.);
#2609=CIRCLE('',#14360,1.);
#2610=CIRCLE('',#14362,1.);
#2611=CIRCLE('',#14363,1.);
#2612=CIRCLE('',#14364,1.);
#2613=CIRCLE('',#14365,1.);
#2614=CIRCLE('',#14377,2.);
#2615=CIRCLE('',#14380,2.);
#2616=CIRCLE('',#14384,2.);
#2617=CIRCLE('',#14387,2.);
#2618=CIRCLE('',#14457,2.);
#2619=CIRCLE('',#14458,2.);
#2620=CIRCLE('',#14463,2.);
#2621=CIRCLE('',#14464,2.);
#2622=LINE('',#18261,#3991);
#2623=LINE('',#18264,#3992);
#2624=LINE('',#18271,#3993);
#2625=LINE('',#18279,#3994);
#2626=LINE('',#18287,#3995);
#2627=LINE('',#18308,#3996);
#2628=LINE('',#18327,#3997);
#2629=LINE('',#18333,#3998);
#2630=LINE('',#18337,#3999);
#2631=LINE('',#18341,#4000);
#2632=LINE('',#18345,#4001);
#2633=LINE('',#18349,#4002);
#2634=LINE('',#18354,#4003);
#2635=LINE('',#18358,#4004);
#2636=LINE('',#18362,#4005);
#2637=LINE('',#18366,#4006);
#2638=LINE('',#18370,#4007);
#2639=LINE('',#18373,#4008);
#2640=LINE('',#18375,#4009);
#2641=LINE('',#18377,#4010);
#2642=LINE('',#18379,#4011);
#2643=LINE('',#18383,#4012);
#2644=LINE('',#18387,#4013);
#2645=LINE('',#18391,#4014);
#2646=LINE('',#18395,#4015);
#2647=LINE('',#18399,#4016);
#2648=LINE('',#18403,#4017);
#2649=LINE('',#18407,#4018);
#2650=LINE('',#18413,#4019);
#2651=LINE('',#18415,#4020);
#2652=LINE('',#18417,#4021);
#2653=LINE('',#18419,#4022);
#2654=LINE('',#18421,#4023);
#2655=LINE('',#18425,#4024);
#2656=LINE('',#18429,#4025);
#2657=LINE('',#18435,#4026);
#2658=LINE('',#18439,#4027);
#2659=LINE('',#18443,#4028);
#2660=LINE('',#18447,#4029);
#2661=LINE('',#18451,#4030);
#2662=LINE('',#18457,#4031);
#2663=LINE('',#18460,#4032);
#2664=LINE('',#18466,#4033);
#2665=LINE('',#18470,#4034);
#2666=LINE('',#18474,#4035);
#2667=LINE('',#18477,#4036);
#2668=LINE('',#18479,#4037);
#2669=LINE('',#18483,#4038);
#2670=LINE('',#18486,#4039);
#2671=LINE('',#18490,#4040);
#2672=LINE('',#18496,#4041);
#2673=LINE('',#18500,#4042);
#2674=LINE('',#18504,#4043);
#2675=LINE('',#18508,#4044);
#2676=LINE('',#18512,#4045);
#2677=LINE('',#18518,#4046);
#2678=LINE('',#18524,#4047);
#2679=LINE('',#18528,#4048);
#2680=LINE('',#18532,#4049);
#2681=LINE('',#18535,#4050);
#2682=LINE('',#18538,#4051);
#2683=LINE('',#18542,#4052);
#2684=LINE('',#18547,#4053);
#2685=LINE('',#18551,#4054);
#2686=LINE('',#18555,#4055);
#2687=LINE('',#18559,#4056);
#2688=LINE('',#18565,#4057);
#2689=LINE('',#18568,#4058);
#2690=LINE('',#18572,#4059);
#2691=LINE('',#18574,#4060);
#2692=LINE('',#18576,#4061);
#2693=LINE('',#18577,#4062);
#2694=LINE('',#18581,#4063);
#2695=LINE('',#18583,#4064);
#2696=LINE('',#18585,#4065);
#2697=LINE('',#18586,#4066);
#2698=LINE('',#18590,#4067);
#2699=LINE('',#18592,#4068);
#2700=LINE('',#18594,#4069);
#2701=LINE('',#18595,#4070);
#2702=LINE('',#18599,#4071);
#2703=LINE('',#18601,#4072);
#2704=LINE('',#18603,#4073);
#2705=LINE('',#18604,#4074);
#2706=LINE('',#18610,#4075);
#2707=LINE('',#18614,#4076);
#2708=LINE('',#18618,#4077);
#2709=LINE('',#18621,#4078);
#2710=LINE('',#18624,#4079);
#2711=LINE('',#18628,#4080);
#2712=LINE('',#18632,#4081);
#2713=LINE('',#18636,#4082);
#2714=LINE('',#18639,#4083);
#2715=LINE('',#18640,#4084);
#2716=LINE('',#18642,#4085);
#2717=LINE('',#18643,#4086);
#2718=LINE('',#18645,#4087);
#2719=LINE('',#18646,#4088);
#2720=LINE('',#18648,#4089);
#2721=LINE('',#18649,#4090);
#2722=LINE('',#18653,#4091);
#2723=LINE('',#18654,#4092);
#2724=LINE('',#18656,#4093);
#2725=LINE('',#18657,#4094);
#2726=LINE('',#18660,#4095);
#2727=LINE('',#18661,#4096);
#2728=LINE('',#18664,#4097);
#2729=LINE('',#18665,#4098);
#2730=LINE('',#18668,#4099);
#2731=LINE('',#18669,#4100);
#2732=LINE('',#18671,#4101);
#2733=LINE('',#18673,#4102);
#2734=LINE('',#18674,#4103);
#2735=LINE('',#18676,#4104);
#2736=LINE('',#18681,#4105);
#2737=LINE('',#18683,#4106);
#2738=LINE('',#18685,#4107);
#2739=LINE('',#18687,#4108);
#2740=LINE('',#18689,#4109);
#2741=LINE('',#18691,#4110);
#2742=LINE('',#18693,#4111);
#2743=LINE('',#18694,#4112);
#2744=LINE('',#18698,#4113);
#2745=LINE('',#18700,#4114);
#2746=LINE('',#18702,#4115);
#2747=LINE('',#18703,#4116);
#2748=LINE('',#18707,#4117);
#2749=LINE('',#18709,#4118);
#2750=LINE('',#18711,#4119);
#2751=LINE('',#18712,#4120);
#2752=LINE('',#18716,#4121);
#2753=LINE('',#18718,#4122);
#2754=LINE('',#18720,#4123);
#2755=LINE('',#18721,#4124);
#2756=LINE('',#18725,#4125);
#2757=LINE('',#18727,#4126);
#2758=LINE('',#18729,#4127);
#2759=LINE('',#18730,#4128);
#2760=LINE('',#18734,#4129);
#2761=LINE('',#18736,#4130);
#2762=LINE('',#18738,#4131);
#2763=LINE('',#18739,#4132);
#2764=LINE('',#18743,#4133);
#2765=LINE('',#18745,#4134);
#2766=LINE('',#18747,#4135);
#2767=LINE('',#18748,#4136);
#2768=LINE('',#18752,#4137);
#2769=LINE('',#18754,#4138);
#2770=LINE('',#18756,#4139);
#2771=LINE('',#18757,#4140);
#2772=LINE('',#18761,#4141);
#2773=LINE('',#18763,#4142);
#2774=LINE('',#18765,#4143);
#2775=LINE('',#18766,#4144);
#2776=LINE('',#18770,#4145);
#2777=LINE('',#18772,#4146);
#2778=LINE('',#18774,#4147);
#2779=LINE('',#18775,#4148);
#2780=LINE('',#18779,#4149);
#2781=LINE('',#18781,#4150);
#2782=LINE('',#18782,#4151);
#2783=LINE('',#18784,#4152);
#2784=LINE('',#18785,#4153);
#2785=LINE('',#18787,#4154);
#2786=LINE('',#18789,#4155);
#2787=LINE('',#18807,#4156);
#2788=LINE('',#18808,#4157);
#2789=LINE('',#18810,#4158);
#2790=LINE('',#18812,#4159);
#2791=LINE('',#18814,#4160);
#2792=LINE('',#18816,#4161);
#2793=LINE('',#18818,#4162);
#2794=LINE('',#18820,#4163);
#2795=LINE('',#18823,#4164);
#2796=LINE('',#18824,#4165);
#2797=LINE('',#18826,#4166);
#2798=LINE('',#18828,#4167);
#2799=LINE('',#18830,#4168);
#2800=LINE('',#18832,#4169);
#2801=LINE('',#18834,#4170);
#2802=LINE('',#18836,#4171);
#2803=LINE('',#18841,#4172);
#2804=LINE('',#18848,#4173);
#2805=LINE('',#18858,#4174);
#2806=LINE('',#18860,#4175);
#2807=LINE('',#18861,#4176);
#2808=LINE('',#18864,#4177);
#2809=LINE('',#18866,#4178);
#2810=LINE('',#18867,#4179);
#2811=LINE('',#18870,#4180);
#2812=LINE('',#18872,#4181);
#2813=LINE('',#18873,#4182);
#2814=LINE('',#18876,#4183);
#2815=LINE('',#18878,#4184);
#2816=LINE('',#18879,#4185);
#2817=LINE('',#18882,#4186);
#2818=LINE('',#18885,#4187);
#2819=LINE('',#18888,#4188);
#2820=LINE('',#18889,#4189);
#2821=LINE('',#18892,#4190);
#2822=LINE('',#18893,#4191);
#2823=LINE('',#18899,#4192);
#2824=LINE('',#18900,#4193);
#2825=LINE('',#18901,#4194);
#2826=LINE('',#18904,#4195);
#2827=LINE('',#18906,#4196);
#2828=LINE('',#18907,#4197);
#2829=LINE('',#18910,#4198);
#2830=LINE('',#18912,#4199);
#2831=LINE('',#18913,#4200);
#2832=LINE('',#18922,#4201);
#2833=LINE('',#18926,#4202);
#2834=LINE('',#18931,#4203);
#2835=LINE('',#18932,#4204);
#2836=LINE('',#18933,#4205);
#2837=LINE('',#18937,#4206);
#2838=LINE('',#18943,#4207);
#2839=LINE('',#18944,#4208);
#2840=LINE('',#18945,#4209);
#2841=LINE('',#18949,#4210);
#2842=LINE('',#18955,#4211);
#2843=LINE('',#18956,#4212);
#2844=LINE('',#18957,#4213);
#2845=LINE('',#18961,#4214);
#2846=LINE('',#18965,#4215);
#2847=LINE('',#18966,#4216);
#2848=LINE('',#19007,#4217);
#2849=LINE('',#19008,#4218);
#2850=LINE('',#19010,#4219);
#2851=LINE('',#19012,#4220);
#2852=LINE('',#19014,#4221);
#2853=LINE('',#19016,#4222);
#2854=LINE('',#19018,#4223);
#2855=LINE('',#19020,#4224);
#2856=LINE('',#19022,#4225);
#2857=LINE('',#19024,#4226);
#2858=LINE('',#19026,#4227);
#2859=LINE('',#19028,#4228);
#2860=LINE('',#19030,#4229);
#2861=LINE('',#19032,#4230);
#2862=LINE('',#19034,#4231);
#2863=LINE('',#19036,#4232);
#2864=LINE('',#19038,#4233);
#2865=LINE('',#19040,#4234);
#2866=LINE('',#19042,#4235);
#2867=LINE('',#19044,#4236);
#2868=LINE('',#19046,#4237);
#2869=LINE('',#19048,#4238);
#2870=LINE('',#19051,#4239);
#2871=LINE('',#19052,#4240);
#2872=LINE('',#19054,#4241);
#2873=LINE('',#19056,#4242);
#2874=LINE('',#19058,#4243);
#2875=LINE('',#19060,#4244);
#2876=LINE('',#19062,#4245);
#2877=LINE('',#19064,#4246);
#2878=LINE('',#19067,#4247);
#2879=LINE('',#19068,#4248);
#2880=LINE('',#19070,#4249);
#2881=LINE('',#19072,#4250);
#2882=LINE('',#19074,#4251);
#2883=LINE('',#19076,#4252);
#2884=LINE('',#19078,#4253);
#2885=LINE('',#19080,#4254);
#2886=LINE('',#19083,#4255);
#2887=LINE('',#19084,#4256);
#2888=LINE('',#19086,#4257);
#2889=LINE('',#19088,#4258);
#2890=LINE('',#19091,#4259);
#2891=LINE('',#19093,#4260);
#2892=LINE('',#19095,#4261);
#2893=LINE('',#19097,#4262);
#2894=LINE('',#19099,#4263);
#2895=LINE('',#19101,#4264);
#2896=LINE('',#19103,#4265);
#2897=LINE('',#19105,#4266);
#2898=LINE('',#19107,#4267);
#2899=LINE('',#19109,#4268);
#2900=LINE('',#19111,#4269);
#2901=LINE('',#19113,#4270);
#2902=LINE('',#19115,#4271);
#2903=LINE('',#19117,#4272);
#2904=LINE('',#19119,#4273);
#2905=LINE('',#19121,#4274);
#2906=LINE('',#19123,#4275);
#2907=LINE('',#19125,#4276);
#2908=LINE('',#19127,#4277);
#2909=LINE('',#19129,#4278);
#2910=LINE('',#19131,#4279);
#2911=LINE('',#19133,#4280);
#2912=LINE('',#19141,#4281);
#2913=LINE('',#19147,#4282);
#2914=LINE('',#19153,#4283);
#2915=LINE('',#19159,#4284);
#2916=LINE('',#19164,#4285);
#2917=LINE('',#19168,#4286);
#2918=LINE('',#19172,#4287);
#2919=LINE('',#19174,#4288);
#2920=LINE('',#19176,#4289);
#2921=LINE('',#19180,#4290);
#2922=LINE('',#19184,#4291);
#2923=LINE('',#19186,#4292);
#2924=LINE('',#19188,#4293);
#2925=LINE('',#19192,#4294);
#2926=LINE('',#19196,#4295);
#2927=LINE('',#19200,#4296);
#2928=LINE('',#19204,#4297);
#2929=LINE('',#19208,#4298);
#2930=LINE('',#19213,#4299);
#2931=LINE('',#19217,#4300);
#2932=LINE('',#19221,#4301);
#2933=LINE('',#19225,#4302);
#2934=LINE('',#19229,#4303);
#2935=LINE('',#19233,#4304);
#2936=LINE('',#19235,#4305);
#2937=LINE('',#19237,#4306);
#2938=LINE('',#19241,#4307);
#2939=LINE('',#19246,#4308);
#2940=LINE('',#19250,#4309);
#2941=LINE('',#19254,#4310);
#2942=LINE('',#19256,#4311);
#2943=LINE('',#19258,#4312);
#2944=LINE('',#19263,#4313);
#2945=LINE('',#19264,#4314);
#2946=LINE('',#19265,#4315);
#2947=LINE('',#19267,#4316);
#2948=LINE('',#19269,#4317);
#2949=LINE('',#19271,#4318);
#2950=LINE('',#19272,#4319);
#2951=LINE('',#19276,#4320);
#2952=LINE('',#19277,#4321);
#2953=LINE('',#19279,#4322);
#2954=LINE('',#19281,#4323);
#2955=LINE('',#19282,#4324);
#2956=LINE('',#19286,#4325);
#2957=LINE('',#19288,#4326);
#2958=LINE('',#19290,#4327);
#2959=LINE('',#19291,#4328);
#2960=LINE('',#19295,#4329);
#2961=LINE('',#19297,#4330);
#2962=LINE('',#19299,#4331);
#2963=LINE('',#19300,#4332);
#2964=LINE('',#19304,#4333);
#2965=LINE('',#19308,#4334);
#2966=LINE('',#19313,#4335);
#2967=LINE('',#19317,#4336);
#2968=LINE('',#19320,#4337);
#2969=LINE('',#19321,#4338);
#2970=LINE('',#19323,#4339);
#2971=LINE('',#19324,#4340);
#2972=LINE('',#19330,#4341);
#2973=LINE('',#19334,#4342);
#2974=LINE('',#19338,#4343);
#2975=LINE('',#19341,#4344);
#2976=LINE('',#19346,#4345);
#2977=LINE('',#19350,#4346);
#2978=LINE('',#19354,#4347);
#2979=LINE('',#19357,#4348);
#2980=LINE('',#19360,#4349);
#2981=LINE('',#19364,#4350);
#2982=LINE('',#19368,#4351);
#2983=LINE('',#19372,#4352);
#2984=LINE('',#19376,#4353);
#2985=LINE('',#19380,#4354);
#2986=LINE('',#19385,#4355);
#2987=LINE('',#19387,#4356);
#2988=LINE('',#19389,#4357);
#2989=LINE('',#19390,#4358);
#2990=LINE('',#19394,#4359);
#2991=LINE('',#19396,#4360);
#2992=LINE('',#19398,#4361);
#2993=LINE('',#19399,#4362);
#2994=LINE('',#19403,#4363);
#2995=LINE('',#19405,#4364);
#2996=LINE('',#19407,#4365);
#2997=LINE('',#19408,#4366);
#2998=LINE('',#19412,#4367);
#2999=LINE('',#19414,#4368);
#3000=LINE('',#19416,#4369);
#3001=LINE('',#19417,#4370);
#3002=LINE('',#19423,#4371);
#3003=LINE('',#19427,#4372);
#3004=LINE('',#19431,#4373);
#3005=LINE('',#19434,#4374);
#3006=LINE('',#19437,#4375);
#3007=LINE('',#19441,#4376);
#3008=LINE('',#19445,#4377);
#3009=LINE('',#19449,#4378);
#3010=LINE('',#19454,#4379);
#3011=LINE('',#19455,#4380);
#3012=LINE('',#19457,#4381);
#3013=LINE('',#19459,#4382);
#3014=LINE('',#19460,#4383);
#3015=LINE('',#19461,#4384);
#3016=LINE('',#19465,#4385);
#3017=LINE('',#19466,#4386);
#3018=LINE('',#19467,#4387);
#3019=LINE('',#19471,#4388);
#3020=LINE('',#19472,#4389);
#3021=LINE('',#19473,#4390);
#3022=LINE('',#19476,#4391);
#3023=LINE('',#19478,#4392);
#3024=LINE('',#19479,#4393);
#3025=LINE('',#19483,#4394);
#3026=LINE('',#19487,#4395);
#3027=LINE('',#19497,#4396);
#3028=LINE('',#19501,#4397);
#3029=LINE('',#19505,#4398);
#3030=LINE('',#19507,#4399);
#3031=LINE('',#19509,#4400);
#3032=LINE('',#19513,#4401);
#3033=LINE('',#19517,#4402);
#3034=LINE('',#19519,#4403);
#3035=LINE('',#19521,#4404);
#3036=LINE('',#19526,#4405);
#3037=LINE('',#19528,#4406);
#3038=LINE('',#19530,#4407);
#3039=LINE('',#19534,#4408);
#3040=LINE('',#19535,#4409);
#3041=LINE('',#19537,#4410);
#3042=LINE('',#19538,#4411);
#3043=LINE('',#19540,#4412);
#3044=LINE('',#19541,#4413);
#3045=LINE('',#19545,#4414);
#3046=LINE('',#19547,#4415);
#3047=LINE('',#19549,#4416);
#3048=LINE('',#19550,#4417);
#3049=LINE('',#19554,#4418);
#3050=LINE('',#19556,#4419);
#3051=LINE('',#19558,#4420);
#3052=LINE('',#19559,#4421);
#3053=LINE('',#19563,#4422);
#3054=LINE('',#19565,#4423);
#3055=LINE('',#19567,#4424);
#3056=LINE('',#19568,#4425);
#3057=LINE('',#19572,#4426);
#3058=LINE('',#19574,#4427);
#3059=LINE('',#19576,#4428);
#3060=LINE('',#19577,#4429);
#3061=LINE('',#19585,#4430);
#3062=LINE('',#19589,#4431);
#3063=LINE('',#19593,#4432);
#3064=LINE('',#19597,#4433);
#3065=LINE('',#19624,#4434);
#3066=LINE('',#19625,#4435);
#3067=LINE('',#19627,#4436);
#3068=LINE('',#19629,#4437);
#3069=LINE('',#19631,#4438);
#3070=LINE('',#19633,#4439);
#3071=LINE('',#19635,#4440);
#3072=LINE('',#19637,#4441);
#3073=LINE('',#19640,#4442);
#3074=LINE('',#19641,#4443);
#3075=LINE('',#19643,#4444);
#3076=LINE('',#19645,#4445);
#3077=LINE('',#19647,#4446);
#3078=LINE('',#19649,#4447);
#3079=LINE('',#19651,#4448);
#3080=LINE('',#19653,#4449);
#3081=LINE('',#19656,#4450);
#3082=LINE('',#19658,#4451);
#3083=LINE('',#19660,#4452);
#3084=LINE('',#19661,#4453);
#3085=LINE('',#19663,#4454);
#3086=LINE('',#19664,#4455);
#3087=LINE('',#19666,#4456);
#3088=LINE('',#19667,#4457);
#3089=LINE('',#19671,#4458);
#3090=LINE('',#19672,#4459);
#3091=LINE('',#19673,#4460);
#3092=LINE('',#19677,#4461);
#3093=LINE('',#19678,#4462);
#3094=LINE('',#19679,#4463);
#3095=LINE('',#19682,#4464);
#3096=LINE('',#19684,#4465);
#3097=LINE('',#19685,#4466);
#3098=LINE('',#19693,#4467);
#3099=LINE('',#19695,#4468);
#3100=LINE('',#19696,#4469);
#3101=LINE('',#19699,#4470);
#3102=LINE('',#19701,#4471);
#3103=LINE('',#19702,#4472);
#3104=LINE('',#19704,#4473);
#3105=LINE('',#19706,#4474);
#3106=LINE('',#19707,#4475);
#3107=LINE('',#19710,#4476);
#3108=LINE('',#19712,#4477);
#3109=LINE('',#19713,#4478);
#3110=LINE('',#19716,#4479);
#3111=LINE('',#19718,#4480);
#3112=LINE('',#19719,#4481);
#3113=LINE('',#19721,#4482);
#3114=LINE('',#19723,#4483);
#3115=LINE('',#19724,#4484);
#3116=LINE('',#19730,#4485);
#3117=LINE('',#19732,#4486);
#3118=LINE('',#19733,#4487);
#3119=LINE('',#19734,#4488);
#3120=LINE('',#19736,#4489);
#3121=LINE('',#19737,#4490);
#3122=LINE('',#19738,#4491);
#3123=LINE('',#19742,#4492);
#3124=LINE('',#19743,#4493);
#3125=LINE('',#19744,#4494);
#3126=LINE('',#19747,#4495);
#3127=LINE('',#19748,#4496);
#3128=LINE('',#19749,#4497);
#3129=LINE('',#19751,#4498);
#3130=LINE('',#19752,#4499);
#3131=LINE('',#19753,#4500);
#3132=LINE('',#19764,#4501);
#3133=LINE('',#19765,#4502);
#3134=LINE('',#19767,#4503);
#3135=LINE('',#19768,#4504);
#3136=LINE('',#19771,#4505);
#3137=LINE('',#19773,#4506);
#3138=LINE('',#19774,#4507);
#3139=LINE('',#19777,#4508);
#3140=LINE('',#19779,#4509);
#3141=LINE('',#19780,#4510);
#3142=LINE('',#19781,#4511);
#3143=LINE('',#19783,#4512);
#3144=LINE('',#19788,#4513);
#3145=LINE('',#19792,#4514);
#3146=LINE('',#19797,#4515);
#3147=LINE('',#19798,#4516);
#3148=LINE('',#19799,#4517);
#3149=LINE('',#19802,#4518);
#3150=LINE('',#19813,#4519);
#3151=LINE('',#19814,#4520);
#3152=LINE('',#19815,#4521);
#3153=LINE('',#19820,#4522);
#3154=LINE('',#19822,#4523);
#3155=LINE('',#19824,#4524);
#3156=LINE('',#19827,#4525);
#3157=LINE('',#19828,#4526);
#3158=LINE('',#19830,#4527);
#3159=LINE('',#19832,#4528);
#3160=LINE('',#19844,#4529);
#3161=LINE('',#19845,#4530);
#3162=LINE('',#19848,#4531);
#3163=LINE('',#19849,#4532);
#3164=LINE('',#19851,#4533);
#3165=LINE('',#19852,#4534);
#3166=LINE('',#19856,#4535);
#3167=LINE('',#19857,#4536);
#3168=LINE('',#19859,#4537);
#3169=LINE('',#19861,#4538);
#3170=LINE('',#19862,#4539);
#3171=LINE('',#19864,#4540);
#3172=LINE('',#19882,#4541);
#3173=LINE('',#19883,#4542);
#3174=LINE('',#19885,#4543);
#3175=LINE('',#19887,#4544);
#3176=LINE('',#19889,#4545);
#3177=LINE('',#19891,#4546);
#3178=LINE('',#19893,#4547);
#3179=LINE('',#19895,#4548);
#3180=LINE('',#19898,#4549);
#3181=LINE('',#19899,#4550);
#3182=LINE('',#19901,#4551);
#3183=LINE('',#19903,#4552);
#3184=LINE('',#19906,#4553);
#3185=LINE('',#19907,#4554);
#3186=LINE('',#19909,#4555);
#3187=LINE('',#19911,#4556);
#3188=LINE('',#19913,#4557);
#3189=LINE('',#19915,#4558);
#3190=LINE('',#19917,#4559);
#3191=LINE('',#19919,#4560);
#3192=LINE('',#19927,#4561);
#3193=LINE('',#19930,#4562);
#3194=LINE('',#19936,#4563);
#3195=LINE('',#19939,#4564);
#3196=LINE('',#19945,#4565);
#3197=LINE('',#19948,#4566);
#3198=LINE('',#19954,#4567);
#3199=LINE('',#19957,#4568);
#3200=LINE('',#19963,#4569);
#3201=LINE('',#19966,#4570);
#3202=LINE('',#19972,#4571);
#3203=LINE('',#19975,#4572);
#3204=LINE('',#19981,#4573);
#3205=LINE('',#19984,#4574);
#3206=LINE('',#19990,#4575);
#3207=LINE('',#19993,#4576);
#3208=LINE('',#19999,#4577);
#3209=LINE('',#20002,#4578);
#3210=LINE('',#20008,#4579);
#3211=LINE('',#20011,#4580);
#3212=LINE('',#20017,#4581);
#3213=LINE('',#20020,#4582);
#3214=LINE('',#20026,#4583);
#3215=LINE('',#20029,#4584);
#3216=LINE('',#20035,#4585);
#3217=LINE('',#20038,#4586);
#3218=LINE('',#20044,#4587);
#3219=LINE('',#20047,#4588);
#3220=LINE('',#20053,#4589);
#3221=LINE('',#20056,#4590);
#3222=LINE('',#20062,#4591);
#3223=LINE('',#20065,#4592);
#3224=LINE('',#20071,#4593);
#3225=LINE('',#20074,#4594);
#3226=LINE('',#20080,#4595);
#3227=LINE('',#20083,#4596);
#3228=LINE('',#20089,#4597);
#3229=LINE('',#20092,#4598);
#3230=LINE('',#20098,#4599);
#3231=LINE('',#20101,#4600);
#3232=LINE('',#20107,#4601);
#3233=LINE('',#20110,#4602);
#3234=LINE('',#20116,#4603);
#3235=LINE('',#20119,#4604);
#3236=LINE('',#20125,#4605);
#3237=LINE('',#20128,#4606);
#3238=LINE('',#20134,#4607);
#3239=LINE('',#20137,#4608);
#3240=LINE('',#20143,#4609);
#3241=LINE('',#20146,#4610);
#3242=LINE('',#20152,#4611);
#3243=LINE('',#20155,#4612);
#3244=LINE('',#20161,#4613);
#3245=LINE('',#20164,#4614);
#3246=LINE('',#20170,#4615);
#3247=LINE('',#20173,#4616);
#3248=LINE('',#20179,#4617);
#3249=LINE('',#20182,#4618);
#3250=LINE('',#20188,#4619);
#3251=LINE('',#20191,#4620);
#3252=LINE('',#20197,#4621);
#3253=LINE('',#20200,#4622);
#3254=LINE('',#20206,#4623);
#3255=LINE('',#20209,#4624);
#3256=LINE('',#20215,#4625);
#3257=LINE('',#20218,#4626);
#3258=LINE('',#20224,#4627);
#3259=LINE('',#20227,#4628);
#3260=LINE('',#20233,#4629);
#3261=LINE('',#20236,#4630);
#3262=LINE('',#20242,#4631);
#3263=LINE('',#20245,#4632);
#3264=LINE('',#20251,#4633);
#3265=LINE('',#20254,#4634);
#3266=LINE('',#20260,#4635);
#3267=LINE('',#20263,#4636);
#3268=LINE('',#20269,#4637);
#3269=LINE('',#20272,#4638);
#3270=LINE('',#20278,#4639);
#3271=LINE('',#20281,#4640);
#3272=LINE('',#20287,#4641);
#3273=LINE('',#20290,#4642);
#3274=LINE('',#20296,#4643);
#3275=LINE('',#20299,#4644);
#3276=LINE('',#20305,#4645);
#3277=LINE('',#20308,#4646);
#3278=LINE('',#20314,#4647);
#3279=LINE('',#20317,#4648);
#3280=LINE('',#20323,#4649);
#3281=LINE('',#20326,#4650);
#3282=LINE('',#20332,#4651);
#3283=LINE('',#20335,#4652);
#3284=LINE('',#20341,#4653);
#3285=LINE('',#20344,#4654);
#3286=LINE('',#20350,#4655);
#3287=LINE('',#20353,#4656);
#3288=LINE('',#20359,#4657);
#3289=LINE('',#20362,#4658);
#3290=LINE('',#20368,#4659);
#3291=LINE('',#20371,#4660);
#3292=LINE('',#20375,#4661);
#3293=LINE('',#20377,#4662);
#3294=LINE('',#20379,#4663);
#3295=LINE('',#20380,#4664);
#3296=LINE('',#20385,#4665);
#3297=LINE('',#20389,#4666);
#3298=LINE('',#20391,#4667);
#3299=LINE('',#20392,#4668);
#3300=LINE('',#20397,#4669);
#3301=LINE('',#20401,#4670);
#3302=LINE('',#20403,#4671);
#3303=LINE('',#20404,#4672);
#3304=LINE('',#20409,#4673);
#3305=LINE('',#20413,#4674);
#3306=LINE('',#20415,#4675);
#3307=LINE('',#20416,#4676);
#3308=LINE('',#20419,#4677);
#3309=LINE('',#20421,#4678);
#3310=LINE('',#20422,#4679);
#3311=LINE('',#20424,#4680);
#3312=LINE('',#20425,#4681);
#3313=LINE('',#20428,#4682);
#3314=LINE('',#20430,#4683);
#3315=LINE('',#20431,#4684);
#3316=LINE('',#20434,#4685);
#3317=LINE('',#20436,#4686);
#3318=LINE('',#20437,#4687);
#3319=LINE('',#20439,#4688);
#3320=LINE('',#20440,#4689);
#3321=LINE('',#20443,#4690);
#3322=LINE('',#20445,#4691);
#3323=LINE('',#20446,#4692);
#3324=LINE('',#20452,#4693);
#3325=LINE('',#20455,#4694);
#3326=LINE('',#20458,#4695);
#3327=LINE('',#20460,#4696);
#3328=LINE('',#20461,#4697);
#3329=LINE('',#20463,#4698);
#3330=LINE('',#20464,#4699);
#3331=LINE('',#20467,#4700);
#3332=LINE('',#20469,#4701);
#3333=LINE('',#20470,#4702);
#3334=LINE('',#20472,#4703);
#3335=LINE('',#20473,#4704);
#3336=LINE('',#20476,#4705);
#3337=LINE('',#20478,#4706);
#3338=LINE('',#20479,#4707);
#3339=LINE('',#20485,#4708);
#3340=LINE('',#20488,#4709);
#3341=LINE('',#20491,#4710);
#3342=LINE('',#20493,#4711);
#3343=LINE('',#20494,#4712);
#3344=LINE('',#20496,#4713);
#3345=LINE('',#20497,#4714);
#3346=LINE('',#20500,#4715);
#3347=LINE('',#20502,#4716);
#3348=LINE('',#20503,#4717);
#3349=LINE('',#20505,#4718);
#3350=LINE('',#20506,#4719);
#3351=LINE('',#20509,#4720);
#3352=LINE('',#20511,#4721);
#3353=LINE('',#20512,#4722);
#3354=LINE('',#20518,#4723);
#3355=LINE('',#20521,#4724);
#3356=LINE('',#20524,#4725);
#3357=LINE('',#20526,#4726);
#3358=LINE('',#20527,#4727);
#3359=LINE('',#20529,#4728);
#3360=LINE('',#20530,#4729);
#3361=LINE('',#20533,#4730);
#3362=LINE('',#20535,#4731);
#3363=LINE('',#20536,#4732);
#3364=LINE('',#20538,#4733);
#3365=LINE('',#20539,#4734);
#3366=LINE('',#20542,#4735);
#3367=LINE('',#20544,#4736);
#3368=LINE('',#20545,#4737);
#3369=LINE('',#20551,#4738);
#3370=LINE('',#20554,#4739);
#3371=LINE('',#20557,#4740);
#3372=LINE('',#20559,#4741);
#3373=LINE('',#20560,#4742);
#3374=LINE('',#20562,#4743);
#3375=LINE('',#20563,#4744);
#3376=LINE('',#20566,#4745);
#3377=LINE('',#20568,#4746);
#3378=LINE('',#20569,#4747);
#3379=LINE('',#20571,#4748);
#3380=LINE('',#20572,#4749);
#3381=LINE('',#20575,#4750);
#3382=LINE('',#20577,#4751);
#3383=LINE('',#20578,#4752);
#3384=LINE('',#20584,#4753);
#3385=LINE('',#20587,#4754);
#3386=LINE('',#20590,#4755);
#3387=LINE('',#20592,#4756);
#3388=LINE('',#20593,#4757);
#3389=LINE('',#20595,#4758);
#3390=LINE('',#20596,#4759);
#3391=LINE('',#20599,#4760);
#3392=LINE('',#20601,#4761);
#3393=LINE('',#20602,#4762);
#3394=LINE('',#20604,#4763);
#3395=LINE('',#20605,#4764);
#3396=LINE('',#20608,#4765);
#3397=LINE('',#20610,#4766);
#3398=LINE('',#20611,#4767);
#3399=LINE('',#20617,#4768);
#3400=LINE('',#20620,#4769);
#3401=LINE('',#20623,#4770);
#3402=LINE('',#20625,#4771);
#3403=LINE('',#20626,#4772);
#3404=LINE('',#20628,#4773);
#3405=LINE('',#20629,#4774);
#3406=LINE('',#20632,#4775);
#3407=LINE('',#20634,#4776);
#3408=LINE('',#20635,#4777);
#3409=LINE('',#20637,#4778);
#3410=LINE('',#20638,#4779);
#3411=LINE('',#20641,#4780);
#3412=LINE('',#20643,#4781);
#3413=LINE('',#20644,#4782);
#3414=LINE('',#20650,#4783);
#3415=LINE('',#20653,#4784);
#3416=LINE('',#20656,#4785);
#3417=LINE('',#20658,#4786);
#3418=LINE('',#20659,#4787);
#3419=LINE('',#20661,#4788);
#3420=LINE('',#20662,#4789);
#3421=LINE('',#20665,#4790);
#3422=LINE('',#20667,#4791);
#3423=LINE('',#20668,#4792);
#3424=LINE('',#20670,#4793);
#3425=LINE('',#20671,#4794);
#3426=LINE('',#20674,#4795);
#3427=LINE('',#20676,#4796);
#3428=LINE('',#20677,#4797);
#3429=LINE('',#20683,#4798);
#3430=LINE('',#20686,#4799);
#3431=LINE('',#20689,#4800);
#3432=LINE('',#20691,#4801);
#3433=LINE('',#20692,#4802);
#3434=LINE('',#20694,#4803);
#3435=LINE('',#20695,#4804);
#3436=LINE('',#20698,#4805);
#3437=LINE('',#20700,#4806);
#3438=LINE('',#20701,#4807);
#3439=LINE('',#20703,#4808);
#3440=LINE('',#20704,#4809);
#3441=LINE('',#20707,#4810);
#3442=LINE('',#20709,#4811);
#3443=LINE('',#20710,#4812);
#3444=LINE('',#20716,#4813);
#3445=LINE('',#20719,#4814);
#3446=LINE('',#20722,#4815);
#3447=LINE('',#20724,#4816);
#3448=LINE('',#20725,#4817);
#3449=LINE('',#20727,#4818);
#3450=LINE('',#20728,#4819);
#3451=LINE('',#20731,#4820);
#3452=LINE('',#20733,#4821);
#3453=LINE('',#20734,#4822);
#3454=LINE('',#20736,#4823);
#3455=LINE('',#20737,#4824);
#3456=LINE('',#20740,#4825);
#3457=LINE('',#20742,#4826);
#3458=LINE('',#20743,#4827);
#3459=LINE('',#20749,#4828);
#3460=LINE('',#20752,#4829);
#3461=LINE('',#20755,#4830);
#3462=LINE('',#20757,#4831);
#3463=LINE('',#20758,#4832);
#3464=LINE('',#20760,#4833);
#3465=LINE('',#20761,#4834);
#3466=LINE('',#20764,#4835);
#3467=LINE('',#20766,#4836);
#3468=LINE('',#20767,#4837);
#3469=LINE('',#20769,#4838);
#3470=LINE('',#20770,#4839);
#3471=LINE('',#20773,#4840);
#3472=LINE('',#20775,#4841);
#3473=LINE('',#20776,#4842);
#3474=LINE('',#20782,#4843);
#3475=LINE('',#20785,#4844);
#3476=LINE('',#20788,#4845);
#3477=LINE('',#20790,#4846);
#3478=LINE('',#20791,#4847);
#3479=LINE('',#20793,#4848);
#3480=LINE('',#20794,#4849);
#3481=LINE('',#20797,#4850);
#3482=LINE('',#20799,#4851);
#3483=LINE('',#20800,#4852);
#3484=LINE('',#20802,#4853);
#3485=LINE('',#20803,#4854);
#3486=LINE('',#20806,#4855);
#3487=LINE('',#20808,#4856);
#3488=LINE('',#20809,#4857);
#3489=LINE('',#20815,#4858);
#3490=LINE('',#20818,#4859);
#3491=LINE('',#20821,#4860);
#3492=LINE('',#20823,#4861);
#3493=LINE('',#20824,#4862);
#3494=LINE('',#20826,#4863);
#3495=LINE('',#20827,#4864);
#3496=LINE('',#20830,#4865);
#3497=LINE('',#20832,#4866);
#3498=LINE('',#20833,#4867);
#3499=LINE('',#20835,#4868);
#3500=LINE('',#20836,#4869);
#3501=LINE('',#20839,#4870);
#3502=LINE('',#20841,#4871);
#3503=LINE('',#20842,#4872);
#3504=LINE('',#20848,#4873);
#3505=LINE('',#20851,#4874);
#3506=LINE('',#20854,#4875);
#3507=LINE('',#20856,#4876);
#3508=LINE('',#20857,#4877);
#3509=LINE('',#20859,#4878);
#3510=LINE('',#20860,#4879);
#3511=LINE('',#20863,#4880);
#3512=LINE('',#20865,#4881);
#3513=LINE('',#20866,#4882);
#3514=LINE('',#20868,#4883);
#3515=LINE('',#20869,#4884);
#3516=LINE('',#20872,#4885);
#3517=LINE('',#20874,#4886);
#3518=LINE('',#20875,#4887);
#3519=LINE('',#20881,#4888);
#3520=LINE('',#20884,#4889);
#3521=LINE('',#20887,#4890);
#3522=LINE('',#20889,#4891);
#3523=LINE('',#20890,#4892);
#3524=LINE('',#20892,#4893);
#3525=LINE('',#20893,#4894);
#3526=LINE('',#20896,#4895);
#3527=LINE('',#20898,#4896);
#3528=LINE('',#20899,#4897);
#3529=LINE('',#20901,#4898);
#3530=LINE('',#20902,#4899);
#3531=LINE('',#20905,#4900);
#3532=LINE('',#20907,#4901);
#3533=LINE('',#20908,#4902);
#3534=LINE('',#20914,#4903);
#3535=LINE('',#20917,#4904);
#3536=LINE('',#20920,#4905);
#3537=LINE('',#20922,#4906);
#3538=LINE('',#20923,#4907);
#3539=LINE('',#20925,#4908);
#3540=LINE('',#20926,#4909);
#3541=LINE('',#20929,#4910);
#3542=LINE('',#20931,#4911);
#3543=LINE('',#20932,#4912);
#3544=LINE('',#20934,#4913);
#3545=LINE('',#20935,#4914);
#3546=LINE('',#20938,#4915);
#3547=LINE('',#20940,#4916);
#3548=LINE('',#20941,#4917);
#3549=LINE('',#20947,#4918);
#3550=LINE('',#20950,#4919);
#3551=LINE('',#20953,#4920);
#3552=LINE('',#20955,#4921);
#3553=LINE('',#20956,#4922);
#3554=LINE('',#20958,#4923);
#3555=LINE('',#20959,#4924);
#3556=LINE('',#20962,#4925);
#3557=LINE('',#20964,#4926);
#3558=LINE('',#20965,#4927);
#3559=LINE('',#20967,#4928);
#3560=LINE('',#20968,#4929);
#3561=LINE('',#20971,#4930);
#3562=LINE('',#20973,#4931);
#3563=LINE('',#20974,#4932);
#3564=LINE('',#20980,#4933);
#3565=LINE('',#20983,#4934);
#3566=LINE('',#20986,#4935);
#3567=LINE('',#20988,#4936);
#3568=LINE('',#20989,#4937);
#3569=LINE('',#20991,#4938);
#3570=LINE('',#20992,#4939);
#3571=LINE('',#20995,#4940);
#3572=LINE('',#20997,#4941);
#3573=LINE('',#20998,#4942);
#3574=LINE('',#21000,#4943);
#3575=LINE('',#21001,#4944);
#3576=LINE('',#21004,#4945);
#3577=LINE('',#21006,#4946);
#3578=LINE('',#21007,#4947);
#3579=LINE('',#21013,#4948);
#3580=LINE('',#21016,#4949);
#3581=LINE('',#21019,#4950);
#3582=LINE('',#21021,#4951);
#3583=LINE('',#21022,#4952);
#3584=LINE('',#21024,#4953);
#3585=LINE('',#21025,#4954);
#3586=LINE('',#21028,#4955);
#3587=LINE('',#21030,#4956);
#3588=LINE('',#21031,#4957);
#3589=LINE('',#21033,#4958);
#3590=LINE('',#21034,#4959);
#3591=LINE('',#21037,#4960);
#3592=LINE('',#21039,#4961);
#3593=LINE('',#21040,#4962);
#3594=LINE('',#21046,#4963);
#3595=LINE('',#21049,#4964);
#3596=LINE('',#21052,#4965);
#3597=LINE('',#21054,#4966);
#3598=LINE('',#21055,#4967);
#3599=LINE('',#21057,#4968);
#3600=LINE('',#21058,#4969);
#3601=LINE('',#21061,#4970);
#3602=LINE('',#21063,#4971);
#3603=LINE('',#21064,#4972);
#3604=LINE('',#21066,#4973);
#3605=LINE('',#21067,#4974);
#3606=LINE('',#21070,#4975);
#3607=LINE('',#21072,#4976);
#3608=LINE('',#21073,#4977);
#3609=LINE('',#21079,#4978);
#3610=LINE('',#21082,#4979);
#3611=LINE('',#21085,#4980);
#3612=LINE('',#21087,#4981);
#3613=LINE('',#21088,#4982);
#3614=LINE('',#21090,#4983);
#3615=LINE('',#21091,#4984);
#3616=LINE('',#21094,#4985);
#3617=LINE('',#21096,#4986);
#3618=LINE('',#21097,#4987);
#3619=LINE('',#21099,#4988);
#3620=LINE('',#21100,#4989);
#3621=LINE('',#21103,#4990);
#3622=LINE('',#21105,#4991);
#3623=LINE('',#21106,#4992);
#3624=LINE('',#21112,#4993);
#3625=LINE('',#21115,#4994);
#3626=LINE('',#21118,#4995);
#3627=LINE('',#21120,#4996);
#3628=LINE('',#21121,#4997);
#3629=LINE('',#21123,#4998);
#3630=LINE('',#21124,#4999);
#3631=LINE('',#21127,#5000);
#3632=LINE('',#21129,#5001);
#3633=LINE('',#21130,#5002);
#3634=LINE('',#21132,#5003);
#3635=LINE('',#21133,#5004);
#3636=LINE('',#21136,#5005);
#3637=LINE('',#21138,#5006);
#3638=LINE('',#21139,#5007);
#3639=LINE('',#21145,#5008);
#3640=LINE('',#21148,#5009);
#3641=LINE('',#21151,#5010);
#3642=LINE('',#21153,#5011);
#3643=LINE('',#21154,#5012);
#3644=LINE('',#21156,#5013);
#3645=LINE('',#21157,#5014);
#3646=LINE('',#21160,#5015);
#3647=LINE('',#21162,#5016);
#3648=LINE('',#21163,#5017);
#3649=LINE('',#21165,#5018);
#3650=LINE('',#21166,#5019);
#3651=LINE('',#21169,#5020);
#3652=LINE('',#21171,#5021);
#3653=LINE('',#21172,#5022);
#3654=LINE('',#21178,#5023);
#3655=LINE('',#21181,#5024);
#3656=LINE('',#21184,#5025);
#3657=LINE('',#21186,#5026);
#3658=LINE('',#21187,#5027);
#3659=LINE('',#21189,#5028);
#3660=LINE('',#21190,#5029);
#3661=LINE('',#21193,#5030);
#3662=LINE('',#21195,#5031);
#3663=LINE('',#21196,#5032);
#3664=LINE('',#21198,#5033);
#3665=LINE('',#21199,#5034);
#3666=LINE('',#21202,#5035);
#3667=LINE('',#21204,#5036);
#3668=LINE('',#21205,#5037);
#3669=LINE('',#21207,#5038);
#3670=LINE('',#21208,#5039);
#3671=LINE('',#21210,#5040);
#3672=LINE('',#21211,#5041);
#3673=LINE('',#21213,#5042);
#3674=LINE('',#21214,#5043);
#3675=LINE('',#21216,#5044);
#3676=LINE('',#21217,#5045);
#3677=LINE('',#21219,#5046);
#3678=LINE('',#21220,#5047);
#3679=LINE('',#21222,#5048);
#3680=LINE('',#21223,#5049);
#3681=LINE('',#21225,#5050);
#3682=LINE('',#21226,#5051);
#3683=LINE('',#21228,#5052);
#3684=LINE('',#21229,#5053);
#3685=LINE('',#21231,#5054);
#3686=LINE('',#21232,#5055);
#3687=LINE('',#21234,#5056);
#3688=LINE('',#21235,#5057);
#3689=LINE('',#21237,#5058);
#3690=LINE('',#21238,#5059);
#3691=LINE('',#21240,#5060);
#3692=LINE('',#21241,#5061);
#3693=LINE('',#21243,#5062);
#3694=LINE('',#21244,#5063);
#3695=LINE('',#21246,#5064);
#3696=LINE('',#21247,#5065);
#3697=LINE('',#21249,#5066);
#3698=LINE('',#21250,#5067);
#3699=LINE('',#21252,#5068);
#3700=LINE('',#21253,#5069);
#3701=LINE('',#21255,#5070);
#3702=LINE('',#21256,#5071);
#3703=LINE('',#21258,#5072);
#3704=LINE('',#21259,#5073);
#3705=LINE('',#21261,#5074);
#3706=LINE('',#21262,#5075);
#3707=LINE('',#21264,#5076);
#3708=LINE('',#21265,#5077);
#3709=LINE('',#21267,#5078);
#3710=LINE('',#21268,#5079);
#3711=LINE('',#21270,#5080);
#3712=LINE('',#21271,#5081);
#3713=LINE('',#21273,#5082);
#3714=LINE('',#21274,#5083);
#3715=LINE('',#21276,#5084);
#3716=LINE('',#21277,#5085);
#3717=LINE('',#21279,#5086);
#3718=LINE('',#21280,#5087);
#3719=LINE('',#21291,#5088);
#3720=LINE('',#21306,#5089);
#3721=LINE('',#21321,#5090);
#3722=LINE('',#21325,#5091);
#3723=LINE('',#21334,#5092);
#3724=LINE('',#21342,#5093);
#3725=LINE('',#21359,#5094);
#3726=LINE('',#21374,#5095);
#3727=LINE('',#21378,#5096);
#3728=LINE('',#21387,#5097);
#3729=LINE('',#21396,#5098);
#3730=LINE('',#21399,#5099);
#3731=LINE('',#21403,#5100);
#3732=LINE('',#21405,#5101);
#3733=LINE('',#21407,#5102);
#3734=LINE('',#21408,#5103);
#3735=LINE('',#21413,#5104);
#3736=LINE('',#21416,#5105);
#3737=LINE('',#21419,#5106);
#3738=LINE('',#21423,#5107);
#3739=LINE('',#21429,#5108);
#3740=LINE('',#21432,#5109);
#3741=LINE('',#21437,#5110);
#3742=LINE('',#21440,#5111);
#3743=LINE('',#21445,#5112);
#3744=LINE('',#21448,#5113);
#3745=LINE('',#21453,#5114);
#3746=LINE('',#21456,#5115);
#3747=LINE('',#21459,#5116);
#3748=LINE('',#21463,#5117);
#3749=LINE('',#21467,#5118);
#3750=LINE('',#21471,#5119);
#3751=LINE('',#21475,#5120);
#3752=LINE('',#21479,#5121);
#3753=LINE('',#21483,#5122);
#3754=LINE('',#21487,#5123);
#3755=LINE('',#21491,#5124);
#3756=LINE('',#21495,#5125);
#3757=LINE('',#21501,#5126);
#3758=LINE('',#21504,#5127);
#3759=LINE('',#21507,#5128);
#3760=LINE('',#21511,#5129);
#3761=LINE('',#21515,#5130);
#3762=LINE('',#21519,#5131);
#3763=LINE('',#21524,#5132);
#3764=LINE('',#21528,#5133);
#3765=LINE('',#21532,#5134);
#3766=LINE('',#21534,#5135);
#3767=LINE('',#21536,#5136);
#3768=LINE('',#21540,#5137);
#3769=LINE('',#21544,#5138);
#3770=LINE('',#21548,#5139);
#3771=LINE('',#21552,#5140);
#3772=LINE('',#21554,#5141);
#3773=LINE('',#21556,#5142);
#3774=LINE('',#21560,#5143);
#3775=LINE('',#21566,#5144);
#3776=LINE('',#21569,#5145);
#3777=LINE('',#21572,#5146);
#3778=LINE('',#21576,#5147);
#3779=LINE('',#21582,#5148);
#3780=LINE('',#21585,#5149);
#3781=LINE('',#21588,#5150);
#3782=LINE('',#21592,#5151);
#3783=LINE('',#21596,#5152);
#3784=LINE('',#21600,#5153);
#3785=LINE('',#21604,#5154);
#3786=LINE('',#21608,#5155);
#3787=LINE('',#21614,#5156);
#3788=LINE('',#21617,#5157);
#3789=LINE('',#21620,#5158);
#3790=LINE('',#21624,#5159);
#3791=LINE('',#21628,#5160);
#3792=LINE('',#21632,#5161);
#3793=LINE('',#21636,#5162);
#3794=LINE('',#21640,#5163);
#3795=LINE('',#21645,#5164);
#3796=LINE('',#21652,#5165);
#3797=LINE('',#21672,#5166);
#3798=LINE('',#21707,#5167);
#3799=LINE('',#21727,#5168);
#3800=LINE('',#21734,#5169);
#3801=LINE('',#21741,#5170);
#3802=LINE('',#21749,#5171);
#3803=LINE('',#21755,#5172);
#3804=LINE('',#21757,#5173);
#3805=LINE('',#21760,#5174);
#3806=LINE('',#21762,#5175);
#3807=LINE('',#21763,#5176);
#3808=LINE('',#21766,#5177);
#3809=LINE('',#21768,#5178);
#3810=LINE('',#21769,#5179);
#3811=LINE('',#21773,#5180);
#3812=LINE('',#21777,#5181);
#3813=LINE('',#21782,#5182);
#3814=LINE('',#21785,#5183);
#3815=LINE('',#21787,#5184);
#3816=LINE('',#21788,#5185);
#3817=LINE('',#21792,#5186);
#3818=LINE('',#21796,#5187);
#3819=LINE('',#21800,#5188);
#3820=LINE('',#21804,#5189);
#3821=LINE('',#21808,#5190);
#3822=LINE('',#21810,#5191);
#3823=LINE('',#21812,#5192);
#3824=LINE('',#21813,#5193);
#3825=LINE('',#21817,#5194);
#3826=LINE('',#21818,#5195);
#3827=LINE('',#21819,#5196);
#3828=LINE('',#21822,#5197);
#3829=LINE('',#21824,#5198);
#3830=LINE('',#21825,#5199);
#3831=LINE('',#21829,#5200);
#3832=LINE('',#21831,#5201);
#3833=LINE('',#21836,#5202);
#3834=LINE('',#21857,#5203);
#3835=LINE('',#21892,#5204);
#3836=LINE('',#21912,#5205);
#3837=LINE('',#21919,#5206);
#3838=LINE('',#21930,#5207);
#3839=LINE('',#21939,#5208);
#3840=LINE('',#21941,#5209);
#3841=LINE('',#21943,#5210);
#3842=LINE('',#21944,#5211);
#3843=LINE('',#21947,#5212);
#3844=LINE('',#21951,#5213);
#3845=LINE('',#21953,#5214);
#3846=LINE('',#21959,#5215);
#3847=LINE('',#21960,#5216);
#3848=LINE('',#21963,#5217);
#3849=LINE('',#21965,#5218);
#3850=LINE('',#21966,#5219);
#3851=LINE('',#21970,#5220);
#3852=LINE('',#21972,#5221);
#3853=LINE('',#21974,#5222);
#3854=LINE('',#21975,#5223);
#3855=LINE('',#21979,#5224);
#3856=LINE('',#21981,#5225);
#3857=LINE('',#21983,#5226);
#3858=LINE('',#21984,#5227);
#3859=LINE('',#21989,#5228);
#3860=LINE('',#21990,#5229);
#3861=LINE('',#21992,#5230);
#3862=LINE('',#21993,#5231);
#3863=LINE('',#21996,#5232);
#3864=LINE('',#21998,#5233);
#3865=LINE('',#21999,#5234);
#3866=LINE('',#22003,#5235);
#3867=LINE('',#22007,#5236);
#3868=LINE('',#22009,#5237);
#3869=LINE('',#22010,#5238);
#3870=LINE('',#22013,#5239);
#3871=LINE('',#22015,#5240);
#3872=LINE('',#22016,#5241);
#3873=LINE('',#22019,#5242);
#3874=LINE('',#22024,#5243);
#3875=LINE('',#22026,#5244);
#3876=LINE('',#22030,#5245);
#3877=LINE('',#22032,#5246);
#3878=LINE('',#22036,#5247);
#3879=LINE('',#22037,#5248);
#3880=LINE('',#22038,#5249);
#3881=LINE('',#22042,#5250);
#3882=LINE('',#22045,#5251);
#3883=LINE('',#22047,#5252);
#3884=LINE('',#22048,#5253);
#3885=LINE('',#22051,#5254);
#3886=LINE('',#22052,#5255);
#3887=LINE('',#22055,#5256);
#3888=LINE('',#22057,#5257);
#3889=LINE('',#22058,#5258);
#3890=LINE('',#22061,#5259);
#3891=LINE('',#22065,#5260);
#3892=LINE('',#22067,#5261);
#3893=LINE('',#22069,#5262);
#3894=LINE('',#22070,#5263);
#3895=LINE('',#22073,#5264);
#3896=LINE('',#22077,#5265);
#3897=LINE('',#22081,#5266);
#3898=LINE('',#22085,#5267);
#3899=LINE('',#22103,#5268);
#3900=LINE('',#22105,#5269);
#3901=LINE('',#22106,#5270);
#3902=LINE('',#22108,#5271);
#3903=LINE('',#22110,#5272);
#3904=LINE('',#22111,#5273);
#3905=LINE('',#22115,#5274);
#3906=LINE('',#22116,#5275);
#3907=LINE('',#22117,#5276);
#3908=LINE('',#22120,#5277);
#3909=LINE('',#22122,#5278);
#3910=LINE('',#22123,#5279);
#3911=LINE('',#22125,#5280);
#3912=LINE('',#22127,#5281);
#3913=LINE('',#22128,#5282);
#3914=LINE('',#22131,#5283);
#3915=LINE('',#22133,#5284);
#3916=LINE('',#22134,#5285);
#3917=LINE('',#22136,#5286);
#3918=LINE('',#22137,#5287);
#3919=LINE('',#22139,#5288);
#3920=LINE('',#22140,#5289);
#3921=LINE('',#22154,#5290);
#3922=LINE('',#22155,#5291);
#3923=LINE('',#22157,#5292);
#3924=LINE('',#22158,#5293);
#3925=LINE('',#22160,#5294);
#3926=LINE('',#22161,#5295);
#3927=LINE('',#22163,#5296);
#3928=LINE('',#22164,#5297);
#3929=LINE('',#22166,#5298);
#3930=LINE('',#22167,#5299);
#3931=LINE('',#22169,#5300);
#3932=LINE('',#22170,#5301);
#3933=LINE('',#22172,#5302);
#3934=LINE('',#22173,#5303);
#3935=LINE('',#22175,#5304);
#3936=LINE('',#22176,#5305);
#3937=LINE('',#22178,#5306);
#3938=LINE('',#22179,#5307);
#3939=LINE('',#22181,#5308);
#3940=LINE('',#22182,#5309);
#3941=LINE('',#22184,#5310);
#3942=LINE('',#22185,#5311);
#3943=LINE('',#22187,#5312);
#3944=LINE('',#22188,#5313);
#3945=LINE('',#22190,#5314);
#3946=LINE('',#22191,#5315);
#3947=LINE('',#22193,#5316);
#3948=LINE('',#22194,#5317);
#3949=LINE('',#22196,#5318);
#3950=LINE('',#22197,#5319);
#3951=LINE('',#22199,#5320);
#3952=LINE('',#22200,#5321);
#3953=LINE('',#22202,#5322);
#3954=LINE('',#22203,#5323);
#3955=LINE('',#22205,#5324);
#3956=LINE('',#22206,#5325);
#3957=LINE('',#22208,#5326);
#3958=LINE('',#22209,#5327);
#3959=LINE('',#22211,#5328);
#3960=LINE('',#22212,#5329);
#3961=LINE('',#22214,#5330);
#3962=LINE('',#22215,#5331);
#3963=LINE('',#22217,#5332);
#3964=LINE('',#22218,#5333);
#3965=LINE('',#22220,#5334);
#3966=LINE('',#22221,#5335);
#3967=LINE('',#22223,#5336);
#3968=LINE('',#22224,#5337);
#3969=LINE('',#22226,#5338);
#3970=LINE('',#22227,#5339);
#3971=LINE('',#22229,#5340);
#3972=LINE('',#22230,#5341);
#3973=LINE('',#22232,#5342);
#3974=LINE('',#22233,#5343);
#3975=LINE('',#22235,#5344);
#3976=LINE('',#22236,#5345);
#3977=LINE('',#22238,#5346);
#3978=LINE('',#22239,#5347);
#3979=LINE('',#22241,#5348);
#3980=LINE('',#22242,#5349);
#3981=LINE('',#22244,#5350);
#3982=LINE('',#22245,#5351);
#3983=LINE('',#22247,#5352);
#3984=LINE('',#22248,#5353);
#3985=LINE('',#22289,#5354);
#3986=LINE('',#22292,#5355);
#3987=LINE('',#22294,#5356);
#3988=LINE('',#22300,#5357);
#3989=LINE('',#22303,#5358);
#3990=LINE('',#22305,#5359);
#3991=VECTOR('',#14479,1000.);
#3992=VECTOR('',#14482,1000.);
#3993=VECTOR('',#14489,1.3);
#3994=VECTOR('',#14498,1.3);
#3995=VECTOR('',#14507,1.3);
#3996=VECTOR('',#14520,1.3);
#3997=VECTOR('',#14531,1.9);
#3998=VECTOR('',#14538,0.800000000000002);
#3999=VECTOR('',#14543,1.3);
#4000=VECTOR('',#14548,1.3);
#4001=VECTOR('',#14553,1.3);
#4002=VECTOR('',#14558,1.3);
#4003=VECTOR('',#14563,1000.);
#4004=VECTOR('',#14566,1000.);
#4005=VECTOR('',#14569,1000.);
#4006=VECTOR('',#14572,1000.);
#4007=VECTOR('',#14575,1000.);
#4008=VECTOR('',#14578,1000.);
#4009=VECTOR('',#14579,1000.);
#4010=VECTOR('',#14580,1000.);
#4011=VECTOR('',#14581,1000.);
#4012=VECTOR('',#14584,1000.);
#4013=VECTOR('',#14587,1000.);
#4014=VECTOR('',#14590,1000.);
#4015=VECTOR('',#14593,1000.);
#4016=VECTOR('',#14596,1000.);
#4017=VECTOR('',#14599,1000.);
#4018=VECTOR('',#14602,1000.);
#4019=VECTOR('',#14607,1000.);
#4020=VECTOR('',#14608,1000.);
#4021=VECTOR('',#14609,1000.);
#4022=VECTOR('',#14610,1000.);
#4023=VECTOR('',#14611,1000.);
#4024=VECTOR('',#14614,1000.);
#4025=VECTOR('',#14617,1000.);
#4026=VECTOR('',#14622,1000.);
#4027=VECTOR('',#14625,1000.);
#4028=VECTOR('',#14628,1000.);
#4029=VECTOR('',#14631,1000.);
#4030=VECTOR('',#14634,1000.);
#4031=VECTOR('',#14639,1000.);
#4032=VECTOR('',#14642,1000.);
#4033=VECTOR('',#14647,1000.);
#4034=VECTOR('',#14650,1000.);
#4035=VECTOR('',#14653,1000.);
#4036=VECTOR('',#14656,1000.);
#4037=VECTOR('',#14657,1000.);
#4038=VECTOR('',#14660,1000.);
#4039=VECTOR('',#14663,1000.);
#4040=VECTOR('',#14666,1000.);
#4041=VECTOR('',#14671,1000.);
#4042=VECTOR('',#14674,1000.);
#4043=VECTOR('',#14677,1000.);
#4044=VECTOR('',#14680,1000.);
#4045=VECTOR('',#14683,1000.);
#4046=VECTOR('',#14688,1000.);
#4047=VECTOR('',#14693,1000.);
#4048=VECTOR('',#14696,1000.);
#4049=VECTOR('',#14699,1000.);
#4050=VECTOR('',#14702,1000.);
#4051=VECTOR('',#14703,1000.);
#4052=VECTOR('',#14706,1000.);
#4053=VECTOR('',#14711,1000.);
#4054=VECTOR('',#14714,1000.);
#4055=VECTOR('',#14717,1000.);
#4056=VECTOR('',#14720,1000.);
#4057=VECTOR('',#14725,1000.);
#4058=VECTOR('',#14728,1000.);
#4059=VECTOR('',#14731,1000.);
#4060=VECTOR('',#14732,1000.);
#4061=VECTOR('',#14733,1000.);
#4062=VECTOR('',#14734,1000.);
#4063=VECTOR('',#14737,1000.);
#4064=VECTOR('',#14738,1000.);
#4065=VECTOR('',#14739,1000.);
#4066=VECTOR('',#14740,1000.);
#4067=VECTOR('',#14743,1000.);
#4068=VECTOR('',#14744,1000.);
#4069=VECTOR('',#14745,1000.);
#4070=VECTOR('',#14746,1000.);
#4071=VECTOR('',#14749,1000.);
#4072=VECTOR('',#14750,1000.);
#4073=VECTOR('',#14751,1000.);
#4074=VECTOR('',#14752,1000.);
#4075=VECTOR('',#14757,1000.);
#4076=VECTOR('',#14760,1000.);
#4077=VECTOR('',#14763,1000.);
#4078=VECTOR('',#14766,1000.);
#4079=VECTOR('',#14767,1000.);
#4080=VECTOR('',#14770,1000.);
#4081=VECTOR('',#14773,1000.);
#4082=VECTOR('',#14776,1000.);
#4083=VECTOR('',#14781,1000.);
#4084=VECTOR('',#14782,1000.);
#4085=VECTOR('',#14785,1000.);
#4086=VECTOR('',#14786,1000.);
#4087=VECTOR('',#14789,1000.);
#4088=VECTOR('',#14790,1000.);
#4089=VECTOR('',#14793,1000.);
#4090=VECTOR('',#14794,1000.);
#4091=VECTOR('',#14797,1000.);
#4092=VECTOR('',#14798,1000.);
#4093=VECTOR('',#14799,1000.);
#4094=VECTOR('',#14800,1000.);
#4095=VECTOR('',#14803,1000.);
#4096=VECTOR('',#14804,1000.);
#4097=VECTOR('',#14807,1000.);
#4098=VECTOR('',#14808,1000.);
#4099=VECTOR('',#14811,1000.);
#4100=VECTOR('',#14812,1000.);
#4101=VECTOR('',#14813,1000.);
#4102=VECTOR('',#14814,1000.);
#4103=VECTOR('',#14815,1000.);
#4104=VECTOR('',#14818,1000.);
#4105=VECTOR('',#14823,1000.);
#4106=VECTOR('',#14824,1000.);
#4107=VECTOR('',#14825,1000.);
#4108=VECTOR('',#14826,1000.);
#4109=VECTOR('',#14827,1000.);
#4110=VECTOR('',#14828,1000.);
#4111=VECTOR('',#14829,1000.);
#4112=VECTOR('',#14830,1000.);
#4113=VECTOR('',#14833,1000.);
#4114=VECTOR('',#14834,1000.);
#4115=VECTOR('',#14835,1000.);
#4116=VECTOR('',#14836,1000.);
#4117=VECTOR('',#14839,1000.);
#4118=VECTOR('',#14840,1000.);
#4119=VECTOR('',#14841,1000.);
#4120=VECTOR('',#14842,1000.);
#4121=VECTOR('',#14845,1000.);
#4122=VECTOR('',#14846,1000.);
#4123=VECTOR('',#14847,1000.);
#4124=VECTOR('',#14848,1000.);
#4125=VECTOR('',#14851,1000.);
#4126=VECTOR('',#14852,1000.);
#4127=VECTOR('',#14853,1000.);
#4128=VECTOR('',#14854,1000.);
#4129=VECTOR('',#14857,1000.);
#4130=VECTOR('',#14858,1000.);
#4131=VECTOR('',#14859,1000.);
#4132=VECTOR('',#14860,1000.);
#4133=VECTOR('',#14863,1000.);
#4134=VECTOR('',#14864,1000.);
#4135=VECTOR('',#14865,1000.);
#4136=VECTOR('',#14866,1000.);
#4137=VECTOR('',#14869,1000.);
#4138=VECTOR('',#14870,1000.);
#4139=VECTOR('',#14871,1000.);
#4140=VECTOR('',#14872,1000.);
#4141=VECTOR('',#14875,1000.);
#4142=VECTOR('',#14876,1000.);
#4143=VECTOR('',#14877,1000.);
#4144=VECTOR('',#14878,1000.);
#4145=VECTOR('',#14881,1000.);
#4146=VECTOR('',#14882,1000.);
#4147=VECTOR('',#14883,1000.);
#4148=VECTOR('',#14884,1000.);
#4149=VECTOR('',#14889,1000.);
#4150=VECTOR('',#14890,1000.);
#4151=VECTOR('',#14891,1000.);
#4152=VECTOR('',#14894,1000.);
#4153=VECTOR('',#14895,1000.);
#4154=VECTOR('',#14898,1000.);
#4155=VECTOR('',#14901,1000.);
#4156=VECTOR('',#14936,1000.);
#4157=VECTOR('',#14937,1000.);
#4158=VECTOR('',#14940,1000.);
#4159=VECTOR('',#14943,1000.);
#4160=VECTOR('',#14946,1000.);
#4161=VECTOR('',#14949,1000.);
#4162=VECTOR('',#14952,1000.);
#4163=VECTOR('',#14955,1000.);
#4164=VECTOR('',#14960,1000.);
#4165=VECTOR('',#14961,1000.);
#4166=VECTOR('',#14964,1000.);
#4167=VECTOR('',#14967,1000.);
#4168=VECTOR('',#14970,1000.);
#4169=VECTOR('',#14973,1000.);
#4170=VECTOR('',#14976,1000.);
#4171=VECTOR('',#14979,1000.);
#4172=VECTOR('',#14984,1000.);
#4173=VECTOR('',#14993,1000.);
#4174=VECTOR('',#15010,1000.);
#4175=VECTOR('',#15011,1000.);
#4176=VECTOR('',#15012,1000.);
#4177=VECTOR('',#15015,1000.);
#4178=VECTOR('',#15016,1000.);
#4179=VECTOR('',#15017,1000.);
#4180=VECTOR('',#15020,1000.);
#4181=VECTOR('',#15021,1000.);
#4182=VECTOR('',#15022,1000.);
#4183=VECTOR('',#15025,1000.);
#4184=VECTOR('',#15026,1000.);
#4185=VECTOR('',#15027,1000.);
#4186=VECTOR('',#15030,1000.);
#4187=VECTOR('',#15033,1000.);
#4188=VECTOR('',#15036,1000.);
#4189=VECTOR('',#15037,1000.);
#4190=VECTOR('',#15040,1000.);
#4191=VECTOR('',#15041,1000.);
#4192=VECTOR('',#15048,1000.);
#4193=VECTOR('',#15049,1000.);
#4194=VECTOR('',#15050,1000.);
#4195=VECTOR('',#15053,1000.);
#4196=VECTOR('',#15054,1000.);
#4197=VECTOR('',#15055,1000.);
#4198=VECTOR('',#15058,1000.);
#4199=VECTOR('',#15059,1000.);
#4200=VECTOR('',#15060,1000.);
#4201=VECTOR('',#15073,1000.);
#4202=VECTOR('',#15076,1000.);
#4203=VECTOR('',#15081,1000.);
#4204=VECTOR('',#15082,1000.);
#4205=VECTOR('',#15083,1000.);
#4206=VECTOR('',#15086,1000.);
#4207=VECTOR('',#15093,1000.);
#4208=VECTOR('',#15094,1000.);
#4209=VECTOR('',#15095,1000.);
#4210=VECTOR('',#15098,1000.);
#4211=VECTOR('',#15105,1000.);
#4212=VECTOR('',#15106,1000.);
#4213=VECTOR('',#15107,1000.);
#4214=VECTOR('',#15110,1000.);
#4215=VECTOR('',#15117,1000.);
#4216=VECTOR('',#15118,1000.);
#4217=VECTOR('',#15199,1000.);
#4218=VECTOR('',#15200,1000.);
#4219=VECTOR('',#15203,1000.);
#4220=VECTOR('',#15206,1000.);
#4221=VECTOR('',#15209,1000.);
#4222=VECTOR('',#15212,1000.);
#4223=VECTOR('',#15215,1000.);
#4224=VECTOR('',#15218,1000.);
#4225=VECTOR('',#15221,1000.);
#4226=VECTOR('',#15224,1000.);
#4227=VECTOR('',#15227,1000.);
#4228=VECTOR('',#15230,1000.);
#4229=VECTOR('',#15233,1000.);
#4230=VECTOR('',#15236,1000.);
#4231=VECTOR('',#15239,1000.);
#4232=VECTOR('',#15242,1000.);
#4233=VECTOR('',#15245,1000.);
#4234=VECTOR('',#15248,1000.);
#4235=VECTOR('',#15251,1000.);
#4236=VECTOR('',#15254,1000.);
#4237=VECTOR('',#15257,1000.);
#4238=VECTOR('',#15260,1000.);
#4239=VECTOR('',#15265,1000.);
#4240=VECTOR('',#15266,1000.);
#4241=VECTOR('',#15269,1000.);
#4242=VECTOR('',#15272,1000.);
#4243=VECTOR('',#15275,1000.);
#4244=VECTOR('',#15278,1000.);
#4245=VECTOR('',#15281,1000.);
#4246=VECTOR('',#15284,1000.);
#4247=VECTOR('',#15289,1000.);
#4248=VECTOR('',#15290,1000.);
#4249=VECTOR('',#15293,1000.);
#4250=VECTOR('',#15296,1000.);
#4251=VECTOR('',#15299,1000.);
#4252=VECTOR('',#15302,1000.);
#4253=VECTOR('',#15305,1000.);
#4254=VECTOR('',#15308,1000.);
#4255=VECTOR('',#15313,1000.);
#4256=VECTOR('',#15314,1000.);
#4257=VECTOR('',#15317,1000.);
#4258=VECTOR('',#15320,1000.);
#4259=VECTOR('',#15325,1000.);
#4260=VECTOR('',#15328,1000.);
#4261=VECTOR('',#15331,1000.);
#4262=VECTOR('',#15334,1000.);
#4263=VECTOR('',#15337,1000.);
#4264=VECTOR('',#15340,1000.);
#4265=VECTOR('',#15343,1000.);
#4266=VECTOR('',#15346,1000.);
#4267=VECTOR('',#15349,1000.);
#4268=VECTOR('',#15352,1000.);
#4269=VECTOR('',#15355,1000.);
#4270=VECTOR('',#15358,1000.);
#4271=VECTOR('',#15361,1000.);
#4272=VECTOR('',#15364,1000.);
#4273=VECTOR('',#15367,1000.);
#4274=VECTOR('',#15370,1000.);
#4275=VECTOR('',#15373,1000.);
#4276=VECTOR('',#15376,1000.);
#4277=VECTOR('',#15379,1000.);
#4278=VECTOR('',#15382,1000.);
#4279=VECTOR('',#15385,1000.);
#4280=VECTOR('',#15388,1000.);
#4281=VECTOR('',#15399,1.025);
#4282=VECTOR('',#15406,1.025);
#4283=VECTOR('',#15413,1.02500000000001);
#4284=VECTOR('',#15420,1.025);
#4285=VECTOR('',#15425,1000.);
#4286=VECTOR('',#15428,1000.);
#4287=VECTOR('',#15431,1000.);
#4288=VECTOR('',#15432,1000.);
#4289=VECTOR('',#15433,1000.);
#4290=VECTOR('',#15436,1000.);
#4291=VECTOR('',#15439,1000.);
#4292=VECTOR('',#15440,1000.);
#4293=VECTOR('',#15441,1000.);
#4294=VECTOR('',#15444,1000.);
#4295=VECTOR('',#15447,1000.);
#4296=VECTOR('',#15450,1000.);
#4297=VECTOR('',#15453,1000.);
#4298=VECTOR('',#15456,1000.);
#4299=VECTOR('',#15461,1000.);
#4300=VECTOR('',#15464,1000.);
#4301=VECTOR('',#15467,1000.);
#4302=VECTOR('',#15470,1000.);
#4303=VECTOR('',#15473,1000.);
#4304=VECTOR('',#15476,1000.);
#4305=VECTOR('',#15477,1000.);
#4306=VECTOR('',#15478,1000.);
#4307=VECTOR('',#15481,1000.);
#4308=VECTOR('',#15486,1000.);
#4309=VECTOR('',#15489,1000.);
#4310=VECTOR('',#15492,1000.);
#4311=VECTOR('',#15493,1000.);
#4312=VECTOR('',#15494,1000.);
#4313=VECTOR('',#15499,1000.);
#4314=VECTOR('',#15500,1000.);
#4315=VECTOR('',#15501,1000.);
#4316=VECTOR('',#15504,1000.);
#4317=VECTOR('',#15505,1000.);
#4318=VECTOR('',#15506,1000.);
#4319=VECTOR('',#15507,1000.);
#4320=VECTOR('',#15510,1000.);
#4321=VECTOR('',#15511,1000.);
#4322=VECTOR('',#15512,1000.);
#4323=VECTOR('',#15513,1000.);
#4324=VECTOR('',#15514,1000.);
#4325=VECTOR('',#15517,1000.);
#4326=VECTOR('',#15518,1000.);
#4327=VECTOR('',#15519,1000.);
#4328=VECTOR('',#15520,1000.);
#4329=VECTOR('',#15523,1000.);
#4330=VECTOR('',#15524,1000.);
#4331=VECTOR('',#15525,1000.);
#4332=VECTOR('',#15526,1000.);
#4333=VECTOR('',#15529,1000.);
#4334=VECTOR('',#15532,1000.);
#4335=VECTOR('',#15537,1000.);
#4336=VECTOR('',#15540,1000.);
#4337=VECTOR('',#15545,1000.);
#4338=VECTOR('',#15546,1000.);
#4339=VECTOR('',#15549,1000.);
#4340=VECTOR('',#15550,1000.);
#4341=VECTOR('',#15555,1000.);
#4342=VECTOR('',#15558,1000.);
#4343=VECTOR('',#15561,1000.);
#4344=VECTOR('',#15564,1000.);
#4345=VECTOR('',#15567,1000.);
#4346=VECTOR('',#15570,1000.);
#4347=VECTOR('',#15573,1000.);
#4348=VECTOR('',#15576,1000.);
#4349=VECTOR('',#15577,1000.);
#4350=VECTOR('',#15580,1000.);
#4351=VECTOR('',#15583,1000.);
#4352=VECTOR('',#15586,1000.);
#4353=VECTOR('',#15589,1000.);
#4354=VECTOR('',#15592,1000.);
#4355=VECTOR('',#15597,1000.);
#4356=VECTOR('',#15598,1000.);
#4357=VECTOR('',#15599,1000.);
#4358=VECTOR('',#15600,1000.);
#4359=VECTOR('',#15603,1000.);
#4360=VECTOR('',#15604,1000.);
#4361=VECTOR('',#15605,1000.);
#4362=VECTOR('',#15606,1000.);
#4363=VECTOR('',#15609,1000.);
#4364=VECTOR('',#15610,1000.);
#4365=VECTOR('',#15611,1000.);
#4366=VECTOR('',#15612,1000.);
#4367=VECTOR('',#15615,1000.);
#4368=VECTOR('',#15616,1000.);
#4369=VECTOR('',#15617,1000.);
#4370=VECTOR('',#15618,1000.);
#4371=VECTOR('',#15623,1000.);
#4372=VECTOR('',#15626,1000.);
#4373=VECTOR('',#15629,1000.);
#4374=VECTOR('',#15632,1000.);
#4375=VECTOR('',#15633,1000.);
#4376=VECTOR('',#15636,1000.);
#4377=VECTOR('',#15639,1000.);
#4378=VECTOR('',#15642,1000.);
#4379=VECTOR('',#15647,1000.);
#4380=VECTOR('',#15648,1000.);
#4381=VECTOR('',#15649,1000.);
#4382=VECTOR('',#15650,1000.);
#4383=VECTOR('',#15651,1000.);
#4384=VECTOR('',#15652,1000.);
#4385=VECTOR('',#15655,1000.);
#4386=VECTOR('',#15656,1000.);
#4387=VECTOR('',#15657,1000.);
#4388=VECTOR('',#15660,1000.);
#4389=VECTOR('',#15661,1000.);
#4390=VECTOR('',#15662,1000.);
#4391=VECTOR('',#15665,1000.);
#4392=VECTOR('',#15666,1000.);
#4393=VECTOR('',#15667,1000.);
#4394=VECTOR('',#15670,1000.);
#4395=VECTOR('',#15673,1000.);
#4396=VECTOR('',#15688,1000.);
#4397=VECTOR('',#15691,1000.);
#4398=VECTOR('',#15694,1000.);
#4399=VECTOR('',#15695,1000.);
#4400=VECTOR('',#15696,1000.);
#4401=VECTOR('',#15699,1000.);
#4402=VECTOR('',#15702,1000.);
#4403=VECTOR('',#15703,1000.);
#4404=VECTOR('',#15704,1000.);
#4405=VECTOR('',#15709,1000.);
#4406=VECTOR('',#15710,1000.);
#4407=VECTOR('',#15711,1000.);
#4408=VECTOR('',#15718,1000.);
#4409=VECTOR('',#15719,1000.);
#4410=VECTOR('',#15722,1000.);
#4411=VECTOR('',#15723,1000.);
#4412=VECTOR('',#15726,1000.);
#4413=VECTOR('',#15727,1000.);
#4414=VECTOR('',#15730,1000.);
#4415=VECTOR('',#15731,1000.);
#4416=VECTOR('',#15732,1000.);
#4417=VECTOR('',#15733,1000.);
#4418=VECTOR('',#15736,1000.);
#4419=VECTOR('',#15737,1000.);
#4420=VECTOR('',#15738,1000.);
#4421=VECTOR('',#15739,1000.);
#4422=VECTOR('',#15742,1000.);
#4423=VECTOR('',#15743,1000.);
#4424=VECTOR('',#15744,1000.);
#4425=VECTOR('',#15745,1000.);
#4426=VECTOR('',#15748,1000.);
#4427=VECTOR('',#15749,1000.);
#4428=VECTOR('',#15750,1000.);
#4429=VECTOR('',#15751,1000.);
#4430=VECTOR('',#15762,1000.);
#4431=VECTOR('',#15765,1000.);
#4432=VECTOR('',#15768,1000.);
#4433=VECTOR('',#15771,1000.);
#4434=VECTOR('',#15824,1000.);
#4435=VECTOR('',#15825,1000.);
#4436=VECTOR('',#15828,1000.);
#4437=VECTOR('',#15831,1000.);
#4438=VECTOR('',#15834,1000.);
#4439=VECTOR('',#15837,1000.);
#4440=VECTOR('',#15840,1000.);
#4441=VECTOR('',#15843,1000.);
#4442=VECTOR('',#15848,1000.);
#4443=VECTOR('',#15849,1000.);
#4444=VECTOR('',#15852,1000.);
#4445=VECTOR('',#15855,1000.);
#4446=VECTOR('',#15858,1000.);
#4447=VECTOR('',#15861,1000.);
#4448=VECTOR('',#15864,1000.);
#4449=VECTOR('',#15867,1000.);
#4450=VECTOR('',#15872,1000.);
#4451=VECTOR('',#15873,1000.);
#4452=VECTOR('',#15874,1000.);
#4453=VECTOR('',#15875,1000.);
#4454=VECTOR('',#15876,1000.);
#4455=VECTOR('',#15877,1000.);
#4456=VECTOR('',#15878,1000.);
#4457=VECTOR('',#15879,1000.);
#4458=VECTOR('',#15882,1000.);
#4459=VECTOR('',#15883,1000.);
#4460=VECTOR('',#15884,1000.);
#4461=VECTOR('',#15887,1000.);
#4462=VECTOR('',#15888,1000.);
#4463=VECTOR('',#15889,1000.);
#4464=VECTOR('',#15892,1000.);
#4465=VECTOR('',#15893,1000.);
#4466=VECTOR('',#15894,1000.);
#4467=VECTOR('',#15907,1000.);
#4468=VECTOR('',#15908,1000.);
#4469=VECTOR('',#15909,1000.);
#4470=VECTOR('',#15912,1000.);
#4471=VECTOR('',#15913,1000.);
#4472=VECTOR('',#15914,1000.);
#4473=VECTOR('',#15915,1000.);
#4474=VECTOR('',#15916,1000.);
#4475=VECTOR('',#15917,1000.);
#4476=VECTOR('',#15920,1000.);
#4477=VECTOR('',#15921,1000.);
#4478=VECTOR('',#15922,1000.);
#4479=VECTOR('',#15925,1000.);
#4480=VECTOR('',#15926,1000.);
#4481=VECTOR('',#15927,1000.);
#4482=VECTOR('',#15928,1000.);
#4483=VECTOR('',#15929,1000.);
#4484=VECTOR('',#15930,1000.);
#4485=VECTOR('',#15937,1000.);
#4486=VECTOR('',#15938,1000.);
#4487=VECTOR('',#15939,1000.);
#4488=VECTOR('',#15940,1000.);
#4489=VECTOR('',#15941,1000.);
#4490=VECTOR('',#15942,1000.);
#4491=VECTOR('',#15943,1000.);
#4492=VECTOR('',#15946,1000.);
#4493=VECTOR('',#15947,1000.);
#4494=VECTOR('',#15948,1000.);
#4495=VECTOR('',#15951,1000.);
#4496=VECTOR('',#15952,1000.);
#4497=VECTOR('',#15953,1000.);
#4498=VECTOR('',#15956,1000.);
#4499=VECTOR('',#15957,1000.);
#4500=VECTOR('',#15958,1000.);
#4501=VECTOR('',#15977,1000.);
#4502=VECTOR('',#15978,1000.);
#4503=VECTOR('',#15979,1000.);
#4504=VECTOR('',#15980,1000.);
#4505=VECTOR('',#15983,1000.);
#4506=VECTOR('',#15984,1000.);
#4507=VECTOR('',#15985,1000.);
#4508=VECTOR('',#15988,1000.);
#4509=VECTOR('',#15989,1000.);
#4510=VECTOR('',#15990,1000.);
#4511=VECTOR('',#15991,1000.);
#4512=VECTOR('',#15994,1000.);
#4513=VECTOR('',#15999,1000.);
#4514=VECTOR('',#16002,1000.);
#4515=VECTOR('',#16007,1000.);
#4516=VECTOR('',#16008,1000.);
#4517=VECTOR('',#16009,1000.);
#4518=VECTOR('',#16012,1000.);
#4519=VECTOR('',#16033,1000.);
#4520=VECTOR('',#16034,1000.);
#4521=VECTOR('',#16035,1000.);
#4522=VECTOR('',#16040,1000.);
#4523=VECTOR('',#16041,1000.);
#4524=VECTOR('',#16042,1000.);
#4525=VECTOR('',#16047,1000.);
#4526=VECTOR('',#16048,1000.);
#4527=VECTOR('',#16051,1000.);
#4528=VECTOR('',#16054,1000.);
#4529=VECTOR('',#16075,1000.);
#4530=VECTOR('',#16076,1000.);
#4531=VECTOR('',#16079,1000.);
#4532=VECTOR('',#16080,1000.);
#4533=VECTOR('',#16083,1000.);
#4534=VECTOR('',#16084,1000.);
#4535=VECTOR('',#16089,1000.);
#4536=VECTOR('',#16090,1000.);
#4537=VECTOR('',#16093,1000.);
#4538=VECTOR('',#16094,1000.);
#4539=VECTOR('',#16095,1000.);
#4540=VECTOR('',#16098,1000.);
#4541=VECTOR('',#16133,1000.);
#4542=VECTOR('',#16134,1000.);
#4543=VECTOR('',#16137,1000.);
#4544=VECTOR('',#16140,1000.);
#4545=VECTOR('',#16143,1000.);
#4546=VECTOR('',#16146,1000.);
#4547=VECTOR('',#16149,1000.);
#4548=VECTOR('',#16152,1000.);
#4549=VECTOR('',#16157,1000.);
#4550=VECTOR('',#16158,1000.);
#4551=VECTOR('',#16161,1000.);
#4552=VECTOR('',#16164,1000.);
#4553=VECTOR('',#16169,1000.);
#4554=VECTOR('',#16170,1000.);
#4555=VECTOR('',#16173,1000.);
#4556=VECTOR('',#16176,1000.);
#4557=VECTOR('',#16179,1000.);
#4558=VECTOR('',#16182,1000.);
#4559=VECTOR('',#16185,1000.);
#4560=VECTOR('',#16188,1000.);
#4561=VECTOR('',#16197,1000.);
#4562=VECTOR('',#16200,1000.);
#4563=VECTOR('',#16205,1000.);
#4564=VECTOR('',#16208,1000.);
#4565=VECTOR('',#16213,1000.);
#4566=VECTOR('',#16216,1000.);
#4567=VECTOR('',#16221,1000.);
#4568=VECTOR('',#16224,1000.);
#4569=VECTOR('',#16229,1000.);
#4570=VECTOR('',#16232,1000.);
#4571=VECTOR('',#16237,1000.);
#4572=VECTOR('',#16240,1000.);
#4573=VECTOR('',#16245,1000.);
#4574=VECTOR('',#16248,1000.);
#4575=VECTOR('',#16253,1000.);
#4576=VECTOR('',#16256,1000.);
#4577=VECTOR('',#16261,1000.);
#4578=VECTOR('',#16264,1000.);
#4579=VECTOR('',#16269,1000.);
#4580=VECTOR('',#16272,1000.);
#4581=VECTOR('',#16277,1000.);
#4582=VECTOR('',#16280,1000.);
#4583=VECTOR('',#16285,1000.);
#4584=VECTOR('',#16288,1000.);
#4585=VECTOR('',#16293,1000.);
#4586=VECTOR('',#16296,1000.);
#4587=VECTOR('',#16301,1000.);
#4588=VECTOR('',#16304,1000.);
#4589=VECTOR('',#16309,1000.);
#4590=VECTOR('',#16312,1000.);
#4591=VECTOR('',#16317,1000.);
#4592=VECTOR('',#16320,1000.);
#4593=VECTOR('',#16325,1000.);
#4594=VECTOR('',#16328,1000.);
#4595=VECTOR('',#16333,1000.);
#4596=VECTOR('',#16336,1000.);
#4597=VECTOR('',#16341,1000.);
#4598=VECTOR('',#16344,1000.);
#4599=VECTOR('',#16349,1000.);
#4600=VECTOR('',#16352,1000.);
#4601=VECTOR('',#16357,1000.);
#4602=VECTOR('',#16360,1000.);
#4603=VECTOR('',#16365,1000.);
#4604=VECTOR('',#16368,1000.);
#4605=VECTOR('',#16373,1000.);
#4606=VECTOR('',#16376,1000.);
#4607=VECTOR('',#16381,1000.);
#4608=VECTOR('',#16384,1000.);
#4609=VECTOR('',#16389,1000.);
#4610=VECTOR('',#16392,1000.);
#4611=VECTOR('',#16397,1000.);
#4612=VECTOR('',#16400,1000.);
#4613=VECTOR('',#16405,1000.);
#4614=VECTOR('',#16408,1000.);
#4615=VECTOR('',#16413,1000.);
#4616=VECTOR('',#16416,1000.);
#4617=VECTOR('',#16421,1000.);
#4618=VECTOR('',#16424,1000.);
#4619=VECTOR('',#16429,1000.);
#4620=VECTOR('',#16432,1000.);
#4621=VECTOR('',#16437,1000.);
#4622=VECTOR('',#16440,1000.);
#4623=VECTOR('',#16445,1000.);
#4624=VECTOR('',#16448,1000.);
#4625=VECTOR('',#16453,1000.);
#4626=VECTOR('',#16456,1000.);
#4627=VECTOR('',#16461,1000.);
#4628=VECTOR('',#16464,1000.);
#4629=VECTOR('',#16469,1000.);
#4630=VECTOR('',#16472,1000.);
#4631=VECTOR('',#16477,1000.);
#4632=VECTOR('',#16480,1000.);
#4633=VECTOR('',#16485,1000.);
#4634=VECTOR('',#16488,1000.);
#4635=VECTOR('',#16493,1000.);
#4636=VECTOR('',#16496,1000.);
#4637=VECTOR('',#16501,1000.);
#4638=VECTOR('',#16504,1000.);
#4639=VECTOR('',#16509,1000.);
#4640=VECTOR('',#16512,1000.);
#4641=VECTOR('',#16517,1000.);
#4642=VECTOR('',#16520,1000.);
#4643=VECTOR('',#16525,1000.);
#4644=VECTOR('',#16528,1000.);
#4645=VECTOR('',#16533,1000.);
#4646=VECTOR('',#16536,1000.);
#4647=VECTOR('',#16541,1000.);
#4648=VECTOR('',#16544,1000.);
#4649=VECTOR('',#16549,1000.);
#4650=VECTOR('',#16552,1000.);
#4651=VECTOR('',#16557,1000.);
#4652=VECTOR('',#16560,1000.);
#4653=VECTOR('',#16565,1000.);
#4654=VECTOR('',#16568,1000.);
#4655=VECTOR('',#16573,1000.);
#4656=VECTOR('',#16576,1000.);
#4657=VECTOR('',#16581,1000.);
#4658=VECTOR('',#16584,1000.);
#4659=VECTOR('',#16589,1000.);
#4660=VECTOR('',#16592,1000.);
#4661=VECTOR('',#16595,1000.);
#4662=VECTOR('',#16596,1000.);
#4663=VECTOR('',#16597,1000.);
#4664=VECTOR('',#16598,1000.);
#4665=VECTOR('',#16603,1000.);
#4666=VECTOR('',#16608,1000.);
#4667=VECTOR('',#16609,1000.);
#4668=VECTOR('',#16610,1000.);
#4669=VECTOR('',#16615,1000.);
#4670=VECTOR('',#16620,1000.);
#4671=VECTOR('',#16621,1000.);
#4672=VECTOR('',#16622,1000.);
#4673=VECTOR('',#16627,1000.);
#4674=VECTOR('',#16632,1000.);
#4675=VECTOR('',#16633,1000.);
#4676=VECTOR('',#16634,1000.);
#4677=VECTOR('',#16637,1000.);
#4678=VECTOR('',#16638,1000.);
#4679=VECTOR('',#16639,1000.);
#4680=VECTOR('',#16642,1000.);
#4681=VECTOR('',#16643,1000.);
#4682=VECTOR('',#16646,1000.);
#4683=VECTOR('',#16647,1000.);
#4684=VECTOR('',#16648,1000.);
#4685=VECTOR('',#16651,1000.);
#4686=VECTOR('',#16652,1000.);
#4687=VECTOR('',#16653,1000.);
#4688=VECTOR('',#16656,1000.);
#4689=VECTOR('',#16657,1000.);
#4690=VECTOR('',#16660,1000.);
#4691=VECTOR('',#16661,1000.);
#4692=VECTOR('',#16662,1000.);
#4693=VECTOR('',#16667,1000.);
#4694=VECTOR('',#16670,1000.);
#4695=VECTOR('',#16673,1000.);
#4696=VECTOR('',#16674,1000.);
#4697=VECTOR('',#16675,1000.);
#4698=VECTOR('',#16678,1000.);
#4699=VECTOR('',#16679,1000.);
#4700=VECTOR('',#16682,1000.);
#4701=VECTOR('',#16683,1000.);
#4702=VECTOR('',#16684,1000.);
#4703=VECTOR('',#16687,1000.);
#4704=VECTOR('',#16688,1000.);
#4705=VECTOR('',#16691,1000.);
#4706=VECTOR('',#16692,1000.);
#4707=VECTOR('',#16693,1000.);
#4708=VECTOR('',#16698,1000.);
#4709=VECTOR('',#16701,1000.);
#4710=VECTOR('',#16704,1000.);
#4711=VECTOR('',#16705,1000.);
#4712=VECTOR('',#16706,1000.);
#4713=VECTOR('',#16709,1000.);
#4714=VECTOR('',#16710,1000.);
#4715=VECTOR('',#16713,1000.);
#4716=VECTOR('',#16714,1000.);
#4717=VECTOR('',#16715,1000.);
#4718=VECTOR('',#16718,1000.);
#4719=VECTOR('',#16719,1000.);
#4720=VECTOR('',#16722,1000.);
#4721=VECTOR('',#16723,1000.);
#4722=VECTOR('',#16724,1000.);
#4723=VECTOR('',#16729,1000.);
#4724=VECTOR('',#16732,1000.);
#4725=VECTOR('',#16735,1000.);
#4726=VECTOR('',#16736,1000.);
#4727=VECTOR('',#16737,1000.);
#4728=VECTOR('',#16740,1000.);
#4729=VECTOR('',#16741,1000.);
#4730=VECTOR('',#16744,1000.);
#4731=VECTOR('',#16745,1000.);
#4732=VECTOR('',#16746,1000.);
#4733=VECTOR('',#16749,1000.);
#4734=VECTOR('',#16750,1000.);
#4735=VECTOR('',#16753,1000.);
#4736=VECTOR('',#16754,1000.);
#4737=VECTOR('',#16755,1000.);
#4738=VECTOR('',#16760,1000.);
#4739=VECTOR('',#16763,1000.);
#4740=VECTOR('',#16766,1000.);
#4741=VECTOR('',#16767,1000.);
#4742=VECTOR('',#16768,1000.);
#4743=VECTOR('',#16771,1000.);
#4744=VECTOR('',#16772,1000.);
#4745=VECTOR('',#16775,1000.);
#4746=VECTOR('',#16776,1000.);
#4747=VECTOR('',#16777,1000.);
#4748=VECTOR('',#16780,1000.);
#4749=VECTOR('',#16781,1000.);
#4750=VECTOR('',#16784,1000.);
#4751=VECTOR('',#16785,1000.);
#4752=VECTOR('',#16786,1000.);
#4753=VECTOR('',#16791,1000.);
#4754=VECTOR('',#16794,1000.);
#4755=VECTOR('',#16797,1000.);
#4756=VECTOR('',#16798,1000.);
#4757=VECTOR('',#16799,1000.);
#4758=VECTOR('',#16802,1000.);
#4759=VECTOR('',#16803,1000.);
#4760=VECTOR('',#16806,1000.);
#4761=VECTOR('',#16807,1000.);
#4762=VECTOR('',#16808,1000.);
#4763=VECTOR('',#16811,1000.);
#4764=VECTOR('',#16812,1000.);
#4765=VECTOR('',#16815,1000.);
#4766=VECTOR('',#16816,1000.);
#4767=VECTOR('',#16817,1000.);
#4768=VECTOR('',#16822,1000.);
#4769=VECTOR('',#16825,1000.);
#4770=VECTOR('',#16828,1000.);
#4771=VECTOR('',#16829,1000.);
#4772=VECTOR('',#16830,1000.);
#4773=VECTOR('',#16833,1000.);
#4774=VECTOR('',#16834,1000.);
#4775=VECTOR('',#16837,1000.);
#4776=VECTOR('',#16838,1000.);
#4777=VECTOR('',#16839,1000.);
#4778=VECTOR('',#16842,1000.);
#4779=VECTOR('',#16843,1000.);
#4780=VECTOR('',#16846,1000.);
#4781=VECTOR('',#16847,1000.);
#4782=VECTOR('',#16848,1000.);
#4783=VECTOR('',#16853,1000.);
#4784=VECTOR('',#16856,1000.);
#4785=VECTOR('',#16859,1000.);
#4786=VECTOR('',#16860,1000.);
#4787=VECTOR('',#16861,1000.);
#4788=VECTOR('',#16864,1000.);
#4789=VECTOR('',#16865,1000.);
#4790=VECTOR('',#16868,1000.);
#4791=VECTOR('',#16869,1000.);
#4792=VECTOR('',#16870,1000.);
#4793=VECTOR('',#16873,1000.);
#4794=VECTOR('',#16874,1000.);
#4795=VECTOR('',#16877,1000.);
#4796=VECTOR('',#16878,1000.);
#4797=VECTOR('',#16879,1000.);
#4798=VECTOR('',#16884,1000.);
#4799=VECTOR('',#16887,1000.);
#4800=VECTOR('',#16890,1000.);
#4801=VECTOR('',#16891,1000.);
#4802=VECTOR('',#16892,1000.);
#4803=VECTOR('',#16895,1000.);
#4804=VECTOR('',#16896,1000.);
#4805=VECTOR('',#16899,1000.);
#4806=VECTOR('',#16900,1000.);
#4807=VECTOR('',#16901,1000.);
#4808=VECTOR('',#16904,1000.);
#4809=VECTOR('',#16905,1000.);
#4810=VECTOR('',#16908,1000.);
#4811=VECTOR('',#16909,1000.);
#4812=VECTOR('',#16910,1000.);
#4813=VECTOR('',#16915,1000.);
#4814=VECTOR('',#16918,1000.);
#4815=VECTOR('',#16921,1000.);
#4816=VECTOR('',#16922,1000.);
#4817=VECTOR('',#16923,1000.);
#4818=VECTOR('',#16926,1000.);
#4819=VECTOR('',#16927,1000.);
#4820=VECTOR('',#16930,1000.);
#4821=VECTOR('',#16931,1000.);
#4822=VECTOR('',#16932,1000.);
#4823=VECTOR('',#16935,1000.);
#4824=VECTOR('',#16936,1000.);
#4825=VECTOR('',#16939,1000.);
#4826=VECTOR('',#16940,1000.);
#4827=VECTOR('',#16941,1000.);
#4828=VECTOR('',#16946,1000.);
#4829=VECTOR('',#16949,1000.);
#4830=VECTOR('',#16952,1000.);
#4831=VECTOR('',#16953,1000.);
#4832=VECTOR('',#16954,1000.);
#4833=VECTOR('',#16957,1000.);
#4834=VECTOR('',#16958,1000.);
#4835=VECTOR('',#16961,1000.);
#4836=VECTOR('',#16962,1000.);
#4837=VECTOR('',#16963,1000.);
#4838=VECTOR('',#16966,1000.);
#4839=VECTOR('',#16967,1000.);
#4840=VECTOR('',#16970,1000.);
#4841=VECTOR('',#16971,1000.);
#4842=VECTOR('',#16972,1000.);
#4843=VECTOR('',#16977,1000.);
#4844=VECTOR('',#16980,1000.);
#4845=VECTOR('',#16983,1000.);
#4846=VECTOR('',#16984,1000.);
#4847=VECTOR('',#16985,1000.);
#4848=VECTOR('',#16988,1000.);
#4849=VECTOR('',#16989,1000.);
#4850=VECTOR('',#16992,1000.);
#4851=VECTOR('',#16993,1000.);
#4852=VECTOR('',#16994,1000.);
#4853=VECTOR('',#16997,1000.);
#4854=VECTOR('',#16998,1000.);
#4855=VECTOR('',#17001,1000.);
#4856=VECTOR('',#17002,1000.);
#4857=VECTOR('',#17003,1000.);
#4858=VECTOR('',#17008,1000.);
#4859=VECTOR('',#17011,1000.);
#4860=VECTOR('',#17014,1000.);
#4861=VECTOR('',#17015,1000.);
#4862=VECTOR('',#17016,1000.);
#4863=VECTOR('',#17019,1000.);
#4864=VECTOR('',#17020,1000.);
#4865=VECTOR('',#17023,1000.);
#4866=VECTOR('',#17024,1000.);
#4867=VECTOR('',#17025,1000.);
#4868=VECTOR('',#17028,1000.);
#4869=VECTOR('',#17029,1000.);
#4870=VECTOR('',#17032,1000.);
#4871=VECTOR('',#17033,1000.);
#4872=VECTOR('',#17034,1000.);
#4873=VECTOR('',#17039,1000.);
#4874=VECTOR('',#17042,1000.);
#4875=VECTOR('',#17045,1000.);
#4876=VECTOR('',#17046,1000.);
#4877=VECTOR('',#17047,1000.);
#4878=VECTOR('',#17050,1000.);
#4879=VECTOR('',#17051,1000.);
#4880=VECTOR('',#17054,1000.);
#4881=VECTOR('',#17055,1000.);
#4882=VECTOR('',#17056,1000.);
#4883=VECTOR('',#17059,1000.);
#4884=VECTOR('',#17060,1000.);
#4885=VECTOR('',#17063,1000.);
#4886=VECTOR('',#17064,1000.);
#4887=VECTOR('',#17065,1000.);
#4888=VECTOR('',#17070,1000.);
#4889=VECTOR('',#17073,1000.);
#4890=VECTOR('',#17076,1000.);
#4891=VECTOR('',#17077,1000.);
#4892=VECTOR('',#17078,1000.);
#4893=VECTOR('',#17081,1000.);
#4894=VECTOR('',#17082,1000.);
#4895=VECTOR('',#17085,1000.);
#4896=VECTOR('',#17086,1000.);
#4897=VECTOR('',#17087,1000.);
#4898=VECTOR('',#17090,1000.);
#4899=VECTOR('',#17091,1000.);
#4900=VECTOR('',#17094,1000.);
#4901=VECTOR('',#17095,1000.);
#4902=VECTOR('',#17096,1000.);
#4903=VECTOR('',#17101,1000.);
#4904=VECTOR('',#17104,1000.);
#4905=VECTOR('',#17107,1000.);
#4906=VECTOR('',#17108,1000.);
#4907=VECTOR('',#17109,1000.);
#4908=VECTOR('',#17112,1000.);
#4909=VECTOR('',#17113,1000.);
#4910=VECTOR('',#17116,1000.);
#4911=VECTOR('',#17117,1000.);
#4912=VECTOR('',#17118,1000.);
#4913=VECTOR('',#17121,1000.);
#4914=VECTOR('',#17122,1000.);
#4915=VECTOR('',#17125,1000.);
#4916=VECTOR('',#17126,1000.);
#4917=VECTOR('',#17127,1000.);
#4918=VECTOR('',#17132,1000.);
#4919=VECTOR('',#17135,1000.);
#4920=VECTOR('',#17138,1000.);
#4921=VECTOR('',#17139,1000.);
#4922=VECTOR('',#17140,1000.);
#4923=VECTOR('',#17143,1000.);
#4924=VECTOR('',#17144,1000.);
#4925=VECTOR('',#17147,1000.);
#4926=VECTOR('',#17148,1000.);
#4927=VECTOR('',#17149,1000.);
#4928=VECTOR('',#17152,1000.);
#4929=VECTOR('',#17153,1000.);
#4930=VECTOR('',#17156,1000.);
#4931=VECTOR('',#17157,1000.);
#4932=VECTOR('',#17158,1000.);
#4933=VECTOR('',#17163,1000.);
#4934=VECTOR('',#17166,1000.);
#4935=VECTOR('',#17169,1000.);
#4936=VECTOR('',#17170,1000.);
#4937=VECTOR('',#17171,1000.);
#4938=VECTOR('',#17174,1000.);
#4939=VECTOR('',#17175,1000.);
#4940=VECTOR('',#17178,1000.);
#4941=VECTOR('',#17179,1000.);
#4942=VECTOR('',#17180,1000.);
#4943=VECTOR('',#17183,1000.);
#4944=VECTOR('',#17184,1000.);
#4945=VECTOR('',#17187,1000.);
#4946=VECTOR('',#17188,1000.);
#4947=VECTOR('',#17189,1000.);
#4948=VECTOR('',#17194,1000.);
#4949=VECTOR('',#17197,1000.);
#4950=VECTOR('',#17200,1000.);
#4951=VECTOR('',#17201,1000.);
#4952=VECTOR('',#17202,1000.);
#4953=VECTOR('',#17205,1000.);
#4954=VECTOR('',#17206,1000.);
#4955=VECTOR('',#17209,1000.);
#4956=VECTOR('',#17210,1000.);
#4957=VECTOR('',#17211,1000.);
#4958=VECTOR('',#17214,1000.);
#4959=VECTOR('',#17215,1000.);
#4960=VECTOR('',#17218,1000.);
#4961=VECTOR('',#17219,1000.);
#4962=VECTOR('',#17220,1000.);
#4963=VECTOR('',#17225,1000.);
#4964=VECTOR('',#17228,1000.);
#4965=VECTOR('',#17231,1000.);
#4966=VECTOR('',#17232,1000.);
#4967=VECTOR('',#17233,1000.);
#4968=VECTOR('',#17236,1000.);
#4969=VECTOR('',#17237,1000.);
#4970=VECTOR('',#17240,1000.);
#4971=VECTOR('',#17241,1000.);
#4972=VECTOR('',#17242,1000.);
#4973=VECTOR('',#17245,1000.);
#4974=VECTOR('',#17246,1000.);
#4975=VECTOR('',#17249,1000.);
#4976=VECTOR('',#17250,1000.);
#4977=VECTOR('',#17251,1000.);
#4978=VECTOR('',#17256,1000.);
#4979=VECTOR('',#17259,1000.);
#4980=VECTOR('',#17262,1000.);
#4981=VECTOR('',#17263,1000.);
#4982=VECTOR('',#17264,1000.);
#4983=VECTOR('',#17267,1000.);
#4984=VECTOR('',#17268,1000.);
#4985=VECTOR('',#17271,1000.);
#4986=VECTOR('',#17272,1000.);
#4987=VECTOR('',#17273,1000.);
#4988=VECTOR('',#17276,1000.);
#4989=VECTOR('',#17277,1000.);
#4990=VECTOR('',#17280,1000.);
#4991=VECTOR('',#17281,1000.);
#4992=VECTOR('',#17282,1000.);
#4993=VECTOR('',#17287,1000.);
#4994=VECTOR('',#17290,1000.);
#4995=VECTOR('',#17293,1000.);
#4996=VECTOR('',#17294,1000.);
#4997=VECTOR('',#17295,1000.);
#4998=VECTOR('',#17298,1000.);
#4999=VECTOR('',#17299,1000.);
#5000=VECTOR('',#17302,1000.);
#5001=VECTOR('',#17303,1000.);
#5002=VECTOR('',#17304,1000.);
#5003=VECTOR('',#17307,1000.);
#5004=VECTOR('',#17308,1000.);
#5005=VECTOR('',#17311,1000.);
#5006=VECTOR('',#17312,1000.);
#5007=VECTOR('',#17313,1000.);
#5008=VECTOR('',#17318,1000.);
#5009=VECTOR('',#17321,1000.);
#5010=VECTOR('',#17324,1000.);
#5011=VECTOR('',#17325,1000.);
#5012=VECTOR('',#17326,1000.);
#5013=VECTOR('',#17329,1000.);
#5014=VECTOR('',#17330,1000.);
#5015=VECTOR('',#17333,1000.);
#5016=VECTOR('',#17334,1000.);
#5017=VECTOR('',#17335,1000.);
#5018=VECTOR('',#17338,1000.);
#5019=VECTOR('',#17339,1000.);
#5020=VECTOR('',#17342,1000.);
#5021=VECTOR('',#17343,1000.);
#5022=VECTOR('',#17344,1000.);
#5023=VECTOR('',#17349,1000.);
#5024=VECTOR('',#17352,1000.);
#5025=VECTOR('',#17355,1000.);
#5026=VECTOR('',#17356,1000.);
#5027=VECTOR('',#17357,1000.);
#5028=VECTOR('',#17360,1000.);
#5029=VECTOR('',#17361,1000.);
#5030=VECTOR('',#17364,1000.);
#5031=VECTOR('',#17365,1000.);
#5032=VECTOR('',#17366,1000.);
#5033=VECTOR('',#17369,1000.);
#5034=VECTOR('',#17370,1000.);
#5035=VECTOR('',#17373,1000.);
#5036=VECTOR('',#17374,1000.);
#5037=VECTOR('',#17375,1000.);
#5038=VECTOR('',#17378,1000.);
#5039=VECTOR('',#17379,1000.);
#5040=VECTOR('',#17382,1000.);
#5041=VECTOR('',#17383,1000.);
#5042=VECTOR('',#17386,1000.);
#5043=VECTOR('',#17387,1000.);
#5044=VECTOR('',#17390,1000.);
#5045=VECTOR('',#17391,1000.);
#5046=VECTOR('',#17394,1000.);
#5047=VECTOR('',#17395,1000.);
#5048=VECTOR('',#17398,1000.);
#5049=VECTOR('',#17399,1000.);
#5050=VECTOR('',#17402,1000.);
#5051=VECTOR('',#17403,1000.);
#5052=VECTOR('',#17406,1000.);
#5053=VECTOR('',#17407,1000.);
#5054=VECTOR('',#17410,1000.);
#5055=VECTOR('',#17411,1000.);
#5056=VECTOR('',#17414,1000.);
#5057=VECTOR('',#17415,1000.);
#5058=VECTOR('',#17418,1000.);
#5059=VECTOR('',#17419,1000.);
#5060=VECTOR('',#17422,1000.);
#5061=VECTOR('',#17423,1000.);
#5062=VECTOR('',#17426,1000.);
#5063=VECTOR('',#17427,1000.);
#5064=VECTOR('',#17430,1000.);
#5065=VECTOR('',#17431,1000.);
#5066=VECTOR('',#17434,1000.);
#5067=VECTOR('',#17435,1000.);
#5068=VECTOR('',#17438,1000.);
#5069=VECTOR('',#17439,1000.);
#5070=VECTOR('',#17442,1000.);
#5071=VECTOR('',#17443,1000.);
#5072=VECTOR('',#17446,1000.);
#5073=VECTOR('',#17447,1000.);
#5074=VECTOR('',#17450,1000.);
#5075=VECTOR('',#17451,1000.);
#5076=VECTOR('',#17454,1000.);
#5077=VECTOR('',#17455,1000.);
#5078=VECTOR('',#17458,1000.);
#5079=VECTOR('',#17459,1000.);
#5080=VECTOR('',#17462,1000.);
#5081=VECTOR('',#17463,1000.);
#5082=VECTOR('',#17466,1000.);
#5083=VECTOR('',#17467,1000.);
#5084=VECTOR('',#17470,1000.);
#5085=VECTOR('',#17471,1000.);
#5086=VECTOR('',#17474,1000.);
#5087=VECTOR('',#17475,1000.);
#5088=VECTOR('',#17490,1000.);
#5089=VECTOR('',#17491,1000.);
#5090=VECTOR('',#17492,1000.);
#5091=VECTOR('',#17495,1000.);
#5092=VECTOR('',#17496,1000.);
#5093=VECTOR('',#17497,1000.);
#5094=VECTOR('',#17500,1000.);
#5095=VECTOR('',#17501,1000.);
#5096=VECTOR('',#17504,1000.);
#5097=VECTOR('',#17505,1000.);
#5098=VECTOR('',#17506,1000.);
#5099=VECTOR('',#17509,1000.);
#5100=VECTOR('',#17512,1000.);
#5101=VECTOR('',#17513,1000.);
#5102=VECTOR('',#17514,1000.);
#5103=VECTOR('',#17515,1000.);
#5104=VECTOR('',#17518,1000.);
#5105=VECTOR('',#17521,1000.);
#5106=VECTOR('',#17522,1000.);
#5107=VECTOR('',#17525,1000.);
#5108=VECTOR('',#17530,1000.);
#5109=VECTOR('',#17533,1000.);
#5110=VECTOR('',#17536,1000.);
#5111=VECTOR('',#17539,1000.);
#5112=VECTOR('',#17542,1000.);
#5113=VECTOR('',#17545,1000.);
#5114=VECTOR('',#17548,1000.);
#5115=VECTOR('',#17551,1000.);
#5116=VECTOR('',#17552,1000.);
#5117=VECTOR('',#17555,1000.);
#5118=VECTOR('',#17558,1000.);
#5119=VECTOR('',#17561,1000.);
#5120=VECTOR('',#17564,1000.);
#5121=VECTOR('',#17567,1000.);
#5122=VECTOR('',#17570,1000.);
#5123=VECTOR('',#17573,1000.);
#5124=VECTOR('',#17576,1000.);
#5125=VECTOR('',#17579,1000.);
#5126=VECTOR('',#17584,1000.);
#5127=VECTOR('',#17587,1000.);
#5128=VECTOR('',#17588,1000.);
#5129=VECTOR('',#17591,1000.);
#5130=VECTOR('',#17594,1000.);
#5131=VECTOR('',#17597,1000.);
#5132=VECTOR('',#17602,1000.);
#5133=VECTOR('',#17605,1000.);
#5134=VECTOR('',#17608,1000.);
#5135=VECTOR('',#17609,1000.);
#5136=VECTOR('',#17610,1000.);
#5137=VECTOR('',#17613,1000.);
#5138=VECTOR('',#17616,1000.);
#5139=VECTOR('',#17619,1000.);
#5140=VECTOR('',#17622,1000.);
#5141=VECTOR('',#17623,1000.);
#5142=VECTOR('',#17624,1000.);
#5143=VECTOR('',#17627,1000.);
#5144=VECTOR('',#17632,1000.);
#5145=VECTOR('',#17635,1000.);
#5146=VECTOR('',#17636,1000.);
#5147=VECTOR('',#17639,1000.);
#5148=VECTOR('',#17644,1000.);
#5149=VECTOR('',#17647,1000.);
#5150=VECTOR('',#17648,1000.);
#5151=VECTOR('',#17651,1000.);
#5152=VECTOR('',#17654,1000.);
#5153=VECTOR('',#17657,1000.);
#5154=VECTOR('',#17660,1000.);
#5155=VECTOR('',#17663,1000.);
#5156=VECTOR('',#17668,1000.);
#5157=VECTOR('',#17671,1000.);
#5158=VECTOR('',#17672,1000.);
#5159=VECTOR('',#17675,1000.);
#5160=VECTOR('',#17678,1000.);
#5161=VECTOR('',#17681,1000.);
#5162=VECTOR('',#17684,1000.);
#5163=VECTOR('',#17687,1000.);
#5164=VECTOR('',#17692,1000.);
#5165=VECTOR('',#17693,1000.);
#5166=VECTOR('',#17696,1000.);
#5167=VECTOR('',#17697,1000.);
#5168=VECTOR('',#17700,1000.);
#5169=VECTOR('',#17701,1000.);
#5170=VECTOR('',#17702,1000.);
#5171=VECTOR('',#17705,1000.);
#5172=VECTOR('',#17712,1000.);
#5173=VECTOR('',#17715,1000.);
#5174=VECTOR('',#17718,1000.);
#5175=VECTOR('',#17719,1000.);
#5176=VECTOR('',#17720,1000.);
#5177=VECTOR('',#17723,1000.);
#5178=VECTOR('',#17724,1000.);
#5179=VECTOR('',#17725,1000.);
#5180=VECTOR('',#17728,1000.);
#5181=VECTOR('',#17731,1000.);
#5182=VECTOR('',#17736,1000.);
#5183=VECTOR('',#17739,1000.);
#5184=VECTOR('',#17740,1000.);
#5185=VECTOR('',#17741,1000.);
#5186=VECTOR('',#17744,1000.);
#5187=VECTOR('',#17747,1000.);
#5188=VECTOR('',#17750,1000.);
#5189=VECTOR('',#17753,1000.);
#5190=VECTOR('',#17756,1000.);
#5191=VECTOR('',#17757,1000.);
#5192=VECTOR('',#17758,1000.);
#5193=VECTOR('',#17759,1000.);
#5194=VECTOR('',#17762,1000.);
#5195=VECTOR('',#17763,1000.);
#5196=VECTOR('',#17764,1000.);
#5197=VECTOR('',#17767,1000.);
#5198=VECTOR('',#17768,1000.);
#5199=VECTOR('',#17769,1000.);
#5200=VECTOR('',#17772,1000.);
#5201=VECTOR('',#17775,1000.);
#5202=VECTOR('',#17780,1000.);
#5203=VECTOR('',#17785,1000.);
#5204=VECTOR('',#17786,1000.);
#5205=VECTOR('',#17789,1000.);
#5206=VECTOR('',#17790,1000.);
#5207=VECTOR('',#17791,1000.);
#5208=VECTOR('',#17796,1000.);
#5209=VECTOR('',#17797,1000.);
#5210=VECTOR('',#17798,1000.);
#5211=VECTOR('',#17799,1000.);
#5212=VECTOR('',#17804,1000.);
#5213=VECTOR('',#17807,1000.);
#5214=VECTOR('',#17810,1000.);
#5215=VECTOR('',#17817,1000.);
#5216=VECTOR('',#17818,1000.);
#5217=VECTOR('',#17821,1000.);
#5218=VECTOR('',#17822,1000.);
#5219=VECTOR('',#17823,1000.);
#5220=VECTOR('',#17826,1000.);
#5221=VECTOR('',#17827,1000.);
#5222=VECTOR('',#17828,1000.);
#5223=VECTOR('',#17829,1000.);
#5224=VECTOR('',#17832,1000.);
#5225=VECTOR('',#17833,1000.);
#5226=VECTOR('',#17834,1000.);
#5227=VECTOR('',#17835,1000.);
#5228=VECTOR('',#17840,1000.);
#5229=VECTOR('',#17841,1000.);
#5230=VECTOR('',#17844,1000.);
#5231=VECTOR('',#17845,1000.);
#5232=VECTOR('',#17848,1000.);
#5233=VECTOR('',#17849,1000.);
#5234=VECTOR('',#17850,1000.);
#5235=VECTOR('',#17853,1000.);
#5236=VECTOR('',#17856,1000.);
#5237=VECTOR('',#17859,1000.);
#5238=VECTOR('',#17860,1000.);
#5239=VECTOR('',#17863,1000.);
#5240=VECTOR('',#17864,1000.);
#5241=VECTOR('',#17865,1000.);
#5242=VECTOR('',#17870,1000.);
#5243=VECTOR('',#17875,1000.);
#5244=VECTOR('',#17878,1000.);
#5245=VECTOR('',#17881,1000.);
#5246=VECTOR('',#17884,1000.);
#5247=VECTOR('',#17887,1000.);
#5248=VECTOR('',#17888,1000.);
#5249=VECTOR('',#17889,1000.);
#5250=VECTOR('',#17892,1000.);
#5251=VECTOR('',#17895,1000.);
#5252=VECTOR('',#17896,1000.);
#5253=VECTOR('',#17897,1000.);
#5254=VECTOR('',#17902,1000.);
#5255=VECTOR('',#17903,1000.);
#5256=VECTOR('',#17906,1000.);
#5257=VECTOR('',#17907,1000.);
#5258=VECTOR('',#17908,1000.);
#5259=VECTOR('',#17913,1000.);
#5260=VECTOR('',#17916,1000.);
#5261=VECTOR('',#17917,1000.);
#5262=VECTOR('',#17918,1000.);
#5263=VECTOR('',#17919,1000.);
#5264=VECTOR('',#17920,1000.);
#5265=VECTOR('',#17923,1000.);
#5266=VECTOR('',#17926,1000.);
#5267=VECTOR('',#17929,1000.);
#5268=VECTOR('',#17962,1000.);
#5269=VECTOR('',#17963,1000.);
#5270=VECTOR('',#17964,1000.);
#5271=VECTOR('',#17965,1000.);
#5272=VECTOR('',#17966,1000.);
#5273=VECTOR('',#17967,1000.);
#5274=VECTOR('',#17970,1000.);
#5275=VECTOR('',#17971,1000.);
#5276=VECTOR('',#17972,1000.);
#5277=VECTOR('',#17975,1000.);
#5278=VECTOR('',#17976,1000.);
#5279=VECTOR('',#17977,1000.);
#5280=VECTOR('',#17978,1000.);
#5281=VECTOR('',#17979,1000.);
#5282=VECTOR('',#17980,1000.);
#5283=VECTOR('',#17983,1000.);
#5284=VECTOR('',#17984,1000.);
#5285=VECTOR('',#17985,1000.);
#5286=VECTOR('',#17988,1000.);
#5287=VECTOR('',#17989,1000.);
#5288=VECTOR('',#17992,1000.);
#5289=VECTOR('',#17993,1000.);
#5290=VECTOR('',#18020,1000.);
#5291=VECTOR('',#18021,1000.);
#5292=VECTOR('',#18024,1000.);
#5293=VECTOR('',#18025,1000.);
#5294=VECTOR('',#18028,1000.);
#5295=VECTOR('',#18029,1000.);
#5296=VECTOR('',#18032,1000.);
#5297=VECTOR('',#18033,1000.);
#5298=VECTOR('',#18036,1000.);
#5299=VECTOR('',#18037,1000.);
#5300=VECTOR('',#18040,1000.);
#5301=VECTOR('',#18041,1000.);
#5302=VECTOR('',#18044,1000.);
#5303=VECTOR('',#18045,1000.);
#5304=VECTOR('',#18048,1000.);
#5305=VECTOR('',#18049,1000.);
#5306=VECTOR('',#18052,1000.);
#5307=VECTOR('',#18053,1000.);
#5308=VECTOR('',#18056,1000.);
#5309=VECTOR('',#18057,1000.);
#5310=VECTOR('',#18060,1000.);
#5311=VECTOR('',#18061,1000.);
#5312=VECTOR('',#18064,1000.);
#5313=VECTOR('',#18065,1000.);
#5314=VECTOR('',#18068,1000.);
#5315=VECTOR('',#18069,1000.);
#5316=VECTOR('',#18072,1000.);
#5317=VECTOR('',#18073,1000.);
#5318=VECTOR('',#18076,1000.);
#5319=VECTOR('',#18077,1000.);
#5320=VECTOR('',#18080,1000.);
#5321=VECTOR('',#18081,1000.);
#5322=VECTOR('',#18084,1000.);
#5323=VECTOR('',#18085,1000.);
#5324=VECTOR('',#18088,1000.);
#5325=VECTOR('',#18089,1000.);
#5326=VECTOR('',#18092,1000.);
#5327=VECTOR('',#18093,1000.);
#5328=VECTOR('',#18096,1000.);
#5329=VECTOR('',#18097,1000.);
#5330=VECTOR('',#18100,1000.);
#5331=VECTOR('',#18101,1000.);
#5332=VECTOR('',#18104,1000.);
#5333=VECTOR('',#18105,1000.);
#5334=VECTOR('',#18108,1000.);
#5335=VECTOR('',#18109,1000.);
#5336=VECTOR('',#18112,1000.);
#5337=VECTOR('',#18113,1000.);
#5338=VECTOR('',#18116,1000.);
#5339=VECTOR('',#18117,1000.);
#5340=VECTOR('',#18120,1000.);
#5341=VECTOR('',#18121,1000.);
#5342=VECTOR('',#18124,1000.);
#5343=VECTOR('',#18125,1000.);
#5344=VECTOR('',#18128,1000.);
#5345=VECTOR('',#18129,1000.);
#5346=VECTOR('',#18132,1000.);
#5347=VECTOR('',#18133,1000.);
#5348=VECTOR('',#18136,1000.);
#5349=VECTOR('',#18137,1000.);
#5350=VECTOR('',#18140,1000.);
#5351=VECTOR('',#18141,1000.);
#5352=VECTOR('',#18144,1000.);
#5353=VECTOR('',#18145,1000.);
#5354=VECTOR('',#18222,1000.);
#5355=VECTOR('',#18227,1000.);
#5356=VECTOR('',#18230,1000.);
#5357=VECTOR('',#18237,1000.);
#5358=VECTOR('',#18242,1000.);
#5359=VECTOR('',#18245,1000.);
#5360=ELLIPSE('',#13267,0.707106781186483,0.499999999999921);
#5361=ELLIPSE('',#13281,198.538698065095,25.2382275450727);
#5362=ELLIPSE('',#13287,196.018969323651,25.0677127742786);
#5363=ELLIPSE('',#13501,0.707106781185935,0.49999999999962);
#5364=VERTEX_POINT('',#18257);
#5365=VERTEX_POINT('',#18258);
#5366=VERTEX_POINT('',#18260);
#5367=VERTEX_POINT('',#18262);
#5368=VERTEX_POINT('',#18266);
#5369=VERTEX_POINT('',#18267);
#5370=VERTEX_POINT('',#18270);
#5371=VERTEX_POINT('',#18274);
#5372=VERTEX_POINT('',#18275);
#5373=VERTEX_POINT('',#18278);
#5374=VERTEX_POINT('',#18282);
#5375=VERTEX_POINT('',#18283);
#5376=VERTEX_POINT('',#18286);
#5377=VERTEX_POINT('',#18288);
#5378=VERTEX_POINT('',#18290);
#5379=VERTEX_POINT('',#18299);
#5380=VERTEX_POINT('',#18303);
#5381=VERTEX_POINT('',#18304);
#5382=VERTEX_POINT('',#18307);
#5383=VERTEX_POINT('',#18309);
#5384=VERTEX_POINT('',#18311);
#5385=VERTEX_POINT('',#18313);
#5386=VERTEX_POINT('',#18324);
#5387=VERTEX_POINT('',#18326);
#5388=VERTEX_POINT('',#18330);
#5389=VERTEX_POINT('',#18332);
#5390=VERTEX_POINT('',#18336);
#5391=VERTEX_POINT('',#18340);
#5392=VERTEX_POINT('',#18344);
#5393=VERTEX_POINT('',#18348);
#5394=VERTEX_POINT('',#18352);
#5395=VERTEX_POINT('',#18353);
#5396=VERTEX_POINT('',#18355);
#5397=VERTEX_POINT('',#18357);
#5398=VERTEX_POINT('',#18359);
#5399=VERTEX_POINT('',#18361);
#5400=VERTEX_POINT('',#18363);
#5401=VERTEX_POINT('',#18365);
#5402=VERTEX_POINT('',#18368);
#5403=VERTEX_POINT('',#18369);
#5404=VERTEX_POINT('',#18371);
#5405=VERTEX_POINT('',#18374);
#5406=VERTEX_POINT('',#18376);
#5407=VERTEX_POINT('',#18378);
#5408=VERTEX_POINT('',#18380);
#5409=VERTEX_POINT('',#18382);
#5410=VERTEX_POINT('',#18384);
#5411=VERTEX_POINT('',#18386);
#5412=VERTEX_POINT('',#18388);
#5413=VERTEX_POINT('',#18390);
#5414=VERTEX_POINT('',#18393);
#5415=VERTEX_POINT('',#18394);
#5416=VERTEX_POINT('',#18396);
#5417=VERTEX_POINT('',#18398);
#5418=VERTEX_POINT('',#18400);
#5419=VERTEX_POINT('',#18402);
#5420=VERTEX_POINT('',#18404);
#5421=VERTEX_POINT('',#18406);
#5422=VERTEX_POINT('',#18409);
#5423=VERTEX_POINT('',#18410);
#5424=VERTEX_POINT('',#18412);
#5425=VERTEX_POINT('',#18414);
#5426=VERTEX_POINT('',#18416);
#5427=VERTEX_POINT('',#18418);
#5428=VERTEX_POINT('',#18420);
#5429=VERTEX_POINT('',#18422);
#5430=VERTEX_POINT('',#18424);
#5431=VERTEX_POINT('',#18426);
#5432=VERTEX_POINT('',#18428);
#5433=VERTEX_POINT('',#18430);
#5434=VERTEX_POINT('',#18432);
#5435=VERTEX_POINT('',#18434);
#5436=VERTEX_POINT('',#18436);
#5437=VERTEX_POINT('',#18438);
#5438=VERTEX_POINT('',#18440);
#5439=VERTEX_POINT('',#18442);
#5440=VERTEX_POINT('',#18444);
#5441=VERTEX_POINT('',#18446);
#5442=VERTEX_POINT('',#18448);
#5443=VERTEX_POINT('',#18450);
#5444=VERTEX_POINT('',#18452);
#5445=VERTEX_POINT('',#18454);
#5446=VERTEX_POINT('',#18456);
#5447=VERTEX_POINT('',#18458);
#5448=VERTEX_POINT('',#18462);
#5449=VERTEX_POINT('',#18463);
#5450=VERTEX_POINT('',#18465);
#5451=VERTEX_POINT('',#18467);
#5452=VERTEX_POINT('',#18469);
#5453=VERTEX_POINT('',#18471);
#5454=VERTEX_POINT('',#18473);
#5455=VERTEX_POINT('',#18475);
#5456=VERTEX_POINT('',#18478);
#5457=VERTEX_POINT('',#18480);
#5458=VERTEX_POINT('',#18482);
#5459=VERTEX_POINT('',#18485);
#5460=VERTEX_POINT('',#18487);
#5461=VERTEX_POINT('',#18489);
#5462=VERTEX_POINT('',#18491);
#5463=VERTEX_POINT('',#18493);
#5464=VERTEX_POINT('',#18495);
#5465=VERTEX_POINT('',#18497);
#5466=VERTEX_POINT('',#18499);
#5467=VERTEX_POINT('',#18501);
#5468=VERTEX_POINT('',#18503);
#5469=VERTEX_POINT('',#18505);
#5470=VERTEX_POINT('',#18507);
#5471=VERTEX_POINT('',#18509);
#5472=VERTEX_POINT('',#18511);
#5473=VERTEX_POINT('',#18513);
#5474=VERTEX_POINT('',#18515);
#5475=VERTEX_POINT('',#18517);
#5476=VERTEX_POINT('',#18520);
#5477=VERTEX_POINT('',#18521);
#5478=VERTEX_POINT('',#18523);
#5479=VERTEX_POINT('',#18525);
#5480=VERTEX_POINT('',#18527);
#5481=VERTEX_POINT('',#18529);
#5482=VERTEX_POINT('',#18531);
#5483=VERTEX_POINT('',#18533);
#5484=VERTEX_POINT('',#18536);
#5485=VERTEX_POINT('',#18537);
#5486=VERTEX_POINT('',#18539);
#5487=VERTEX_POINT('',#18541);
#5488=VERTEX_POINT('',#18545);
#5489=VERTEX_POINT('',#18546);
#5490=VERTEX_POINT('',#18548);
#5491=VERTEX_POINT('',#18550);
#5492=VERTEX_POINT('',#18552);
#5493=VERTEX_POINT('',#18554);
#5494=VERTEX_POINT('',#18556);
#5495=VERTEX_POINT('',#18558);
#5496=VERTEX_POINT('',#18561);
#5497=VERTEX_POINT('',#18562);
#5498=VERTEX_POINT('',#18564);
#5499=VERTEX_POINT('',#18566);
#5500=VERTEX_POINT('',#18570);
#5501=VERTEX_POINT('',#18571);
#5502=VERTEX_POINT('',#18573);
#5503=VERTEX_POINT('',#18575);
#5504=VERTEX_POINT('',#18579);
#5505=VERTEX_POINT('',#18580);
#5506=VERTEX_POINT('',#18582);
#5507=VERTEX_POINT('',#18584);
#5508=VERTEX_POINT('',#18588);
#5509=VERTEX_POINT('',#18589);
#5510=VERTEX_POINT('',#18591);
#5511=VERTEX_POINT('',#18593);
#5512=VERTEX_POINT('',#18597);
#5513=VERTEX_POINT('',#18598);
#5514=VERTEX_POINT('',#18600);
#5515=VERTEX_POINT('',#18602);
#5516=VERTEX_POINT('',#18606);
#5517=VERTEX_POINT('',#18607);
#5518=VERTEX_POINT('',#18609);
#5519=VERTEX_POINT('',#18611);
#5520=VERTEX_POINT('',#18613);
#5521=VERTEX_POINT('',#18615);
#5522=VERTEX_POINT('',#18617);
#5523=VERTEX_POINT('',#18619);
#5524=VERTEX_POINT('',#18622);
#5525=VERTEX_POINT('',#18623);
#5526=VERTEX_POINT('',#18625);
#5527=VERTEX_POINT('',#18627);
#5528=VERTEX_POINT('',#18629);
#5529=VERTEX_POINT('',#18631);
#5530=VERTEX_POINT('',#18633);
#5531=VERTEX_POINT('',#18635);
#5532=VERTEX_POINT('',#18651);
#5533=VERTEX_POINT('',#18652);
#5534=VERTEX_POINT('',#18655);
#5535=VERTEX_POINT('',#18659);
#5536=VERTEX_POINT('',#18663);
#5537=VERTEX_POINT('',#18667);
#5538=VERTEX_POINT('',#18670);
#5539=VERTEX_POINT('',#18672);
#5540=VERTEX_POINT('',#18679);
#5541=VERTEX_POINT('',#18680);
#5542=VERTEX_POINT('',#18682);
#5543=VERTEX_POINT('',#18684);
#5544=VERTEX_POINT('',#18686);
#5545=VERTEX_POINT('',#18688);
#5546=VERTEX_POINT('',#18690);
#5547=VERTEX_POINT('',#18692);
#5548=VERTEX_POINT('',#18696);
#5549=VERTEX_POINT('',#18697);
#5550=VERTEX_POINT('',#18699);
#5551=VERTEX_POINT('',#18701);
#5552=VERTEX_POINT('',#18705);
#5553=VERTEX_POINT('',#18706);
#5554=VERTEX_POINT('',#18708);
#5555=VERTEX_POINT('',#18710);
#5556=VERTEX_POINT('',#18714);
#5557=VERTEX_POINT('',#18715);
#5558=VERTEX_POINT('',#18717);
#5559=VERTEX_POINT('',#18719);
#5560=VERTEX_POINT('',#18723);
#5561=VERTEX_POINT('',#18724);
#5562=VERTEX_POINT('',#18726);
#5563=VERTEX_POINT('',#18728);
#5564=VERTEX_POINT('',#18732);
#5565=VERTEX_POINT('',#18733);
#5566=VERTEX_POINT('',#18735);
#5567=VERTEX_POINT('',#18737);
#5568=VERTEX_POINT('',#18741);
#5569=VERTEX_POINT('',#18742);
#5570=VERTEX_POINT('',#18744);
#5571=VERTEX_POINT('',#18746);
#5572=VERTEX_POINT('',#18750);
#5573=VERTEX_POINT('',#18751);
#5574=VERTEX_POINT('',#18753);
#5575=VERTEX_POINT('',#18755);
#5576=VERTEX_POINT('',#18759);
#5577=VERTEX_POINT('',#18760);
#5578=VERTEX_POINT('',#18762);
#5579=VERTEX_POINT('',#18764);
#5580=VERTEX_POINT('',#18768);
#5581=VERTEX_POINT('',#18769);
#5582=VERTEX_POINT('',#18771);
#5583=VERTEX_POINT('',#18773);
#5584=VERTEX_POINT('',#18778);
#5585=VERTEX_POINT('',#18780);
#5586=VERTEX_POINT('',#18839);
#5587=VERTEX_POINT('',#18840);
#5588=VERTEX_POINT('',#18845);
#5589=VERTEX_POINT('',#18847);
#5590=VERTEX_POINT('',#18857);
#5591=VERTEX_POINT('',#18859);
#5592=VERTEX_POINT('',#18863);
#5593=VERTEX_POINT('',#18865);
#5594=VERTEX_POINT('',#18869);
#5595=VERTEX_POINT('',#18871);
#5596=VERTEX_POINT('',#18875);
#5597=VERTEX_POINT('',#18877);
#5598=VERTEX_POINT('',#18881);
#5599=VERTEX_POINT('',#18883);
#5600=VERTEX_POINT('',#18887);
#5601=VERTEX_POINT('',#18891);
#5602=VERTEX_POINT('',#18897);
#5603=VERTEX_POINT('',#18898);
#5604=VERTEX_POINT('',#18903);
#5605=VERTEX_POINT('',#18905);
#5606=VERTEX_POINT('',#18909);
#5607=VERTEX_POINT('',#18911);
#5608=VERTEX_POINT('',#18920);
#5609=VERTEX_POINT('',#18921);
#5610=VERTEX_POINT('',#18923);
#5611=VERTEX_POINT('',#18925);
#5612=VERTEX_POINT('',#18929);
#5613=VERTEX_POINT('',#18930);
#5614=VERTEX_POINT('',#18935);
#5615=VERTEX_POINT('',#18936);
#5616=VERTEX_POINT('',#18941);
#5617=VERTEX_POINT('',#18942);
#5618=VERTEX_POINT('',#18947);
#5619=VERTEX_POINT('',#18948);
#5620=VERTEX_POINT('',#18953);
#5621=VERTEX_POINT('',#18954);
#5622=VERTEX_POINT('',#18959);
#5623=VERTEX_POINT('',#18960);
#5624=VERTEX_POINT('',#19138);
#5625=VERTEX_POINT('',#19140);
#5626=VERTEX_POINT('',#19144);
#5627=VERTEX_POINT('',#19146);
#5628=VERTEX_POINT('',#19150);
#5629=VERTEX_POINT('',#19152);
#5630=VERTEX_POINT('',#19156);
#5631=VERTEX_POINT('',#19158);
#5632=VERTEX_POINT('',#19162);
#5633=VERTEX_POINT('',#19163);
#5634=VERTEX_POINT('',#19165);
#5635=VERTEX_POINT('',#19167);
#5636=VERTEX_POINT('',#19169);
#5637=VERTEX_POINT('',#19171);
#5638=VERTEX_POINT('',#19173);
#5639=VERTEX_POINT('',#19175);
#5640=VERTEX_POINT('',#19177);
#5641=VERTEX_POINT('',#19179);
#5642=VERTEX_POINT('',#19181);
#5643=VERTEX_POINT('',#19183);
#5644=VERTEX_POINT('',#19185);
#5645=VERTEX_POINT('',#19187);
#5646=VERTEX_POINT('',#19189);
#5647=VERTEX_POINT('',#19191);
#5648=VERTEX_POINT('',#19193);
#5649=VERTEX_POINT('',#19195);
#5650=VERTEX_POINT('',#19197);
#5651=VERTEX_POINT('',#19199);
#5652=VERTEX_POINT('',#19201);
#5653=VERTEX_POINT('',#19203);
#5654=VERTEX_POINT('',#19205);
#5655=VERTEX_POINT('',#19207);
#5656=VERTEX_POINT('',#19211);
#5657=VERTEX_POINT('',#19212);
#5658=VERTEX_POINT('',#19214);
#5659=VERTEX_POINT('',#19216);
#5660=VERTEX_POINT('',#19218);
#5661=VERTEX_POINT('',#19220);
#5662=VERTEX_POINT('',#19222);
#5663=VERTEX_POINT('',#19224);
#5664=VERTEX_POINT('',#19226);
#5665=VERTEX_POINT('',#19228);
#5666=VERTEX_POINT('',#19230);
#5667=VERTEX_POINT('',#19232);
#5668=VERTEX_POINT('',#19234);
#5669=VERTEX_POINT('',#19236);
#5670=VERTEX_POINT('',#19238);
#5671=VERTEX_POINT('',#19240);
#5672=VERTEX_POINT('',#19244);
#5673=VERTEX_POINT('',#19245);
#5674=VERTEX_POINT('',#19247);
#5675=VERTEX_POINT('',#19249);
#5676=VERTEX_POINT('',#19251);
#5677=VERTEX_POINT('',#19253);
#5678=VERTEX_POINT('',#19255);
#5679=VERTEX_POINT('',#19257);
#5680=VERTEX_POINT('',#19261);
#5681=VERTEX_POINT('',#19262);
#5682=VERTEX_POINT('',#19268);
#5683=VERTEX_POINT('',#19270);
#5684=VERTEX_POINT('',#19274);
#5685=VERTEX_POINT('',#19275);
#5686=VERTEX_POINT('',#19278);
#5687=VERTEX_POINT('',#19280);
#5688=VERTEX_POINT('',#19284);
#5689=VERTEX_POINT('',#19285);
#5690=VERTEX_POINT('',#19287);
#5691=VERTEX_POINT('',#19289);
#5692=VERTEX_POINT('',#19293);
#5693=VERTEX_POINT('',#19294);
#5694=VERTEX_POINT('',#19296);
#5695=VERTEX_POINT('',#19298);
#5696=VERTEX_POINT('',#19302);
#5697=VERTEX_POINT('',#19303);
#5698=VERTEX_POINT('',#19305);
#5699=VERTEX_POINT('',#19307);
#5700=VERTEX_POINT('',#19311);
#5701=VERTEX_POINT('',#19312);
#5702=VERTEX_POINT('',#19314);
#5703=VERTEX_POINT('',#19316);
#5704=VERTEX_POINT('',#19326);
#5705=VERTEX_POINT('',#19327);
#5706=VERTEX_POINT('',#19329);
#5707=VERTEX_POINT('',#19331);
#5708=VERTEX_POINT('',#19333);
#5709=VERTEX_POINT('',#19335);
#5710=VERTEX_POINT('',#19337);
#5711=VERTEX_POINT('',#19339);
#5712=VERTEX_POINT('',#19342);
#5713=VERTEX_POINT('',#19343);
#5714=VERTEX_POINT('',#19345);
#5715=VERTEX_POINT('',#19347);
#5716=VERTEX_POINT('',#19349);
#5717=VERTEX_POINT('',#19351);
#5718=VERTEX_POINT('',#19353);
#5719=VERTEX_POINT('',#19355);
#5720=VERTEX_POINT('',#19358);
#5721=VERTEX_POINT('',#19359);
#5722=VERTEX_POINT('',#19361);
#5723=VERTEX_POINT('',#19363);
#5724=VERTEX_POINT('',#19366);
#5725=VERTEX_POINT('',#19367);
#5726=VERTEX_POINT('',#19369);
#5727=VERTEX_POINT('',#19371);
#5728=VERTEX_POINT('',#19373);
#5729=VERTEX_POINT('',#19375);
#5730=VERTEX_POINT('',#19377);
#5731=VERTEX_POINT('',#19379);
#5732=VERTEX_POINT('',#19383);
#5733=VERTEX_POINT('',#19384);
#5734=VERTEX_POINT('',#19386);
#5735=VERTEX_POINT('',#19388);
#5736=VERTEX_POINT('',#19392);
#5737=VERTEX_POINT('',#19393);
#5738=VERTEX_POINT('',#19395);
#5739=VERTEX_POINT('',#19397);
#5740=VERTEX_POINT('',#19401);
#5741=VERTEX_POINT('',#19402);
#5742=VERTEX_POINT('',#19404);
#5743=VERTEX_POINT('',#19406);
#5744=VERTEX_POINT('',#19410);
#5745=VERTEX_POINT('',#19411);
#5746=VERTEX_POINT('',#19413);
#5747=VERTEX_POINT('',#19415);
#5748=VERTEX_POINT('',#19419);
#5749=VERTEX_POINT('',#19420);
#5750=VERTEX_POINT('',#19422);
#5751=VERTEX_POINT('',#19424);
#5752=VERTEX_POINT('',#19426);
#5753=VERTEX_POINT('',#19428);
#5754=VERTEX_POINT('',#19430);
#5755=VERTEX_POINT('',#19432);
#5756=VERTEX_POINT('',#19435);
#5757=VERTEX_POINT('',#19436);
#5758=VERTEX_POINT('',#19438);
#5759=VERTEX_POINT('',#19440);
#5760=VERTEX_POINT('',#19442);
#5761=VERTEX_POINT('',#19444);
#5762=VERTEX_POINT('',#19446);
#5763=VERTEX_POINT('',#19448);
#5764=VERTEX_POINT('',#19452);
#5765=VERTEX_POINT('',#19453);
#5766=VERTEX_POINT('',#19456);
#5767=VERTEX_POINT('',#19458);
#5768=VERTEX_POINT('',#19463);
#5769=VERTEX_POINT('',#19464);
#5770=VERTEX_POINT('',#19469);
#5771=VERTEX_POINT('',#19470);
#5772=VERTEX_POINT('',#19475);
#5773=VERTEX_POINT('',#19477);
#5774=VERTEX_POINT('',#19481);
#5775=VERTEX_POINT('',#19482);
#5776=VERTEX_POINT('',#19484);
#5777=VERTEX_POINT('',#19486);
#5778=VERTEX_POINT('',#19494);
#5779=VERTEX_POINT('',#19496);
#5780=VERTEX_POINT('',#19498);
#5781=VERTEX_POINT('',#19500);
#5782=VERTEX_POINT('',#19502);
#5783=VERTEX_POINT('',#19504);
#5784=VERTEX_POINT('',#19506);
#5785=VERTEX_POINT('',#19508);
#5786=VERTEX_POINT('',#19510);
#5787=VERTEX_POINT('',#19512);
#5788=VERTEX_POINT('',#19514);
#5789=VERTEX_POINT('',#19516);
#5790=VERTEX_POINT('',#19518);
#5791=VERTEX_POINT('',#19520);
#5792=VERTEX_POINT('',#19523);
#5793=VERTEX_POINT('',#19525);
#5794=VERTEX_POINT('',#19527);
#5795=VERTEX_POINT('',#19529);
#5796=VERTEX_POINT('',#19543);
#5797=VERTEX_POINT('',#19544);
#5798=VERTEX_POINT('',#19546);
#5799=VERTEX_POINT('',#19548);
#5800=VERTEX_POINT('',#19552);
#5801=VERTEX_POINT('',#19553);
#5802=VERTEX_POINT('',#19555);
#5803=VERTEX_POINT('',#19557);
#5804=VERTEX_POINT('',#19561);
#5805=VERTEX_POINT('',#19562);
#5806=VERTEX_POINT('',#19564);
#5807=VERTEX_POINT('',#19566);
#5808=VERTEX_POINT('',#19570);
#5809=VERTEX_POINT('',#19571);
#5810=VERTEX_POINT('',#19573);
#5811=VERTEX_POINT('',#19575);
#5812=VERTEX_POINT('',#19583);
#5813=VERTEX_POINT('',#19584);
#5814=VERTEX_POINT('',#19586);
#5815=VERTEX_POINT('',#19588);
#5816=VERTEX_POINT('',#19590);
#5817=VERTEX_POINT('',#19592);
#5818=VERTEX_POINT('',#19594);
#5819=VERTEX_POINT('',#19596);
#5820=VERTEX_POINT('',#19657);
#5821=VERTEX_POINT('',#19659);
#5822=VERTEX_POINT('',#19662);
#5823=VERTEX_POINT('',#19665);
#5824=VERTEX_POINT('',#19669);
#5825=VERTEX_POINT('',#19670);
#5826=VERTEX_POINT('',#19675);
#5827=VERTEX_POINT('',#19676);
#5828=VERTEX_POINT('',#19681);
#5829=VERTEX_POINT('',#19683);
#5830=VERTEX_POINT('',#19692);
#5831=VERTEX_POINT('',#19694);
#5832=VERTEX_POINT('',#19698);
#5833=VERTEX_POINT('',#19700);
#5834=VERTEX_POINT('',#19703);
#5835=VERTEX_POINT('',#19705);
#5836=VERTEX_POINT('',#19709);
#5837=VERTEX_POINT('',#19711);
#5838=VERTEX_POINT('',#19715);
#5839=VERTEX_POINT('',#19717);
#5840=VERTEX_POINT('',#19720);
#5841=VERTEX_POINT('',#19722);
#5842=VERTEX_POINT('',#19728);
#5843=VERTEX_POINT('',#19729);
#5844=VERTEX_POINT('',#19731);
#5845=VERTEX_POINT('',#19735);
#5846=VERTEX_POINT('',#19740);
#5847=VERTEX_POINT('',#19741);
#5848=VERTEX_POINT('',#19746);
#5849=VERTEX_POINT('',#19763);
#5850=VERTEX_POINT('',#19766);
#5851=VERTEX_POINT('',#19770);
#5852=VERTEX_POINT('',#19772);
#5853=VERTEX_POINT('',#19776);
#5854=VERTEX_POINT('',#19778);
#5855=VERTEX_POINT('',#19785);
#5856=VERTEX_POINT('',#19787);
#5857=VERTEX_POINT('',#19789);
#5858=VERTEX_POINT('',#19791);
#5859=VERTEX_POINT('',#19795);
#5860=VERTEX_POINT('',#19796);
#5861=VERTEX_POINT('',#19801);
#5862=VERTEX_POINT('',#19817);
#5863=VERTEX_POINT('',#19819);
#5864=VERTEX_POINT('',#19821);
#5865=VERTEX_POINT('',#19823);
#5866=VERTEX_POINT('',#19843);
#5867=VERTEX_POINT('',#19847);
#5868=VERTEX_POINT('',#19855);
#5869=VERTEX_POINT('',#19860);
#5870=VERTEX_POINT('',#19923);
#5871=VERTEX_POINT('',#19924);
#5872=VERTEX_POINT('',#19926);
#5873=VERTEX_POINT('',#19928);
#5874=VERTEX_POINT('',#19932);
#5875=VERTEX_POINT('',#19933);
#5876=VERTEX_POINT('',#19935);
#5877=VERTEX_POINT('',#19937);
#5878=VERTEX_POINT('',#19941);
#5879=VERTEX_POINT('',#19942);
#5880=VERTEX_POINT('',#19944);
#5881=VERTEX_POINT('',#19946);
#5882=VERTEX_POINT('',#19950);
#5883=VERTEX_POINT('',#19951);
#5884=VERTEX_POINT('',#19953);
#5885=VERTEX_POINT('',#19955);
#5886=VERTEX_POINT('',#19959);
#5887=VERTEX_POINT('',#19960);
#5888=VERTEX_POINT('',#19962);
#5889=VERTEX_POINT('',#19964);
#5890=VERTEX_POINT('',#19968);
#5891=VERTEX_POINT('',#19969);
#5892=VERTEX_POINT('',#19971);
#5893=VERTEX_POINT('',#19973);
#5894=VERTEX_POINT('',#19977);
#5895=VERTEX_POINT('',#19978);
#5896=VERTEX_POINT('',#19980);
#5897=VERTEX_POINT('',#19982);
#5898=VERTEX_POINT('',#19986);
#5899=VERTEX_POINT('',#19987);
#5900=VERTEX_POINT('',#19989);
#5901=VERTEX_POINT('',#19991);
#5902=VERTEX_POINT('',#19995);
#5903=VERTEX_POINT('',#19996);
#5904=VERTEX_POINT('',#19998);
#5905=VERTEX_POINT('',#20000);
#5906=VERTEX_POINT('',#20004);
#5907=VERTEX_POINT('',#20005);
#5908=VERTEX_POINT('',#20007);
#5909=VERTEX_POINT('',#20009);
#5910=VERTEX_POINT('',#20013);
#5911=VERTEX_POINT('',#20014);
#5912=VERTEX_POINT('',#20016);
#5913=VERTEX_POINT('',#20018);
#5914=VERTEX_POINT('',#20022);
#5915=VERTEX_POINT('',#20023);
#5916=VERTEX_POINT('',#20025);
#5917=VERTEX_POINT('',#20027);
#5918=VERTEX_POINT('',#20031);
#5919=VERTEX_POINT('',#20032);
#5920=VERTEX_POINT('',#20034);
#5921=VERTEX_POINT('',#20036);
#5922=VERTEX_POINT('',#20040);
#5923=VERTEX_POINT('',#20041);
#5924=VERTEX_POINT('',#20043);
#5925=VERTEX_POINT('',#20045);
#5926=VERTEX_POINT('',#20049);
#5927=VERTEX_POINT('',#20050);
#5928=VERTEX_POINT('',#20052);
#5929=VERTEX_POINT('',#20054);
#5930=VERTEX_POINT('',#20058);
#5931=VERTEX_POINT('',#20059);
#5932=VERTEX_POINT('',#20061);
#5933=VERTEX_POINT('',#20063);
#5934=VERTEX_POINT('',#20067);
#5935=VERTEX_POINT('',#20068);
#5936=VERTEX_POINT('',#20070);
#5937=VERTEX_POINT('',#20072);
#5938=VERTEX_POINT('',#20076);
#5939=VERTEX_POINT('',#20077);
#5940=VERTEX_POINT('',#20079);
#5941=VERTEX_POINT('',#20081);
#5942=VERTEX_POINT('',#20085);
#5943=VERTEX_POINT('',#20086);
#5944=VERTEX_POINT('',#20088);
#5945=VERTEX_POINT('',#20090);
#5946=VERTEX_POINT('',#20094);
#5947=VERTEX_POINT('',#20095);
#5948=VERTEX_POINT('',#20097);
#5949=VERTEX_POINT('',#20099);
#5950=VERTEX_POINT('',#20103);
#5951=VERTEX_POINT('',#20104);
#5952=VERTEX_POINT('',#20106);
#5953=VERTEX_POINT('',#20108);
#5954=VERTEX_POINT('',#20112);
#5955=VERTEX_POINT('',#20113);
#5956=VERTEX_POINT('',#20115);
#5957=VERTEX_POINT('',#20117);
#5958=VERTEX_POINT('',#20121);
#5959=VERTEX_POINT('',#20122);
#5960=VERTEX_POINT('',#20124);
#5961=VERTEX_POINT('',#20126);
#5962=VERTEX_POINT('',#20130);
#5963=VERTEX_POINT('',#20131);
#5964=VERTEX_POINT('',#20133);
#5965=VERTEX_POINT('',#20135);
#5966=VERTEX_POINT('',#20139);
#5967=VERTEX_POINT('',#20140);
#5968=VERTEX_POINT('',#20142);
#5969=VERTEX_POINT('',#20144);
#5970=VERTEX_POINT('',#20148);
#5971=VERTEX_POINT('',#20149);
#5972=VERTEX_POINT('',#20151);
#5973=VERTEX_POINT('',#20153);
#5974=VERTEX_POINT('',#20157);
#5975=VERTEX_POINT('',#20158);
#5976=VERTEX_POINT('',#20160);
#5977=VERTEX_POINT('',#20162);
#5978=VERTEX_POINT('',#20166);
#5979=VERTEX_POINT('',#20167);
#5980=VERTEX_POINT('',#20169);
#5981=VERTEX_POINT('',#20171);
#5982=VERTEX_POINT('',#20175);
#5983=VERTEX_POINT('',#20176);
#5984=VERTEX_POINT('',#20178);
#5985=VERTEX_POINT('',#20180);
#5986=VERTEX_POINT('',#20184);
#5987=VERTEX_POINT('',#20185);
#5988=VERTEX_POINT('',#20187);
#5989=VERTEX_POINT('',#20189);
#5990=VERTEX_POINT('',#20193);
#5991=VERTEX_POINT('',#20194);
#5992=VERTEX_POINT('',#20196);
#5993=VERTEX_POINT('',#20198);
#5994=VERTEX_POINT('',#20202);
#5995=VERTEX_POINT('',#20203);
#5996=VERTEX_POINT('',#20205);
#5997=VERTEX_POINT('',#20207);
#5998=VERTEX_POINT('',#20211);
#5999=VERTEX_POINT('',#20212);
#6000=VERTEX_POINT('',#20214);
#6001=VERTEX_POINT('',#20216);
#6002=VERTEX_POINT('',#20220);
#6003=VERTEX_POINT('',#20221);
#6004=VERTEX_POINT('',#20223);
#6005=VERTEX_POINT('',#20225);
#6006=VERTEX_POINT('',#20229);
#6007=VERTEX_POINT('',#20230);
#6008=VERTEX_POINT('',#20232);
#6009=VERTEX_POINT('',#20234);
#6010=VERTEX_POINT('',#20238);
#6011=VERTEX_POINT('',#20239);
#6012=VERTEX_POINT('',#20241);
#6013=VERTEX_POINT('',#20243);
#6014=VERTEX_POINT('',#20247);
#6015=VERTEX_POINT('',#20248);
#6016=VERTEX_POINT('',#20250);
#6017=VERTEX_POINT('',#20252);
#6018=VERTEX_POINT('',#20256);
#6019=VERTEX_POINT('',#20257);
#6020=VERTEX_POINT('',#20259);
#6021=VERTEX_POINT('',#20261);
#6022=VERTEX_POINT('',#20265);
#6023=VERTEX_POINT('',#20266);
#6024=VERTEX_POINT('',#20268);
#6025=VERTEX_POINT('',#20270);
#6026=VERTEX_POINT('',#20274);
#6027=VERTEX_POINT('',#20275);
#6028=VERTEX_POINT('',#20277);
#6029=VERTEX_POINT('',#20279);
#6030=VERTEX_POINT('',#20283);
#6031=VERTEX_POINT('',#20284);
#6032=VERTEX_POINT('',#20286);
#6033=VERTEX_POINT('',#20288);
#6034=VERTEX_POINT('',#20292);
#6035=VERTEX_POINT('',#20293);
#6036=VERTEX_POINT('',#20295);
#6037=VERTEX_POINT('',#20297);
#6038=VERTEX_POINT('',#20301);
#6039=VERTEX_POINT('',#20302);
#6040=VERTEX_POINT('',#20304);
#6041=VERTEX_POINT('',#20306);
#6042=VERTEX_POINT('',#20310);
#6043=VERTEX_POINT('',#20311);
#6044=VERTEX_POINT('',#20313);
#6045=VERTEX_POINT('',#20315);
#6046=VERTEX_POINT('',#20319);
#6047=VERTEX_POINT('',#20320);
#6048=VERTEX_POINT('',#20322);
#6049=VERTEX_POINT('',#20324);
#6050=VERTEX_POINT('',#20328);
#6051=VERTEX_POINT('',#20329);
#6052=VERTEX_POINT('',#20331);
#6053=VERTEX_POINT('',#20333);
#6054=VERTEX_POINT('',#20337);
#6055=VERTEX_POINT('',#20338);
#6056=VERTEX_POINT('',#20340);
#6057=VERTEX_POINT('',#20342);
#6058=VERTEX_POINT('',#20346);
#6059=VERTEX_POINT('',#20347);
#6060=VERTEX_POINT('',#20349);
#6061=VERTEX_POINT('',#20351);
#6062=VERTEX_POINT('',#20355);
#6063=VERTEX_POINT('',#20356);
#6064=VERTEX_POINT('',#20358);
#6065=VERTEX_POINT('',#20360);
#6066=VERTEX_POINT('',#20364);
#6067=VERTEX_POINT('',#20365);
#6068=VERTEX_POINT('',#20367);
#6069=VERTEX_POINT('',#20369);
#6070=VERTEX_POINT('',#20373);
#6071=VERTEX_POINT('',#20374);
#6072=VERTEX_POINT('',#20376);
#6073=VERTEX_POINT('',#20378);
#6074=VERTEX_POINT('',#20382);
#6075=VERTEX_POINT('',#20384);
#6076=VERTEX_POINT('',#20388);
#6077=VERTEX_POINT('',#20390);
#6078=VERTEX_POINT('',#20394);
#6079=VERTEX_POINT('',#20396);
#6080=VERTEX_POINT('',#20400);
#6081=VERTEX_POINT('',#20402);
#6082=VERTEX_POINT('',#20406);
#6083=VERTEX_POINT('',#20408);
#6084=VERTEX_POINT('',#20412);
#6085=VERTEX_POINT('',#20414);
#6086=VERTEX_POINT('',#20418);
#6087=VERTEX_POINT('',#20420);
#6088=VERTEX_POINT('',#20427);
#6089=VERTEX_POINT('',#20429);
#6090=VERTEX_POINT('',#20433);
#6091=VERTEX_POINT('',#20435);
#6092=VERTEX_POINT('',#20442);
#6093=VERTEX_POINT('',#20444);
#6094=VERTEX_POINT('',#20448);
#6095=VERTEX_POINT('',#20449);
#6096=VERTEX_POINT('',#20451);
#6097=VERTEX_POINT('',#20453);
#6098=VERTEX_POINT('',#20457);
#6099=VERTEX_POINT('',#20459);
#6100=VERTEX_POINT('',#20466);
#6101=VERTEX_POINT('',#20468);
#6102=VERTEX_POINT('',#20475);
#6103=VERTEX_POINT('',#20477);
#6104=VERTEX_POINT('',#20481);
#6105=VERTEX_POINT('',#20482);
#6106=VERTEX_POINT('',#20484);
#6107=VERTEX_POINT('',#20486);
#6108=VERTEX_POINT('',#20490);
#6109=VERTEX_POINT('',#20492);
#6110=VERTEX_POINT('',#20499);
#6111=VERTEX_POINT('',#20501);
#6112=VERTEX_POINT('',#20508);
#6113=VERTEX_POINT('',#20510);
#6114=VERTEX_POINT('',#20514);
#6115=VERTEX_POINT('',#20515);
#6116=VERTEX_POINT('',#20517);
#6117=VERTEX_POINT('',#20519);
#6118=VERTEX_POINT('',#20523);
#6119=VERTEX_POINT('',#20525);
#6120=VERTEX_POINT('',#20532);
#6121=VERTEX_POINT('',#20534);
#6122=VERTEX_POINT('',#20541);
#6123=VERTEX_POINT('',#20543);
#6124=VERTEX_POINT('',#20547);
#6125=VERTEX_POINT('',#20548);
#6126=VERTEX_POINT('',#20550);
#6127=VERTEX_POINT('',#20552);
#6128=VERTEX_POINT('',#20556);
#6129=VERTEX_POINT('',#20558);
#6130=VERTEX_POINT('',#20565);
#6131=VERTEX_POINT('',#20567);
#6132=VERTEX_POINT('',#20574);
#6133=VERTEX_POINT('',#20576);
#6134=VERTEX_POINT('',#20580);
#6135=VERTEX_POINT('',#20581);
#6136=VERTEX_POINT('',#20583);
#6137=VERTEX_POINT('',#20585);
#6138=VERTEX_POINT('',#20589);
#6139=VERTEX_POINT('',#20591);
#6140=VERTEX_POINT('',#20598);
#6141=VERTEX_POINT('',#20600);
#6142=VERTEX_POINT('',#20607);
#6143=VERTEX_POINT('',#20609);
#6144=VERTEX_POINT('',#20613);
#6145=VERTEX_POINT('',#20614);
#6146=VERTEX_POINT('',#20616);
#6147=VERTEX_POINT('',#20618);
#6148=VERTEX_POINT('',#20622);
#6149=VERTEX_POINT('',#20624);
#6150=VERTEX_POINT('',#20631);
#6151=VERTEX_POINT('',#20633);
#6152=VERTEX_POINT('',#20640);
#6153=VERTEX_POINT('',#20642);
#6154=VERTEX_POINT('',#20646);
#6155=VERTEX_POINT('',#20647);
#6156=VERTEX_POINT('',#20649);
#6157=VERTEX_POINT('',#20651);
#6158=VERTEX_POINT('',#20655);
#6159=VERTEX_POINT('',#20657);
#6160=VERTEX_POINT('',#20664);
#6161=VERTEX_POINT('',#20666);
#6162=VERTEX_POINT('',#20673);
#6163=VERTEX_POINT('',#20675);
#6164=VERTEX_POINT('',#20679);
#6165=VERTEX_POINT('',#20680);
#6166=VERTEX_POINT('',#20682);
#6167=VERTEX_POINT('',#20684);
#6168=VERTEX_POINT('',#20688);
#6169=VERTEX_POINT('',#20690);
#6170=VERTEX_POINT('',#20697);
#6171=VERTEX_POINT('',#20699);
#6172=VERTEX_POINT('',#20706);
#6173=VERTEX_POINT('',#20708);
#6174=VERTEX_POINT('',#20712);
#6175=VERTEX_POINT('',#20713);
#6176=VERTEX_POINT('',#20715);
#6177=VERTEX_POINT('',#20717);
#6178=VERTEX_POINT('',#20721);
#6179=VERTEX_POINT('',#20723);
#6180=VERTEX_POINT('',#20730);
#6181=VERTEX_POINT('',#20732);
#6182=VERTEX_POINT('',#20739);
#6183=VERTEX_POINT('',#20741);
#6184=VERTEX_POINT('',#20745);
#6185=VERTEX_POINT('',#20746);
#6186=VERTEX_POINT('',#20748);
#6187=VERTEX_POINT('',#20750);
#6188=VERTEX_POINT('',#20754);
#6189=VERTEX_POINT('',#20756);
#6190=VERTEX_POINT('',#20763);
#6191=VERTEX_POINT('',#20765);
#6192=VERTEX_POINT('',#20772);
#6193=VERTEX_POINT('',#20774);
#6194=VERTEX_POINT('',#20778);
#6195=VERTEX_POINT('',#20779);
#6196=VERTEX_POINT('',#20781);
#6197=VERTEX_POINT('',#20783);
#6198=VERTEX_POINT('',#20787);
#6199=VERTEX_POINT('',#20789);
#6200=VERTEX_POINT('',#20796);
#6201=VERTEX_POINT('',#20798);
#6202=VERTEX_POINT('',#20805);
#6203=VERTEX_POINT('',#20807);
#6204=VERTEX_POINT('',#20811);
#6205=VERTEX_POINT('',#20812);
#6206=VERTEX_POINT('',#20814);
#6207=VERTEX_POINT('',#20816);
#6208=VERTEX_POINT('',#20820);
#6209=VERTEX_POINT('',#20822);
#6210=VERTEX_POINT('',#20829);
#6211=VERTEX_POINT('',#20831);
#6212=VERTEX_POINT('',#20838);
#6213=VERTEX_POINT('',#20840);
#6214=VERTEX_POINT('',#20844);
#6215=VERTEX_POINT('',#20845);
#6216=VERTEX_POINT('',#20847);
#6217=VERTEX_POINT('',#20849);
#6218=VERTEX_POINT('',#20853);
#6219=VERTEX_POINT('',#20855);
#6220=VERTEX_POINT('',#20862);
#6221=VERTEX_POINT('',#20864);
#6222=VERTEX_POINT('',#20871);
#6223=VERTEX_POINT('',#20873);
#6224=VERTEX_POINT('',#20877);
#6225=VERTEX_POINT('',#20878);
#6226=VERTEX_POINT('',#20880);
#6227=VERTEX_POINT('',#20882);
#6228=VERTEX_POINT('',#20886);
#6229=VERTEX_POINT('',#20888);
#6230=VERTEX_POINT('',#20895);
#6231=VERTEX_POINT('',#20897);
#6232=VERTEX_POINT('',#20904);
#6233=VERTEX_POINT('',#20906);
#6234=VERTEX_POINT('',#20910);
#6235=VERTEX_POINT('',#20911);
#6236=VERTEX_POINT('',#20913);
#6237=VERTEX_POINT('',#20915);
#6238=VERTEX_POINT('',#20919);
#6239=VERTEX_POINT('',#20921);
#6240=VERTEX_POINT('',#20928);
#6241=VERTEX_POINT('',#20930);
#6242=VERTEX_POINT('',#20937);
#6243=VERTEX_POINT('',#20939);
#6244=VERTEX_POINT('',#20943);
#6245=VERTEX_POINT('',#20944);
#6246=VERTEX_POINT('',#20946);
#6247=VERTEX_POINT('',#20948);
#6248=VERTEX_POINT('',#20952);
#6249=VERTEX_POINT('',#20954);
#6250=VERTEX_POINT('',#20961);
#6251=VERTEX_POINT('',#20963);
#6252=VERTEX_POINT('',#20970);
#6253=VERTEX_POINT('',#20972);
#6254=VERTEX_POINT('',#20976);
#6255=VERTEX_POINT('',#20977);
#6256=VERTEX_POINT('',#20979);
#6257=VERTEX_POINT('',#20981);
#6258=VERTEX_POINT('',#20985);
#6259=VERTEX_POINT('',#20987);
#6260=VERTEX_POINT('',#20994);
#6261=VERTEX_POINT('',#20996);
#6262=VERTEX_POINT('',#21003);
#6263=VERTEX_POINT('',#21005);
#6264=VERTEX_POINT('',#21009);
#6265=VERTEX_POINT('',#21010);
#6266=VERTEX_POINT('',#21012);
#6267=VERTEX_POINT('',#21014);
#6268=VERTEX_POINT('',#21018);
#6269=VERTEX_POINT('',#21020);
#6270=VERTEX_POINT('',#21027);
#6271=VERTEX_POINT('',#21029);
#6272=VERTEX_POINT('',#21036);
#6273=VERTEX_POINT('',#21038);
#6274=VERTEX_POINT('',#21042);
#6275=VERTEX_POINT('',#21043);
#6276=VERTEX_POINT('',#21045);
#6277=VERTEX_POINT('',#21047);
#6278=VERTEX_POINT('',#21051);
#6279=VERTEX_POINT('',#21053);
#6280=VERTEX_POINT('',#21060);
#6281=VERTEX_POINT('',#21062);
#6282=VERTEX_POINT('',#21069);
#6283=VERTEX_POINT('',#21071);
#6284=VERTEX_POINT('',#21075);
#6285=VERTEX_POINT('',#21076);
#6286=VERTEX_POINT('',#21078);
#6287=VERTEX_POINT('',#21080);
#6288=VERTEX_POINT('',#21084);
#6289=VERTEX_POINT('',#21086);
#6290=VERTEX_POINT('',#21093);
#6291=VERTEX_POINT('',#21095);
#6292=VERTEX_POINT('',#21102);
#6293=VERTEX_POINT('',#21104);
#6294=VERTEX_POINT('',#21108);
#6295=VERTEX_POINT('',#21109);
#6296=VERTEX_POINT('',#21111);
#6297=VERTEX_POINT('',#21113);
#6298=VERTEX_POINT('',#21117);
#6299=VERTEX_POINT('',#21119);
#6300=VERTEX_POINT('',#21126);
#6301=VERTEX_POINT('',#21128);
#6302=VERTEX_POINT('',#21135);
#6303=VERTEX_POINT('',#21137);
#6304=VERTEX_POINT('',#21141);
#6305=VERTEX_POINT('',#21142);
#6306=VERTEX_POINT('',#21144);
#6307=VERTEX_POINT('',#21146);
#6308=VERTEX_POINT('',#21150);
#6309=VERTEX_POINT('',#21152);
#6310=VERTEX_POINT('',#21159);
#6311=VERTEX_POINT('',#21161);
#6312=VERTEX_POINT('',#21168);
#6313=VERTEX_POINT('',#21170);
#6314=VERTEX_POINT('',#21174);
#6315=VERTEX_POINT('',#21175);
#6316=VERTEX_POINT('',#21177);
#6317=VERTEX_POINT('',#21179);
#6318=VERTEX_POINT('',#21183);
#6319=VERTEX_POINT('',#21185);
#6320=VERTEX_POINT('',#21192);
#6321=VERTEX_POINT('',#21194);
#6322=VERTEX_POINT('',#21201);
#6323=VERTEX_POINT('',#21203);
#6324=VERTEX_POINT('',#21287);
#6325=VERTEX_POINT('',#21288);
#6326=VERTEX_POINT('',#21290);
#6327=VERTEX_POINT('',#21292);
#6328=VERTEX_POINT('',#21305);
#6329=VERTEX_POINT('',#21307);
#6330=VERTEX_POINT('',#21320);
#6331=VERTEX_POINT('',#21322);
#6332=VERTEX_POINT('',#21324);
#6333=VERTEX_POINT('',#21326);
#6334=VERTEX_POINT('',#21333);
#6335=VERTEX_POINT('',#21335);
#6336=VERTEX_POINT('',#21344);
#6337=VERTEX_POINT('',#21345);
#6338=VERTEX_POINT('',#21358);
#6339=VERTEX_POINT('',#21360);
#6340=VERTEX_POINT('',#21373);
#6341=VERTEX_POINT('',#21375);
#6342=VERTEX_POINT('',#21377);
#6343=VERTEX_POINT('',#21379);
#6344=VERTEX_POINT('',#21386);
#6345=VERTEX_POINT('',#21388);
#6346=VERTEX_POINT('',#21395);
#6347=VERTEX_POINT('',#21397);
#6348=VERTEX_POINT('',#21401);
#6349=VERTEX_POINT('',#21402);
#6350=VERTEX_POINT('',#21404);
#6351=VERTEX_POINT('',#21406);
#6352=VERTEX_POINT('',#21409);
#6353=VERTEX_POINT('',#21410);
#6354=VERTEX_POINT('',#21412);
#6355=VERTEX_POINT('',#21414);
#6356=VERTEX_POINT('',#21417);
#6357=VERTEX_POINT('',#21418);
#6358=VERTEX_POINT('',#21420);
#6359=VERTEX_POINT('',#21422);
#6360=VERTEX_POINT('',#21425);
#6361=VERTEX_POINT('',#21426);
#6362=VERTEX_POINT('',#21428);
#6363=VERTEX_POINT('',#21430);
#6364=VERTEX_POINT('',#21433);
#6365=VERTEX_POINT('',#21434);
#6366=VERTEX_POINT('',#21436);
#6367=VERTEX_POINT('',#21438);
#6368=VERTEX_POINT('',#21441);
#6369=VERTEX_POINT('',#21442);
#6370=VERTEX_POINT('',#21444);
#6371=VERTEX_POINT('',#21446);
#6372=VERTEX_POINT('',#21449);
#6373=VERTEX_POINT('',#21450);
#6374=VERTEX_POINT('',#21452);
#6375=VERTEX_POINT('',#21454);
#6376=VERTEX_POINT('',#21457);
#6377=VERTEX_POINT('',#21458);
#6378=VERTEX_POINT('',#21460);
#6379=VERTEX_POINT('',#21462);
#6380=VERTEX_POINT('',#21465);
#6381=VERTEX_POINT('',#21466);
#6382=VERTEX_POINT('',#21468);
#6383=VERTEX_POINT('',#21470);
#6384=VERTEX_POINT('',#21473);
#6385=VERTEX_POINT('',#21474);
#6386=VERTEX_POINT('',#21476);
#6387=VERTEX_POINT('',#21478);
#6388=VERTEX_POINT('',#21481);
#6389=VERTEX_POINT('',#21482);
#6390=VERTEX_POINT('',#21484);
#6391=VERTEX_POINT('',#21486);
#6392=VERTEX_POINT('',#21489);
#6393=VERTEX_POINT('',#21490);
#6394=VERTEX_POINT('',#21492);
#6395=VERTEX_POINT('',#21494);
#6396=VERTEX_POINT('',#21497);
#6397=VERTEX_POINT('',#21498);
#6398=VERTEX_POINT('',#21500);
#6399=VERTEX_POINT('',#21502);
#6400=VERTEX_POINT('',#21505);
#6401=VERTEX_POINT('',#21506);
#6402=VERTEX_POINT('',#21508);
#6403=VERTEX_POINT('',#21510);
#6404=VERTEX_POINT('',#21513);
#6405=VERTEX_POINT('',#21514);
#6406=VERTEX_POINT('',#21516);
#6407=VERTEX_POINT('',#21518);
#6408=VERTEX_POINT('',#21522);
#6409=VERTEX_POINT('',#21523);
#6410=VERTEX_POINT('',#21525);
#6411=VERTEX_POINT('',#21527);
#6412=VERTEX_POINT('',#21529);
#6413=VERTEX_POINT('',#21531);
#6414=VERTEX_POINT('',#21533);
#6415=VERTEX_POINT('',#21535);
#6416=VERTEX_POINT('',#21537);
#6417=VERTEX_POINT('',#21539);
#6418=VERTEX_POINT('',#21541);
#6419=VERTEX_POINT('',#21543);
#6420=VERTEX_POINT('',#21545);
#6421=VERTEX_POINT('',#21547);
#6422=VERTEX_POINT('',#21549);
#6423=VERTEX_POINT('',#21551);
#6424=VERTEX_POINT('',#21553);
#6425=VERTEX_POINT('',#21555);
#6426=VERTEX_POINT('',#21557);
#6427=VERTEX_POINT('',#21559);
#6428=VERTEX_POINT('',#21562);
#6429=VERTEX_POINT('',#21563);
#6430=VERTEX_POINT('',#21565);
#6431=VERTEX_POINT('',#21567);
#6432=VERTEX_POINT('',#21570);
#6433=VERTEX_POINT('',#21571);
#6434=VERTEX_POINT('',#21573);
#6435=VERTEX_POINT('',#21575);
#6436=VERTEX_POINT('',#21578);
#6437=VERTEX_POINT('',#21579);
#6438=VERTEX_POINT('',#21581);
#6439=VERTEX_POINT('',#21583);
#6440=VERTEX_POINT('',#21586);
#6441=VERTEX_POINT('',#21587);
#6442=VERTEX_POINT('',#21589);
#6443=VERTEX_POINT('',#21591);
#6444=VERTEX_POINT('',#21594);
#6445=VERTEX_POINT('',#21595);
#6446=VERTEX_POINT('',#21597);
#6447=VERTEX_POINT('',#21599);
#6448=VERTEX_POINT('',#21602);
#6449=VERTEX_POINT('',#21603);
#6450=VERTEX_POINT('',#21605);
#6451=VERTEX_POINT('',#21607);
#6452=VERTEX_POINT('',#21610);
#6453=VERTEX_POINT('',#21611);
#6454=VERTEX_POINT('',#21613);
#6455=VERTEX_POINT('',#21615);
#6456=VERTEX_POINT('',#21618);
#6457=VERTEX_POINT('',#21619);
#6458=VERTEX_POINT('',#21621);
#6459=VERTEX_POINT('',#21623);
#6460=VERTEX_POINT('',#21626);
#6461=VERTEX_POINT('',#21627);
#6462=VERTEX_POINT('',#21629);
#6463=VERTEX_POINT('',#21631);
#6464=VERTEX_POINT('',#21634);
#6465=VERTEX_POINT('',#21635);
#6466=VERTEX_POINT('',#21637);
#6467=VERTEX_POINT('',#21639);
#6468=VERTEX_POINT('',#21643);
#6469=VERTEX_POINT('',#21644);
#6470=VERTEX_POINT('',#21646);
#6471=VERTEX_POINT('',#21651);
#6472=VERTEX_POINT('',#21654);
#6473=VERTEX_POINT('',#21671);
#6474=VERTEX_POINT('',#21689);
#6475=VERTEX_POINT('',#21706);
#6476=VERTEX_POINT('',#21724);
#6477=VERTEX_POINT('',#21726);
#6478=VERTEX_POINT('',#21728);
#6479=VERTEX_POINT('',#21733);
#6480=VERTEX_POINT('',#21735);
#6481=VERTEX_POINT('',#21740);
#6482=VERTEX_POINT('',#21747);
#6483=VERTEX_POINT('',#21748);
#6484=VERTEX_POINT('',#21753);
#6485=VERTEX_POINT('',#21754);
#6486=VERTEX_POINT('',#21759);
#6487=VERTEX_POINT('',#21761);
#6488=VERTEX_POINT('',#21765);
#6489=VERTEX_POINT('',#21767);
#6490=VERTEX_POINT('',#21771);
#6491=VERTEX_POINT('',#21772);
#6492=VERTEX_POINT('',#21774);
#6493=VERTEX_POINT('',#21776);
#6494=VERTEX_POINT('',#21779);
#6495=VERTEX_POINT('',#21781);
#6496=VERTEX_POINT('',#21784);
#6497=VERTEX_POINT('',#21786);
#6498=VERTEX_POINT('',#21790);
#6499=VERTEX_POINT('',#21791);
#6500=VERTEX_POINT('',#21793);
#6501=VERTEX_POINT('',#21795);
#6502=VERTEX_POINT('',#21797);
#6503=VERTEX_POINT('',#21799);
#6504=VERTEX_POINT('',#21801);
#6505=VERTEX_POINT('',#21803);
#6506=VERTEX_POINT('',#21805);
#6507=VERTEX_POINT('',#21807);
#6508=VERTEX_POINT('',#21809);
#6509=VERTEX_POINT('',#21811);
#6510=VERTEX_POINT('',#21815);
#6511=VERTEX_POINT('',#21816);
#6512=VERTEX_POINT('',#21821);
#6513=VERTEX_POINT('',#21823);
#6514=VERTEX_POINT('',#21827);
#6515=VERTEX_POINT('',#21828);
#6516=VERTEX_POINT('',#21833);
#6517=VERTEX_POINT('',#21835);
#6518=VERTEX_POINT('',#21839);
#6519=VERTEX_POINT('',#21856);
#6520=VERTEX_POINT('',#21874);
#6521=VERTEX_POINT('',#21891);
#6522=VERTEX_POINT('',#21909);
#6523=VERTEX_POINT('',#21911);
#6524=VERTEX_POINT('',#21913);
#6525=VERTEX_POINT('',#21918);
#6526=VERTEX_POINT('',#21924);
#6527=VERTEX_POINT('',#21929);
#6528=VERTEX_POINT('',#21937);
#6529=VERTEX_POINT('',#21938);
#6530=VERTEX_POINT('',#21940);
#6531=VERTEX_POINT('',#21942);
#6532=VERTEX_POINT('',#21949);
#6533=VERTEX_POINT('',#21950);
#6534=VERTEX_POINT('',#21956);
#6535=VERTEX_POINT('',#21958);
#6536=VERTEX_POINT('',#21962);
#6537=VERTEX_POINT('',#21964);
#6538=VERTEX_POINT('',#21968);
#6539=VERTEX_POINT('',#21969);
#6540=VERTEX_POINT('',#21971);
#6541=VERTEX_POINT('',#21973);
#6542=VERTEX_POINT('',#21977);
#6543=VERTEX_POINT('',#21978);
#6544=VERTEX_POINT('',#21980);
#6545=VERTEX_POINT('',#21982);
#6546=VERTEX_POINT('',#21986);
#6547=VERTEX_POINT('',#21988);
#6548=VERTEX_POINT('',#21995);
#6549=VERTEX_POINT('',#21997);
#6550=VERTEX_POINT('',#22001);
#6551=VERTEX_POINT('',#22002);
#6552=VERTEX_POINT('',#22004);
#6553=VERTEX_POINT('',#22006);
#6554=VERTEX_POINT('',#22012);
#6555=VERTEX_POINT('',#22014);
#6556=VERTEX_POINT('',#22021);
#6557=VERTEX_POINT('',#22023);
#6558=VERTEX_POINT('',#22028);
#6559=VERTEX_POINT('',#22029);
#6560=VERTEX_POINT('',#22034);
#6561=VERTEX_POINT('',#22035);
#6562=VERTEX_POINT('',#22040);
#6563=VERTEX_POINT('',#22041);
#6564=VERTEX_POINT('',#22044);
#6565=VERTEX_POINT('',#22046);
#6566=VERTEX_POINT('',#22054);
#6567=VERTEX_POINT('',#22056);
#6568=VERTEX_POINT('',#22063);
#6569=VERTEX_POINT('',#22064);
#6570=VERTEX_POINT('',#22066);
#6571=VERTEX_POINT('',#22068);
#6572=VERTEX_POINT('',#22071);
#6573=VERTEX_POINT('',#22072);
#6574=VERTEX_POINT('',#22074);
#6575=VERTEX_POINT('',#22076);
#6576=VERTEX_POINT('',#22078);
#6577=VERTEX_POINT('',#22080);
#6578=VERTEX_POINT('',#22082);
#6579=VERTEX_POINT('',#22084);
#6580=VERTEX_POINT('',#22102);
#6581=VERTEX_POINT('',#22104);
#6582=VERTEX_POINT('',#22107);
#6583=VERTEX_POINT('',#22109);
#6584=VERTEX_POINT('',#22113);
#6585=VERTEX_POINT('',#22114);
#6586=VERTEX_POINT('',#22119);
#6587=VERTEX_POINT('',#22121);
#6588=VERTEX_POINT('',#22124);
#6589=VERTEX_POINT('',#22126);
#6590=VERTEX_POINT('',#22130);
#6591=VERTEX_POINT('',#22132);
#6592=VERTEX_POINT('',#22286);
#6593=VERTEX_POINT('',#22288);
#6594=VERTEX_POINT('',#22297);
#6595=VERTEX_POINT('',#22299);
#6596=EDGE_CURVE('',#5364,#5365,#5360,.T.);
#6597=EDGE_CURVE('',#5366,#5364,#2622,.T.);
#6598=EDGE_CURVE('',#5367,#5366,#2113,.T.);
#6599=EDGE_CURVE('',#5365,#5367,#2623,.T.);
#6600=EDGE_CURVE('',#5368,#5369,#2114,.T.);
#6601=EDGE_CURVE('',#5369,#5368,#2115,.T.);
#6602=EDGE_CURVE('',#5369,#5370,#2624,.T.);
#6603=EDGE_CURVE('',#5370,#5370,#2116,.T.);
#6604=EDGE_CURVE('',#5371,#5372,#2117,.T.);
#6605=EDGE_CURVE('',#5372,#5371,#2118,.T.);
#6606=EDGE_CURVE('',#5372,#5373,#2625,.T.);
#6607=EDGE_CURVE('',#5373,#5373,#2119,.T.);
#6608=EDGE_CURVE('',#5374,#5375,#2120,.T.);
#6609=EDGE_CURVE('',#5375,#5374,#2121,.T.);
#6610=EDGE_CURVE('',#5375,#5376,#2626,.T.);
#6611=EDGE_CURVE('',#5377,#5376,#2122,.T.);
#6612=EDGE_CURVE('',#5378,#5377,#546,.T.);
#6613=EDGE_CURVE('',#5379,#5378,#5361,.T.);
#6614=EDGE_CURVE('',#5376,#5379,#2123,.T.);
#6615=EDGE_CURVE('',#5380,#5381,#2124,.T.);
#6616=EDGE_CURVE('',#5381,#5380,#2125,.T.);
#6617=EDGE_CURVE('',#5381,#5382,#2627,.T.);
#6618=EDGE_CURVE('',#5383,#5382,#2126,.T.);
#6619=EDGE_CURVE('',#5384,#5383,#5362,.T.);
#6620=EDGE_CURVE('',#5385,#5384,#547,.T.);
#6621=EDGE_CURVE('',#5382,#5385,#2127,.T.);
#6622=EDGE_CURVE('',#5386,#5386,#2128,.T.);
#6623=EDGE_CURVE('',#5386,#5387,#2628,.T.);
#6624=EDGE_CURVE('',#5387,#5387,#2129,.T.);
#6625=EDGE_CURVE('',#5388,#5388,#2130,.T.);
#6626=EDGE_CURVE('',#5388,#5389,#2629,.T.);
#6627=EDGE_CURVE('',#5389,#5389,#2131,.T.);
#6628=EDGE_CURVE('',#5374,#5390,#2630,.T.);
#6629=EDGE_CURVE('',#5390,#5390,#2132,.T.);
#6630=EDGE_CURVE('',#5371,#5391,#2631,.T.);
#6631=EDGE_CURVE('',#5391,#5391,#2133,.T.);
#6632=EDGE_CURVE('',#5368,#5392,#2632,.T.);
#6633=EDGE_CURVE('',#5392,#5392,#2134,.T.);
#6634=EDGE_CURVE('',#5380,#5393,#2633,.T.);
#6635=EDGE_CURVE('',#5393,#5393,#2135,.T.);
#6636=EDGE_CURVE('',#5394,#5395,#2634,.T.);
#6637=EDGE_CURVE('',#5395,#5396,#2136,.T.);
#6638=EDGE_CURVE('',#5396,#5397,#2635,.T.);
#6639=EDGE_CURVE('',#5397,#5398,#2137,.T.);
#6640=EDGE_CURVE('',#5398,#5399,#2636,.T.);
#6641=EDGE_CURVE('',#5399,#5400,#2138,.T.);
#6642=EDGE_CURVE('',#5400,#5401,#2637,.T.);
#6643=EDGE_CURVE('',#5401,#5394,#2139,.T.);
#6644=EDGE_CURVE('',#5402,#5403,#2638,.T.);
#6645=EDGE_CURVE('',#5402,#5404,#2140,.T.);
#6646=EDGE_CURVE('',#5404,#5367,#2639,.T.);
#6647=EDGE_CURVE('',#5405,#5366,#2640,.T.);
#6648=EDGE_CURVE('',#5405,#5406,#2641,.T.);
#6649=EDGE_CURVE('',#5406,#5407,#2642,.T.);
#6650=EDGE_CURVE('',#5407,#5408,#2141,.T.);
#6651=EDGE_CURVE('',#5408,#5409,#2643,.T.);
#6652=EDGE_CURVE('',#5409,#5410,#2142,.T.);
#6653=EDGE_CURVE('',#5410,#5411,#2644,.T.);
#6654=EDGE_CURVE('',#5411,#5412,#2143,.T.);
#6655=EDGE_CURVE('',#5413,#5412,#2645,.T.);
#6656=EDGE_CURVE('',#5413,#5403,#2144,.T.);
#6657=EDGE_CURVE('',#5414,#5415,#2646,.T.);
#6658=EDGE_CURVE('',#5415,#5416,#2145,.T.);
#6659=EDGE_CURVE('',#5416,#5417,#2647,.T.);
#6660=EDGE_CURVE('',#5417,#5418,#2146,.T.);
#6661=EDGE_CURVE('',#5418,#5419,#2648,.T.);
#6662=EDGE_CURVE('',#5419,#5420,#2147,.T.);
#6663=EDGE_CURVE('',#5420,#5421,#2649,.T.);
#6664=EDGE_CURVE('',#5421,#5414,#2148,.T.);
#6665=EDGE_CURVE('',#5422,#5423,#2149,.T.);
#6666=EDGE_CURVE('',#5423,#5424,#2650,.T.);
#6667=EDGE_CURVE('',#5424,#5425,#2651,.T.);
#6668=EDGE_CURVE('',#5425,#5426,#2652,.T.);
#6669=EDGE_CURVE('',#5426,#5427,#2653,.T.);
#6670=EDGE_CURVE('',#5427,#5428,#2654,.T.);
#6671=EDGE_CURVE('',#5428,#5429,#2150,.T.);
#6672=EDGE_CURVE('',#5429,#5430,#2655,.T.);
#6673=EDGE_CURVE('',#5430,#5431,#2151,.T.);
#6674=EDGE_CURVE('',#5431,#5432,#2656,.T.);
#6675=EDGE_CURVE('',#5432,#5433,#2152,.T.);
#6676=EDGE_CURVE('',#5433,#5434,#2153,.T.);
#6677=EDGE_CURVE('',#5434,#5435,#2657,.T.);
#6678=EDGE_CURVE('',#5435,#5436,#2154,.T.);
#6679=EDGE_CURVE('',#5436,#5437,#2658,.T.);
#6680=EDGE_CURVE('',#5437,#5438,#2155,.T.);
#6681=EDGE_CURVE('',#5438,#5439,#2659,.T.);
#6682=EDGE_CURVE('',#5439,#5440,#2156,.T.);
#6683=EDGE_CURVE('',#5440,#5441,#2660,.T.);
#6684=EDGE_CURVE('',#5441,#5442,#2157,.T.);
#6685=EDGE_CURVE('',#5442,#5443,#2661,.T.);
#6686=EDGE_CURVE('',#5443,#5444,#2158,.T.);
#6687=EDGE_CURVE('',#5444,#5445,#2159,.T.);
#6688=EDGE_CURVE('',#5445,#5446,#2662,.T.);
#6689=EDGE_CURVE('',#5446,#5447,#2160,.T.);
#6690=EDGE_CURVE('',#5447,#5422,#2663,.T.);
#6691=EDGE_CURVE('',#5448,#5449,#2161,.T.);
#6692=EDGE_CURVE('',#5449,#5450,#2664,.T.);
#6693=EDGE_CURVE('',#5450,#5451,#2162,.T.);
#6694=EDGE_CURVE('',#5451,#5452,#2665,.T.);
#6695=EDGE_CURVE('',#5452,#5453,#2163,.T.);
#6696=EDGE_CURVE('',#5453,#5454,#2666,.T.);
#6697=EDGE_CURVE('',#5454,#5455,#2164,.T.);
#6698=EDGE_CURVE('',#5455,#5448,#2667,.T.);
#6699=EDGE_CURVE('',#5456,#5383,#2668,.T.);
#6700=EDGE_CURVE('',#5385,#5457,#2165,.T.);
#6701=EDGE_CURVE('',#5457,#5458,#2669,.T.);
#6702=EDGE_CURVE('',#5458,#5377,#2166,.T.);
#6703=EDGE_CURVE('',#5379,#5459,#2670,.T.);
#6704=EDGE_CURVE('',#5459,#5460,#2167,.T.);
#6705=EDGE_CURVE('',#5460,#5461,#2671,.T.);
#6706=EDGE_CURVE('',#5461,#5462,#2168,.T.);
#6707=EDGE_CURVE('',#5462,#5463,#2169,.T.);
#6708=EDGE_CURVE('',#5463,#5464,#2672,.T.);
#6709=EDGE_CURVE('',#5464,#5465,#2170,.T.);
#6710=EDGE_CURVE('',#5465,#5466,#2673,.T.);
#6711=EDGE_CURVE('',#5466,#5467,#2171,.T.);
#6712=EDGE_CURVE('',#5467,#5468,#2674,.T.);
#6713=EDGE_CURVE('',#5468,#5469,#2172,.T.);
#6714=EDGE_CURVE('',#5469,#5470,#2675,.T.);
#6715=EDGE_CURVE('',#5470,#5471,#2173,.T.);
#6716=EDGE_CURVE('',#5471,#5472,#2676,.T.);
#6717=EDGE_CURVE('',#5472,#5473,#2174,.T.);
#6718=EDGE_CURVE('',#5473,#5474,#2175,.T.);
#6719=EDGE_CURVE('',#5474,#5475,#2677,.T.);
#6720=EDGE_CURVE('',#5475,#5456,#2176,.T.);
#6721=EDGE_CURVE('',#5476,#5477,#2177,.T.);
#6722=EDGE_CURVE('',#5477,#5478,#2678,.T.);
#6723=EDGE_CURVE('',#5478,#5479,#2178,.T.);
#6724=EDGE_CURVE('',#5479,#5480,#2679,.T.);
#6725=EDGE_CURVE('',#5480,#5481,#2179,.T.);
#6726=EDGE_CURVE('',#5481,#5482,#2680,.T.);
#6727=EDGE_CURVE('',#5482,#5483,#2180,.T.);
#6728=EDGE_CURVE('',#5483,#5476,#2681,.T.);
#6729=EDGE_CURVE('',#5484,#5485,#2682,.T.);
#6730=EDGE_CURVE('',#5485,#5486,#2181,.T.);
#6731=EDGE_CURVE('',#5486,#5487,#2683,.T.);
#6732=EDGE_CURVE('',#5487,#5484,#2182,.T.);
#6733=EDGE_CURVE('',#5488,#5489,#2684,.T.);
#6734=EDGE_CURVE('',#5489,#5490,#2183,.T.);
#6735=EDGE_CURVE('',#5490,#5491,#2685,.T.);
#6736=EDGE_CURVE('',#5491,#5492,#2184,.T.);
#6737=EDGE_CURVE('',#5493,#5492,#2686,.T.);
#6738=EDGE_CURVE('',#5493,#5494,#2185,.T.);
#6739=EDGE_CURVE('',#5495,#5494,#2687,.T.);
#6740=EDGE_CURVE('',#5495,#5488,#2186,.T.);
#6741=EDGE_CURVE('',#5496,#5497,#2187,.T.);
#6742=EDGE_CURVE('',#5496,#5498,#2688,.T.);
#6743=EDGE_CURVE('',#5499,#5498,#2188,.T.);
#6744=EDGE_CURVE('',#5497,#5499,#2689,.T.);
#6745=EDGE_CURVE('',#5500,#5501,#2690,.T.);
#6746=EDGE_CURVE('',#5501,#5502,#2691,.T.);
#6747=EDGE_CURVE('',#5502,#5503,#2692,.T.);
#6748=EDGE_CURVE('',#5503,#5500,#2693,.T.);
#6749=EDGE_CURVE('',#5504,#5505,#2694,.T.);
#6750=EDGE_CURVE('',#5505,#5506,#2695,.T.);
#6751=EDGE_CURVE('',#5506,#5507,#2696,.T.);
#6752=EDGE_CURVE('',#5507,#5504,#2697,.T.);
#6753=EDGE_CURVE('',#5508,#5509,#2698,.T.);
#6754=EDGE_CURVE('',#5509,#5510,#2699,.T.);
#6755=EDGE_CURVE('',#5510,#5511,#2700,.T.);
#6756=EDGE_CURVE('',#5511,#5508,#2701,.T.);
#6757=EDGE_CURVE('',#5512,#5513,#2702,.T.);
#6758=EDGE_CURVE('',#5513,#5514,#2703,.T.);
#6759=EDGE_CURVE('',#5514,#5515,#2704,.T.);
#6760=EDGE_CURVE('',#5515,#5512,#2705,.T.);
#6761=EDGE_CURVE('',#5516,#5517,#2189,.T.);
#6762=EDGE_CURVE('',#5517,#5518,#2706,.T.);
#6763=EDGE_CURVE('',#5518,#5519,#2190,.T.);
#6764=EDGE_CURVE('',#5519,#5520,#2707,.T.);
#6765=EDGE_CURVE('',#5520,#5521,#2191,.T.);
#6766=EDGE_CURVE('',#5521,#5522,#2708,.T.);
#6767=EDGE_CURVE('',#5522,#5523,#2192,.T.);
#6768=EDGE_CURVE('',#5523,#5516,#2709,.T.);
#6769=EDGE_CURVE('',#5524,#5525,#2710,.T.);
#6770=EDGE_CURVE('',#5524,#5526,#2193,.T.);
#6771=EDGE_CURVE('',#5527,#5526,#2711,.T.);
#6772=EDGE_CURVE('',#5527,#5528,#2194,.T.);
#6773=EDGE_CURVE('',#5529,#5528,#2712,.T.);
#6774=EDGE_CURVE('',#5529,#5530,#2195,.T.);
#6775=EDGE_CURVE('',#5531,#5530,#2713,.T.);
#6776=EDGE_CURVE('',#5531,#5525,#2196,.T.);
#6777=EDGE_CURVE('',#5526,#5395,#2714,.T.);
#6778=EDGE_CURVE('',#5394,#5527,#2715,.T.);
#6779=EDGE_CURVE('',#5400,#5529,#2716,.T.);
#6780=EDGE_CURVE('',#5528,#5401,#2717,.T.);
#6781=EDGE_CURVE('',#5398,#5531,#2718,.T.);
#6782=EDGE_CURVE('',#5530,#5399,#2719,.T.);
#6783=EDGE_CURVE('',#5396,#5524,#2720,.T.);
#6784=EDGE_CURVE('',#5525,#5397,#2721,.T.);
#6785=EDGE_CURVE('',#5532,#5533,#2722,.T.);
#6786=EDGE_CURVE('',#5533,#5407,#2723,.T.);
#6787=EDGE_CURVE('',#5534,#5406,#2724,.T.);
#6788=EDGE_CURVE('',#5534,#5532,#2725,.T.);
#6789=EDGE_CURVE('',#5535,#5405,#2726,.T.);
#6790=EDGE_CURVE('',#5535,#5534,#2727,.T.);
#6791=EDGE_CURVE('',#5364,#5536,#2728,.T.);
#6792=EDGE_CURVE('',#5535,#5536,#2729,.T.);
#6793=EDGE_CURVE('',#5408,#5537,#2730,.T.);
#6794=EDGE_CURVE('',#5537,#5365,#2731,.T.);
#6795=EDGE_CURVE('',#5404,#5538,#2732,.T.);
#6796=EDGE_CURVE('',#5538,#5539,#2733,.T.);
#6797=EDGE_CURVE('',#5539,#5409,#2734,.T.);
#6798=EDGE_CURVE('',#5536,#5532,#2735,.T.);
#6799=EDGE_CURVE('',#5540,#5541,#2736,.T.);
#6800=EDGE_CURVE('',#5541,#5542,#2737,.T.);
#6801=EDGE_CURVE('',#5542,#5543,#2738,.T.);
#6802=EDGE_CURVE('',#5543,#5544,#2739,.T.);
#6803=EDGE_CURVE('',#5544,#5545,#2740,.T.);
#6804=EDGE_CURVE('',#5545,#5546,#2741,.T.);
#6805=EDGE_CURVE('',#5546,#5547,#2742,.T.);
#6806=EDGE_CURVE('',#5540,#5547,#2743,.T.);
#6807=EDGE_CURVE('',#5548,#5549,#2744,.T.);
#6808=EDGE_CURVE('',#5549,#5550,#2745,.T.);
#6809=EDGE_CURVE('',#5550,#5551,#2746,.T.);
#6810=EDGE_CURVE('',#5551,#5548,#2747,.T.);
#6811=EDGE_CURVE('',#5552,#5553,#2748,.T.);
#6812=EDGE_CURVE('',#5553,#5554,#2749,.T.);
#6813=EDGE_CURVE('',#5554,#5555,#2750,.T.);
#6814=EDGE_CURVE('',#5555,#5552,#2751,.T.);
#6815=EDGE_CURVE('',#5556,#5557,#2752,.T.);
#6816=EDGE_CURVE('',#5557,#5558,#2753,.T.);
#6817=EDGE_CURVE('',#5558,#5559,#2754,.T.);
#6818=EDGE_CURVE('',#5559,#5556,#2755,.T.);
#6819=EDGE_CURVE('',#5560,#5561,#2756,.T.);
#6820=EDGE_CURVE('',#5561,#5562,#2757,.T.);
#6821=EDGE_CURVE('',#5562,#5563,#2758,.T.);
#6822=EDGE_CURVE('',#5563,#5560,#2759,.T.);
#6823=EDGE_CURVE('',#5564,#5565,#2760,.T.);
#6824=EDGE_CURVE('',#5565,#5566,#2761,.T.);
#6825=EDGE_CURVE('',#5566,#5567,#2762,.T.);
#6826=EDGE_CURVE('',#5567,#5564,#2763,.T.);
#6827=EDGE_CURVE('',#5568,#5569,#2764,.T.);
#6828=EDGE_CURVE('',#5569,#5570,#2765,.T.);
#6829=EDGE_CURVE('',#5570,#5571,#2766,.T.);
#6830=EDGE_CURVE('',#5571,#5568,#2767,.T.);
#6831=EDGE_CURVE('',#5572,#5573,#2768,.T.);
#6832=EDGE_CURVE('',#5573,#5574,#2769,.T.);
#6833=EDGE_CURVE('',#5574,#5575,#2770,.T.);
#6834=EDGE_CURVE('',#5575,#5572,#2771,.T.);
#6835=EDGE_CURVE('',#5576,#5577,#2772,.T.);
#6836=EDGE_CURVE('',#5577,#5578,#2773,.T.);
#6837=EDGE_CURVE('',#5578,#5579,#2774,.T.);
#6838=EDGE_CURVE('',#5579,#5576,#2775,.T.);
#6839=EDGE_CURVE('',#5580,#5581,#2776,.T.);
#6840=EDGE_CURVE('',#5581,#5582,#2777,.T.);
#6841=EDGE_CURVE('',#5582,#5583,#2778,.T.);
#6842=EDGE_CURVE('',#5583,#5580,#2779,.T.);
#6843=EDGE_CURVE('',#5547,#5584,#2780,.T.);
#6844=EDGE_CURVE('',#5584,#5585,#2781,.T.);
#6845=EDGE_CURVE('',#5585,#5540,#2782,.T.);
#6846=EDGE_CURVE('',#5424,#5541,#2783,.T.);
#6847=EDGE_CURVE('',#5425,#5585,#2784,.T.);
#6848=EDGE_CURVE('',#5426,#5584,#2785,.T.);
#6849=EDGE_CURVE('',#5546,#5427,#2786,.T.);
#6850=EDGE_CURVE('',#5510,#5513,#2197,.T.);
#6851=EDGE_CURVE('',#5512,#5511,#2198,.T.);
#6852=EDGE_CURVE('',#5514,#5501,#2199,.T.);
#6853=EDGE_CURVE('',#5500,#5515,#2200,.T.);
#6854=EDGE_CURVE('',#5502,#5505,#2201,.T.);
#6855=EDGE_CURVE('',#5504,#5503,#2202,.T.);
#6856=EDGE_CURVE('',#5506,#5509,#2203,.T.);
#6857=EDGE_CURVE('',#5508,#5507,#2204,.T.);
#6858=EDGE_CURVE('',#5522,#5505,#2787,.T.);
#6859=EDGE_CURVE('',#5506,#5521,#2788,.T.);
#6860=EDGE_CURVE('',#5509,#5520,#2789,.T.);
#6861=EDGE_CURVE('',#5523,#5502,#2790,.T.);
#6862=EDGE_CURVE('',#5510,#5519,#2791,.T.);
#6863=EDGE_CURVE('',#5516,#5501,#2792,.T.);
#6864=EDGE_CURVE('',#5513,#5518,#2793,.T.);
#6865=EDGE_CURVE('',#5517,#5514,#2794,.T.);
#6866=EDGE_CURVE('',#5454,#5511,#2795,.T.);
#6867=EDGE_CURVE('',#5508,#5453,#2796,.T.);
#6868=EDGE_CURVE('',#5507,#5452,#2797,.T.);
#6869=EDGE_CURVE('',#5455,#5512,#2798,.T.);
#6870=EDGE_CURVE('',#5504,#5451,#2799,.T.);
#6871=EDGE_CURVE('',#5448,#5515,#2800,.T.);
#6872=EDGE_CURVE('',#5503,#5450,#2801,.T.);
#6873=EDGE_CURVE('',#5449,#5500,#2802,.T.);
#6874=EDGE_CURVE('',#5586,#5587,#2803,.T.);
#6875=EDGE_CURVE('',#5587,#5561,#2205,.T.);
#6876=EDGE_CURVE('',#5560,#5586,#2206,.T.);
#6877=EDGE_CURVE('',#5558,#5588,#2207,.T.);
#6878=EDGE_CURVE('',#5588,#5589,#2804,.T.);
#6879=EDGE_CURVE('',#5589,#5559,#2208,.T.);
#6880=EDGE_CURVE('',#5582,#5565,#2209,.T.);
#6881=EDGE_CURVE('',#5564,#5583,#2210,.T.);
#6882=EDGE_CURVE('',#5578,#5573,#2211,.T.);
#6883=EDGE_CURVE('',#5572,#5579,#2212,.T.);
#6884=EDGE_CURVE('',#5488,#5590,#2805,.T.);
#6885=EDGE_CURVE('',#5590,#5591,#2806,.T.);
#6886=EDGE_CURVE('',#5591,#5489,#2807,.T.);
#6887=EDGE_CURVE('',#5494,#5592,#2808,.T.);
#6888=EDGE_CURVE('',#5592,#5593,#2809,.T.);
#6889=EDGE_CURVE('',#5593,#5495,#2810,.T.);
#6890=EDGE_CURVE('',#5492,#5594,#2811,.T.);
#6891=EDGE_CURVE('',#5594,#5595,#2812,.T.);
#6892=EDGE_CURVE('',#5595,#5493,#2813,.T.);
#6893=EDGE_CURVE('',#5490,#5596,#2814,.T.);
#6894=EDGE_CURVE('',#5596,#5597,#2815,.T.);
#6895=EDGE_CURVE('',#5597,#5491,#2816,.T.);
#6896=EDGE_CURVE('',#5497,#5598,#2817,.T.);
#6897=EDGE_CURVE('',#5598,#5599,#2213,.T.);
#6898=EDGE_CURVE('',#5496,#5599,#2818,.T.);
#6899=EDGE_CURVE('',#5599,#5600,#2819,.T.);
#6900=EDGE_CURVE('',#5600,#5498,#2820,.T.);
#6901=EDGE_CURVE('',#5601,#5499,#2821,.T.);
#6902=EDGE_CURVE('',#5601,#5598,#2822,.T.);
#6903=EDGE_CURVE('',#5600,#5601,#2214,.T.);
#6904=EDGE_CURVE('',#5602,#5603,#2823,.T.);
#6905=EDGE_CURVE('',#5603,#5411,#2824,.T.);
#6906=EDGE_CURVE('',#5410,#5602,#2825,.T.);
#6907=EDGE_CURVE('',#5412,#5604,#2826,.T.);
#6908=EDGE_CURVE('',#5605,#5604,#2827,.T.);
#6909=EDGE_CURVE('',#5605,#5413,#2828,.T.);
#6910=EDGE_CURVE('',#5403,#5606,#2829,.T.);
#6911=EDGE_CURVE('',#5607,#5606,#2830,.T.);
#6912=EDGE_CURVE('',#5607,#5402,#2831,.T.);
#6913=EDGE_CURVE('',#5604,#5603,#2215,.T.);
#6914=EDGE_CURVE('',#5602,#5539,#2216,.T.);
#6915=EDGE_CURVE('',#5538,#5607,#2217,.T.);
#6916=EDGE_CURVE('',#5606,#5605,#2218,.T.);
#6917=EDGE_CURVE('',#5608,#5609,#2832,.T.);
#6918=EDGE_CURVE('',#5609,#5610,#2219,.T.);
#6919=EDGE_CURVE('',#5611,#5610,#2833,.T.);
#6920=EDGE_CURVE('',#5608,#5611,#2220,.T.);
#6921=EDGE_CURVE('',#5612,#5613,#2834,.T.);
#6922=EDGE_CURVE('',#5613,#5609,#2835,.T.);
#6923=EDGE_CURVE('',#5612,#5608,#2836,.T.);
#6924=EDGE_CURVE('',#5614,#5615,#2837,.T.);
#6925=EDGE_CURVE('',#5615,#5613,#2221,.T.);
#6926=EDGE_CURVE('',#5614,#5612,#2222,.T.);
#6927=EDGE_CURVE('',#5616,#5617,#2838,.T.);
#6928=EDGE_CURVE('',#5617,#5615,#2839,.T.);
#6929=EDGE_CURVE('',#5616,#5614,#2840,.T.);
#6930=EDGE_CURVE('',#5618,#5619,#2841,.T.);
#6931=EDGE_CURVE('',#5619,#5617,#2223,.T.);
#6932=EDGE_CURVE('',#5618,#5616,#2224,.T.);
#6933=EDGE_CURVE('',#5620,#5621,#2842,.T.);
#6934=EDGE_CURVE('',#5621,#5619,#2843,.T.);
#6935=EDGE_CURVE('',#5620,#5618,#2844,.T.);
#6936=EDGE_CURVE('',#5622,#5623,#2845,.T.);
#6937=EDGE_CURVE('',#5623,#5621,#2225,.T.);
#6938=EDGE_CURVE('',#5622,#5620,#2226,.T.);
#6939=EDGE_CURVE('',#5610,#5623,#2846,.T.);
#6940=EDGE_CURVE('',#5611,#5622,#2847,.T.);
#6941=EDGE_CURVE('',#5566,#5587,#2227,.T.);
#6942=EDGE_CURVE('',#5586,#5567,#2228,.T.);
#6943=EDGE_CURVE('',#5588,#5577,#2229,.T.);
#6944=EDGE_CURVE('',#5576,#5589,#2230,.T.);
#6945=EDGE_CURVE('',#5574,#5569,#2231,.T.);
#6946=EDGE_CURVE('',#5568,#5575,#2232,.T.);
#6947=EDGE_CURVE('',#5570,#5581,#2233,.T.);
#6948=EDGE_CURVE('',#5580,#5571,#2234,.T.);
#6949=EDGE_CURVE('',#5591,#5596,#2235,.T.);
#6950=EDGE_CURVE('',#5597,#5594,#2236,.T.);
#6951=EDGE_CURVE('',#5595,#5592,#2237,.T.);
#6952=EDGE_CURVE('',#5593,#5590,#2238,.T.);
#6953=EDGE_CURVE('',#5537,#5533,#5363,.T.);
#6954=EDGE_CURVE('',#5554,#5557,#2239,.T.);
#6955=EDGE_CURVE('',#5556,#5555,#2240,.T.);
#6956=EDGE_CURVE('',#5562,#5549,#2241,.T.);
#6957=EDGE_CURVE('',#5548,#5563,#2242,.T.);
#6958=EDGE_CURVE('',#5550,#5545,#2243,.T.);
#6959=EDGE_CURVE('',#5544,#5551,#2244,.T.);
#6960=EDGE_CURVE('',#5542,#5553,#2245,.T.);
#6961=EDGE_CURVE('',#5552,#5543,#2246,.T.);
#6962=EDGE_CURVE('',#5552,#5469,#2848,.T.);
#6963=EDGE_CURVE('',#5470,#5555,#2849,.T.);
#6964=EDGE_CURVE('',#5471,#5556,#2850,.T.);
#6965=EDGE_CURVE('',#5543,#5468,#2851,.T.);
#6966=EDGE_CURVE('',#5472,#5559,#2852,.T.);
#6967=EDGE_CURVE('',#5544,#5467,#2853,.T.);
#6968=EDGE_CURVE('',#5473,#5589,#2854,.T.);
#6969=EDGE_CURVE('',#5551,#5466,#2855,.T.);
#6970=EDGE_CURVE('',#5474,#5576,#2856,.T.);
#6971=EDGE_CURVE('',#5548,#5465,#2857,.T.);
#6972=EDGE_CURVE('',#5475,#5579,#2858,.T.);
#6973=EDGE_CURVE('',#5563,#5464,#2859,.T.);
#6974=EDGE_CURVE('',#5456,#5572,#2860,.T.);
#6975=EDGE_CURVE('',#5560,#5463,#2861,.T.);
#6976=EDGE_CURVE('',#5384,#5575,#2862,.T.);
#6977=EDGE_CURVE('',#5586,#5462,#2863,.T.);
#6978=EDGE_CURVE('',#5457,#5568,#2864,.T.);
#6979=EDGE_CURVE('',#5567,#5461,#2865,.T.);
#6980=EDGE_CURVE('',#5458,#5571,#2866,.T.);
#6981=EDGE_CURVE('',#5564,#5460,#2867,.T.);
#6982=EDGE_CURVE('',#5378,#5580,#2868,.T.);
#6983=EDGE_CURVE('',#5583,#5459,#2869,.T.);
#6984=EDGE_CURVE('',#5482,#5610,#2870,.T.);
#6985=EDGE_CURVE('',#5623,#5481,#2871,.T.);
#6986=EDGE_CURVE('',#5621,#5480,#2872,.T.);
#6987=EDGE_CURVE('',#5483,#5609,#2873,.T.);
#6988=EDGE_CURVE('',#5619,#5479,#2874,.T.);
#6989=EDGE_CURVE('',#5476,#5613,#2875,.T.);
#6990=EDGE_CURVE('',#5617,#5478,#2876,.T.);
#6991=EDGE_CURVE('',#5477,#5615,#2877,.T.);
#6992=EDGE_CURVE('',#5592,#5419,#2878,.T.);
#6993=EDGE_CURVE('',#5420,#5595,#2879,.T.);
#6994=EDGE_CURVE('',#5421,#5594,#2880,.T.);
#6995=EDGE_CURVE('',#5593,#5418,#2881,.T.);
#6996=EDGE_CURVE('',#5414,#5597,#2882,.T.);
#6997=EDGE_CURVE('',#5590,#5417,#2883,.T.);
#6998=EDGE_CURVE('',#5415,#5596,#2884,.T.);
#6999=EDGE_CURVE('',#5591,#5416,#2885,.T.);
#7000=EDGE_CURVE('',#5599,#5487,#2886,.T.);
#7001=EDGE_CURVE('',#5484,#5598,#2887,.T.);
#7002=EDGE_CURVE('',#5485,#5601,#2888,.T.);
#7003=EDGE_CURVE('',#5600,#5486,#2889,.T.);
#7004=EDGE_CURVE('',#5428,#5545,#2890,.T.);
#7005=EDGE_CURVE('',#5429,#5550,#2891,.T.);
#7006=EDGE_CURVE('',#5430,#5549,#2892,.T.);
#7007=EDGE_CURVE('',#5431,#5562,#2893,.T.);
#7008=EDGE_CURVE('',#5432,#5561,#2894,.T.);
#7009=EDGE_CURVE('',#5433,#5587,#2895,.T.);
#7010=EDGE_CURVE('',#5434,#5566,#2896,.T.);
#7011=EDGE_CURVE('',#5435,#5565,#2897,.T.);
#7012=EDGE_CURVE('',#5436,#5582,#2898,.T.);
#7013=EDGE_CURVE('',#5437,#5581,#2899,.T.);
#7014=EDGE_CURVE('',#5438,#5570,#2900,.T.);
#7015=EDGE_CURVE('',#5439,#5569,#2901,.T.);
#7016=EDGE_CURVE('',#5440,#5574,#2902,.T.);
#7017=EDGE_CURVE('',#5441,#5573,#2903,.T.);
#7018=EDGE_CURVE('',#5442,#5578,#2904,.T.);
#7019=EDGE_CURVE('',#5443,#5577,#2905,.T.);
#7020=EDGE_CURVE('',#5444,#5588,#2906,.T.);
#7021=EDGE_CURVE('',#5445,#5558,#2907,.T.);
#7022=EDGE_CURVE('',#5446,#5557,#2908,.T.);
#7023=EDGE_CURVE('',#5447,#5554,#2909,.T.);
#7024=EDGE_CURVE('',#5422,#5553,#2910,.T.);
#7025=EDGE_CURVE('',#5423,#5542,#2911,.T.);
#7026=EDGE_CURVE('',#5624,#5624,#2247,.T.);
#7027=EDGE_CURVE('',#5624,#5625,#2912,.T.);
#7028=EDGE_CURVE('',#5625,#5625,#2248,.T.);
#7029=EDGE_CURVE('',#5626,#5626,#2249,.T.);
#7030=EDGE_CURVE('',#5626,#5627,#2913,.T.);
#7031=EDGE_CURVE('',#5627,#5627,#2250,.T.);
#7032=EDGE_CURVE('',#5628,#5628,#2251,.T.);
#7033=EDGE_CURVE('',#5628,#5629,#2914,.T.);
#7034=EDGE_CURVE('',#5629,#5629,#2252,.T.);
#7035=EDGE_CURVE('',#5630,#5630,#2253,.T.);
#7036=EDGE_CURVE('',#5630,#5631,#2915,.T.);
#7037=EDGE_CURVE('',#5631,#5631,#2254,.T.);
#7038=EDGE_CURVE('',#5632,#5633,#2916,.T.);
#7039=EDGE_CURVE('',#5633,#5634,#2255,.T.);
#7040=EDGE_CURVE('',#5634,#5635,#2917,.T.);
#7041=EDGE_CURVE('',#5635,#5636,#2256,.T.);
#7042=EDGE_CURVE('',#5636,#5637,#2918,.T.);
#7043=EDGE_CURVE('',#5637,#5638,#2919,.T.);
#7044=EDGE_CURVE('',#5639,#5638,#2920,.T.);
#7045=EDGE_CURVE('',#5639,#5640,#2257,.T.);
#7046=EDGE_CURVE('',#5641,#5640,#2921,.T.);
#7047=EDGE_CURVE('',#5641,#5642,#2258,.T.);
#7048=EDGE_CURVE('',#5643,#5642,#2922,.T.);
#7049=EDGE_CURVE('',#5643,#5644,#2923,.T.);
#7050=EDGE_CURVE('',#5645,#5644,#2924,.T.);
#7051=EDGE_CURVE('',#5645,#5646,#2259,.T.);
#7052=EDGE_CURVE('',#5646,#5647,#2925,.T.);
#7053=EDGE_CURVE('',#5647,#5648,#2260,.T.);
#7054=EDGE_CURVE('',#5648,#5649,#2926,.T.);
#7055=EDGE_CURVE('',#5649,#5650,#2261,.T.);
#7056=EDGE_CURVE('',#5650,#5651,#2927,.T.);
#7057=EDGE_CURVE('',#5651,#5652,#2262,.T.);
#7058=EDGE_CURVE('',#5652,#5653,#2928,.T.);
#7059=EDGE_CURVE('',#5653,#5654,#2263,.T.);
#7060=EDGE_CURVE('',#5655,#5654,#2929,.T.);
#7061=EDGE_CURVE('',#5655,#5632,#2264,.T.);
#7062=EDGE_CURVE('',#5656,#5657,#2930,.T.);
#7063=EDGE_CURVE('',#5657,#5658,#2265,.T.);
#7064=EDGE_CURVE('',#5658,#5659,#2931,.T.);
#7065=EDGE_CURVE('',#5659,#5660,#2266,.T.);
#7066=EDGE_CURVE('',#5661,#5660,#2932,.T.);
#7067=EDGE_CURVE('',#5661,#5662,#2267,.T.);
#7068=EDGE_CURVE('',#5662,#5663,#2933,.T.);
#7069=EDGE_CURVE('',#5663,#5664,#2268,.T.);
#7070=EDGE_CURVE('',#5665,#5664,#2934,.T.);
#7071=EDGE_CURVE('',#5665,#5666,#2269,.T.);
#7072=EDGE_CURVE('',#5667,#5666,#2935,.T.);
#7073=EDGE_CURVE('',#5667,#5668,#2936,.T.);
#7074=EDGE_CURVE('',#5669,#5668,#2937,.T.);
#7075=EDGE_CURVE('',#5669,#5670,#2270,.T.);
#7076=EDGE_CURVE('',#5671,#5670,#2938,.T.);
#7077=EDGE_CURVE('',#5671,#5656,#2271,.T.);
#7078=EDGE_CURVE('',#5672,#5673,#2939,.T.);
#7079=EDGE_CURVE('',#5672,#5674,#2272,.T.);
#7080=EDGE_CURVE('',#5674,#5675,#2940,.T.);
#7081=EDGE_CURVE('',#5675,#5676,#2273,.T.);
#7082=EDGE_CURVE('',#5677,#5676,#2941,.T.);
#7083=EDGE_CURVE('',#5677,#5678,#2942,.T.);
#7084=EDGE_CURVE('',#5679,#5678,#2943,.T.);
#7085=EDGE_CURVE('',#5679,#5673,#2274,.T.);
#7086=EDGE_CURVE('',#5680,#5681,#2944,.T.);
#7087=EDGE_CURVE('',#5681,#5663,#2945,.T.);
#7088=EDGE_CURVE('',#5662,#5680,#2946,.T.);
#7089=EDGE_CURVE('',#5634,#5675,#2947,.T.);
#7090=EDGE_CURVE('',#5674,#5682,#2948,.T.);
#7091=EDGE_CURVE('',#5682,#5683,#2949,.T.);
#7092=EDGE_CURVE('',#5683,#5635,#2950,.T.);
#7093=EDGE_CURVE('',#5684,#5685,#2951,.T.);
#7094=EDGE_CURVE('',#5684,#5671,#2952,.T.);
#7095=EDGE_CURVE('',#5670,#5686,#2953,.T.);
#7096=EDGE_CURVE('',#5686,#5687,#2954,.T.);
#7097=EDGE_CURVE('',#5687,#5685,#2955,.T.);
#7098=EDGE_CURVE('',#5688,#5689,#2956,.T.);
#7099=EDGE_CURVE('',#5690,#5688,#2957,.T.);
#7100=EDGE_CURVE('',#5691,#5690,#2958,.T.);
#7101=EDGE_CURVE('',#5691,#5689,#2959,.T.);
#7102=EDGE_CURVE('',#5692,#5693,#2960,.T.);
#7103=EDGE_CURVE('',#5694,#5693,#2961,.T.);
#7104=EDGE_CURVE('',#5695,#5694,#2962,.T.);
#7105=EDGE_CURVE('',#5695,#5692,#2963,.T.);
#7106=EDGE_CURVE('',#5696,#5697,#2964,.T.);
#7107=EDGE_CURVE('',#5697,#5698,#2275,.T.);
#7108=EDGE_CURVE('',#5699,#5698,#2965,.T.);
#7109=EDGE_CURVE('',#5696,#5699,#2276,.T.);
#7110=EDGE_CURVE('',#5700,#5701,#2966,.T.);
#7111=EDGE_CURVE('',#5700,#5702,#2277,.T.);
#7112=EDGE_CURVE('',#5702,#5703,#2967,.T.);
#7113=EDGE_CURVE('',#5701,#5703,#2278,.T.);
#7114=EDGE_CURVE('',#5698,#5700,#2968,.T.);
#7115=EDGE_CURVE('',#5701,#5699,#2969,.T.);
#7116=EDGE_CURVE('',#5702,#5697,#2970,.T.);
#7117=EDGE_CURVE('',#5703,#5696,#2971,.T.);
#7118=EDGE_CURVE('',#5704,#5705,#2279,.T.);
#7119=EDGE_CURVE('',#5705,#5706,#2972,.T.);
#7120=EDGE_CURVE('',#5706,#5707,#2280,.T.);
#7121=EDGE_CURVE('',#5707,#5708,#2973,.T.);
#7122=EDGE_CURVE('',#5708,#5709,#2281,.T.);
#7123=EDGE_CURVE('',#5709,#5710,#2974,.T.);
#7124=EDGE_CURVE('',#5710,#5711,#2282,.T.);
#7125=EDGE_CURVE('',#5711,#5704,#2975,.T.);
#7126=EDGE_CURVE('',#5712,#5713,#2283,.T.);
#7127=EDGE_CURVE('',#5713,#5714,#2976,.T.);
#7128=EDGE_CURVE('',#5714,#5715,#2284,.T.);
#7129=EDGE_CURVE('',#5715,#5716,#2977,.T.);
#7130=EDGE_CURVE('',#5716,#5717,#2285,.T.);
#7131=EDGE_CURVE('',#5717,#5718,#2978,.T.);
#7132=EDGE_CURVE('',#5718,#5719,#2286,.T.);
#7133=EDGE_CURVE('',#5719,#5712,#2979,.T.);
#7134=EDGE_CURVE('',#5720,#5721,#2980,.T.);
#7135=EDGE_CURVE('',#5721,#5722,#2287,.T.);
#7136=EDGE_CURVE('',#5722,#5723,#2981,.T.);
#7137=EDGE_CURVE('',#5723,#5720,#2288,.T.);
#7138=EDGE_CURVE('',#5724,#5725,#2982,.T.);
#7139=EDGE_CURVE('',#5725,#5726,#2289,.T.);
#7140=EDGE_CURVE('',#5726,#5727,#2983,.T.);
#7141=EDGE_CURVE('',#5727,#5728,#2290,.T.);
#7142=EDGE_CURVE('',#5728,#5729,#2984,.T.);
#7143=EDGE_CURVE('',#5729,#5730,#2291,.T.);
#7144=EDGE_CURVE('',#5730,#5731,#2985,.T.);
#7145=EDGE_CURVE('',#5731,#5724,#2292,.T.);
#7146=EDGE_CURVE('',#5732,#5733,#2986,.T.);
#7147=EDGE_CURVE('',#5733,#5734,#2987,.T.);
#7148=EDGE_CURVE('',#5734,#5735,#2988,.T.);
#7149=EDGE_CURVE('',#5735,#5732,#2989,.T.);
#7150=EDGE_CURVE('',#5736,#5737,#2990,.T.);
#7151=EDGE_CURVE('',#5737,#5738,#2991,.T.);
#7152=EDGE_CURVE('',#5738,#5739,#2992,.T.);
#7153=EDGE_CURVE('',#5739,#5736,#2993,.T.);
#7154=EDGE_CURVE('',#5740,#5741,#2994,.T.);
#7155=EDGE_CURVE('',#5741,#5742,#2995,.T.);
#7156=EDGE_CURVE('',#5742,#5743,#2996,.T.);
#7157=EDGE_CURVE('',#5743,#5740,#2997,.T.);
#7158=EDGE_CURVE('',#5744,#5745,#2998,.T.);
#7159=EDGE_CURVE('',#5745,#5746,#2999,.T.);
#7160=EDGE_CURVE('',#5746,#5747,#3000,.T.);
#7161=EDGE_CURVE('',#5747,#5744,#3001,.T.);
#7162=EDGE_CURVE('',#5748,#5749,#2293,.T.);
#7163=EDGE_CURVE('',#5749,#5750,#3002,.T.);
#7164=EDGE_CURVE('',#5750,#5751,#2294,.T.);
#7165=EDGE_CURVE('',#5751,#5752,#3003,.T.);
#7166=EDGE_CURVE('',#5752,#5753,#2295,.T.);
#7167=EDGE_CURVE('',#5753,#5754,#3004,.T.);
#7168=EDGE_CURVE('',#5754,#5755,#2296,.T.);
#7169=EDGE_CURVE('',#5755,#5748,#3005,.T.);
#7170=EDGE_CURVE('',#5756,#5757,#3006,.T.);
#7171=EDGE_CURVE('',#5756,#5758,#2297,.T.);
#7172=EDGE_CURVE('',#5759,#5758,#3007,.T.);
#7173=EDGE_CURVE('',#5759,#5760,#2298,.T.);
#7174=EDGE_CURVE('',#5761,#5760,#3008,.T.);
#7175=EDGE_CURVE('',#5761,#5762,#2299,.T.);
#7176=EDGE_CURVE('',#5763,#5762,#3009,.T.);
#7177=EDGE_CURVE('',#5763,#5757,#2300,.T.);
#7178=EDGE_CURVE('',#5764,#5765,#3010,.T.);
#7179=EDGE_CURVE('',#5764,#5657,#3011,.T.);
#7180=EDGE_CURVE('',#5656,#5766,#3012,.T.);
#7181=EDGE_CURVE('',#5767,#5766,#3013,.T.);
#7182=EDGE_CURVE('',#5767,#5759,#3014,.T.);
#7183=EDGE_CURVE('',#5758,#5765,#3015,.T.);
#7184=EDGE_CURVE('',#5768,#5769,#3016,.T.);
#7185=EDGE_CURVE('',#5768,#5761,#3017,.T.);
#7186=EDGE_CURVE('',#5760,#5769,#3018,.T.);
#7187=EDGE_CURVE('',#5770,#5771,#3019,.T.);
#7188=EDGE_CURVE('',#5770,#5763,#3020,.T.);
#7189=EDGE_CURVE('',#5762,#5771,#3021,.T.);
#7190=EDGE_CURVE('',#5757,#5772,#3022,.T.);
#7191=EDGE_CURVE('',#5773,#5772,#3023,.T.);
#7192=EDGE_CURVE('',#5773,#5756,#3024,.T.);
#7193=EDGE_CURVE('',#5774,#5775,#3025,.T.);
#7194=EDGE_CURVE('',#5775,#5776,#2301,.T.);
#7195=EDGE_CURVE('',#5777,#5776,#3026,.T.);
#7196=EDGE_CURVE('',#5777,#5764,#2302,.T.);
#7197=EDGE_CURVE('',#5765,#5773,#2303,.T.);
#7198=EDGE_CURVE('',#5772,#5770,#2304,.T.);
#7199=EDGE_CURVE('',#5771,#5768,#2305,.T.);
#7200=EDGE_CURVE('',#5769,#5767,#2306,.T.);
#7201=EDGE_CURVE('',#5766,#5684,#2307,.T.);
#7202=EDGE_CURVE('',#5685,#5778,#2308,.T.);
#7203=EDGE_CURVE('',#5779,#5778,#3027,.T.);
#7204=EDGE_CURVE('',#5779,#5780,#2309,.T.);
#7205=EDGE_CURVE('',#5780,#5781,#3028,.T.);
#7206=EDGE_CURVE('',#5781,#5782,#2310,.T.);
#7207=EDGE_CURVE('',#5782,#5783,#3029,.T.);
#7208=EDGE_CURVE('',#5783,#5784,#3030,.T.);
#7209=EDGE_CURVE('',#5785,#5784,#3031,.T.);
#7210=EDGE_CURVE('',#5785,#5786,#2311,.T.);
#7211=EDGE_CURVE('',#5786,#5787,#3032,.T.);
#7212=EDGE_CURVE('',#5787,#5788,#2312,.T.);
#7213=EDGE_CURVE('',#5789,#5788,#3033,.T.);
#7214=EDGE_CURVE('',#5789,#5790,#3034,.T.);
#7215=EDGE_CURVE('',#5791,#5790,#3035,.T.);
#7216=EDGE_CURVE('',#5791,#5683,#2313,.T.);
#7217=EDGE_CURVE('',#5682,#5792,#2314,.T.);
#7218=EDGE_CURVE('',#5792,#5793,#3036,.T.);
#7219=EDGE_CURVE('',#5793,#5794,#3037,.T.);
#7220=EDGE_CURVE('',#5794,#5795,#3038,.T.);
#7221=EDGE_CURVE('',#5795,#5681,#2315,.T.);
#7222=EDGE_CURVE('',#5680,#5774,#2316,.T.);
#7223=EDGE_CURVE('',#5660,#5775,#3039,.T.);
#7224=EDGE_CURVE('',#5774,#5661,#3040,.T.);
#7225=EDGE_CURVE('',#5780,#5647,#3041,.T.);
#7226=EDGE_CURVE('',#5646,#5781,#3042,.T.);
#7227=EDGE_CURVE('',#5658,#5777,#3043,.T.);
#7228=EDGE_CURVE('',#5776,#5659,#3044,.T.);
#7229=EDGE_CURVE('',#5796,#5797,#3045,.T.);
#7230=EDGE_CURVE('',#5797,#5798,#3046,.T.);
#7231=EDGE_CURVE('',#5798,#5799,#3047,.T.);
#7232=EDGE_CURVE('',#5796,#5799,#3048,.T.);
#7233=EDGE_CURVE('',#5800,#5801,#3049,.T.);
#7234=EDGE_CURVE('',#5801,#5802,#3050,.T.);
#7235=EDGE_CURVE('',#5802,#5803,#3051,.T.);
#7236=EDGE_CURVE('',#5800,#5803,#3052,.T.);
#7237=EDGE_CURVE('',#5804,#5805,#3053,.T.);
#7238=EDGE_CURVE('',#5805,#5806,#3054,.T.);
#7239=EDGE_CURVE('',#5806,#5807,#3055,.T.);
#7240=EDGE_CURVE('',#5804,#5807,#3056,.T.);
#7241=EDGE_CURVE('',#5808,#5809,#3057,.T.);
#7242=EDGE_CURVE('',#5809,#5810,#3058,.T.);
#7243=EDGE_CURVE('',#5810,#5811,#3059,.T.);
#7244=EDGE_CURVE('',#5808,#5811,#3060,.T.);
#7245=EDGE_CURVE('',#5803,#5796,#2317,.T.);
#7246=EDGE_CURVE('',#5799,#5808,#2318,.T.);
#7247=EDGE_CURVE('',#5811,#5804,#2319,.T.);
#7248=EDGE_CURVE('',#5807,#5800,#2320,.T.);
#7249=EDGE_CURVE('',#5812,#5813,#3061,.T.);
#7250=EDGE_CURVE('',#5812,#5814,#2321,.T.);
#7251=EDGE_CURVE('',#5815,#5814,#3062,.T.);
#7252=EDGE_CURVE('',#5815,#5816,#2322,.T.);
#7253=EDGE_CURVE('',#5817,#5816,#3063,.T.);
#7254=EDGE_CURVE('',#5817,#5818,#2323,.T.);
#7255=EDGE_CURVE('',#5819,#5818,#3064,.T.);
#7256=EDGE_CURVE('',#5819,#5813,#2324,.T.);
#7257=EDGE_CURVE('',#5806,#5801,#2325,.T.);
#7258=EDGE_CURVE('',#5810,#5805,#2326,.T.);
#7259=EDGE_CURVE('',#5798,#5809,#2327,.T.);
#7260=EDGE_CURVE('',#5802,#5797,#2328,.T.);
#7261=EDGE_CURVE('',#5742,#5745,#2329,.T.);
#7262=EDGE_CURVE('',#5744,#5743,#2330,.T.);
#7263=EDGE_CURVE('',#5738,#5741,#2331,.T.);
#7264=EDGE_CURVE('',#5740,#5739,#2332,.T.);
#7265=EDGE_CURVE('',#5734,#5737,#2333,.T.);
#7266=EDGE_CURVE('',#5736,#5735,#2334,.T.);
#7267=EDGE_CURVE('',#5746,#5733,#2335,.T.);
#7268=EDGE_CURVE('',#5732,#5747,#2336,.T.);
#7269=EDGE_CURVE('',#5754,#5733,#3065,.T.);
#7270=EDGE_CURVE('',#5734,#5753,#3066,.T.);
#7271=EDGE_CURVE('',#5737,#5752,#3067,.T.);
#7272=EDGE_CURVE('',#5755,#5746,#3068,.T.);
#7273=EDGE_CURVE('',#5738,#5751,#3069,.T.);
#7274=EDGE_CURVE('',#5748,#5745,#3070,.T.);
#7275=EDGE_CURVE('',#5741,#5750,#3071,.T.);
#7276=EDGE_CURVE('',#5749,#5742,#3072,.T.);
#7277=EDGE_CURVE('',#5732,#5709,#3073,.T.);
#7278=EDGE_CURVE('',#5710,#5735,#3074,.T.);
#7279=EDGE_CURVE('',#5711,#5736,#3075,.T.);
#7280=EDGE_CURVE('',#5747,#5708,#3076,.T.);
#7281=EDGE_CURVE('',#5704,#5739,#3077,.T.);
#7282=EDGE_CURVE('',#5744,#5707,#3078,.T.);
#7283=EDGE_CURVE('',#5705,#5740,#3079,.T.);
#7284=EDGE_CURVE('',#5743,#5706,#3080,.T.);
#7285=EDGE_CURVE('',#5676,#5633,#3081,.T.);
#7286=EDGE_CURVE('',#5632,#5820,#3082,.T.);
#7287=EDGE_CURVE('',#5821,#5820,#3083,.T.);
#7288=EDGE_CURVE('',#5821,#5649,#3084,.T.);
#7289=EDGE_CURVE('',#5648,#5822,#3085,.T.);
#7290=EDGE_CURVE('',#5822,#5692,#3086,.T.);
#7291=EDGE_CURVE('',#5695,#5823,#3087,.T.);
#7292=EDGE_CURVE('',#5823,#5677,#3088,.T.);
#7293=EDGE_CURVE('',#5824,#5825,#3089,.T.);
#7294=EDGE_CURVE('',#5825,#5651,#3090,.T.);
#7295=EDGE_CURVE('',#5650,#5824,#3091,.T.);
#7296=EDGE_CURVE('',#5826,#5827,#3092,.T.);
#7297=EDGE_CURVE('',#5827,#5653,#3093,.T.);
#7298=EDGE_CURVE('',#5652,#5826,#3094,.T.);
#7299=EDGE_CURVE('',#5654,#5828,#3095,.T.);
#7300=EDGE_CURVE('',#5829,#5828,#3096,.T.);
#7301=EDGE_CURVE('',#5829,#5655,#3097,.T.);
#7302=EDGE_CURVE('',#5828,#5827,#2337,.T.);
#7303=EDGE_CURVE('',#5826,#5825,#2338,.T.);
#7304=EDGE_CURVE('',#5824,#5821,#2339,.T.);
#7305=EDGE_CURVE('',#5820,#5829,#2340,.T.);
#7306=EDGE_CURVE('',#5640,#5830,#3098,.T.);
#7307=EDGE_CURVE('',#5830,#5831,#3099,.T.);
#7308=EDGE_CURVE('',#5831,#5641,#3100,.T.);
#7309=EDGE_CURVE('',#5642,#5832,#3101,.T.);
#7310=EDGE_CURVE('',#5832,#5833,#3102,.T.);
#7311=EDGE_CURVE('',#5833,#5785,#3103,.T.);
#7312=EDGE_CURVE('',#5834,#5784,#3104,.T.);
#7313=EDGE_CURVE('',#5835,#5834,#3105,.T.);
#7314=EDGE_CURVE('',#5835,#5643,#3106,.T.);
#7315=EDGE_CURVE('',#5786,#5836,#3107,.T.);
#7316=EDGE_CURVE('',#5836,#5837,#3108,.T.);
#7317=EDGE_CURVE('',#5837,#5787,#3109,.T.);
#7318=EDGE_CURVE('',#5788,#5838,#3110,.T.);
#7319=EDGE_CURVE('',#5838,#5839,#3111,.T.);
#7320=EDGE_CURVE('',#5839,#5639,#3112,.T.);
#7321=EDGE_CURVE('',#5840,#5638,#3113,.T.);
#7322=EDGE_CURVE('',#5841,#5840,#3114,.T.);
#7323=EDGE_CURVE('',#5841,#5789,#3115,.T.);
#7324=EDGE_CURVE('',#5842,#5843,#3116,.T.);
#7325=EDGE_CURVE('',#5843,#5844,#3117,.T.);
#7326=EDGE_CURVE('',#5844,#5815,#3118,.T.);
#7327=EDGE_CURVE('',#5814,#5679,#3119,.T.);
#7328=EDGE_CURVE('',#5845,#5678,#3120,.T.);
#7329=EDGE_CURVE('',#5694,#5845,#3121,.T.);
#7330=EDGE_CURVE('',#5693,#5842,#3122,.T.);
#7331=EDGE_CURVE('',#5846,#5847,#3123,.T.);
#7332=EDGE_CURVE('',#5847,#5817,#3124,.T.);
#7333=EDGE_CURVE('',#5816,#5846,#3125,.T.);
#7334=EDGE_CURVE('',#5818,#5848,#3126,.T.);
#7335=EDGE_CURVE('',#5848,#5667,#3127,.T.);
#7336=EDGE_CURVE('',#5666,#5819,#3128,.T.);
#7337=EDGE_CURVE('',#5813,#5665,#3129,.T.);
#7338=EDGE_CURVE('',#5664,#5672,#3130,.T.);
#7339=EDGE_CURVE('',#5673,#5812,#3131,.T.);
#7340=EDGE_CURVE('',#5848,#5847,#2341,.T.);
#7341=EDGE_CURVE('',#5846,#5844,#2342,.T.);
#7342=EDGE_CURVE('',#5849,#5688,#3132,.T.);
#7343=EDGE_CURVE('',#5849,#5669,#3133,.T.);
#7344=EDGE_CURVE('',#5850,#5668,#3134,.T.);
#7345=EDGE_CURVE('',#5690,#5850,#3135,.T.);
#7346=EDGE_CURVE('',#5851,#5667,#3136,.T.);
#7347=EDGE_CURVE('',#5852,#5851,#3137,.T.);
#7348=EDGE_CURVE('',#5852,#5850,#3138,.T.);
#7349=EDGE_CURVE('',#5853,#5851,#3139,.T.);
#7350=EDGE_CURVE('',#5853,#5854,#3140,.T.);
#7351=EDGE_CURVE('',#5854,#5689,#3141,.T.);
#7352=EDGE_CURVE('',#5691,#5852,#3142,.T.);
#7353=EDGE_CURVE('',#5823,#5845,#3143,.T.);
#7354=EDGE_CURVE('',#5843,#5855,#2343,.T.);
#7355=EDGE_CURVE('',#5856,#5855,#3144,.T.);
#7356=EDGE_CURVE('',#5856,#5857,#2344,.T.);
#7357=EDGE_CURVE('',#5857,#5858,#3145,.T.);
#7358=EDGE_CURVE('',#5858,#5853,#2345,.T.);
#7359=EDGE_CURVE('',#5859,#5860,#3146,.T.);
#7360=EDGE_CURVE('',#5859,#5856,#3147,.T.);
#7361=EDGE_CURVE('',#5860,#5855,#3148,.T.);
#7362=EDGE_CURVE('',#5822,#5861,#3149,.T.);
#7363=EDGE_CURVE('',#5861,#5859,#2346,.T.);
#7364=EDGE_CURVE('',#5860,#5842,#2347,.T.);
#7365=EDGE_CURVE('',#5854,#5687,#2348,.T.);
#7366=EDGE_CURVE('',#5686,#5849,#2349,.T.);
#7367=EDGE_CURVE('',#5857,#5861,#3150,.T.);
#7368=EDGE_CURVE('',#5779,#5822,#3151,.T.);
#7369=EDGE_CURVE('',#5778,#5858,#3152,.T.);
#7370=EDGE_CURVE('',#5664,#5862,#2350,.T.);
#7371=EDGE_CURVE('',#5863,#5862,#3153,.T.);
#7372=EDGE_CURVE('',#5864,#5863,#3154,.T.);
#7373=EDGE_CURVE('',#5865,#5864,#3155,.T.);
#7374=EDGE_CURVE('',#5865,#5672,#2351,.T.);
#7375=EDGE_CURVE('',#5792,#5865,#3156,.T.);
#7376=EDGE_CURVE('',#5793,#5864,#3157,.T.);
#7377=EDGE_CURVE('',#5794,#5863,#3158,.T.);
#7378=EDGE_CURVE('',#5862,#5795,#3159,.T.);
#7379=EDGE_CURVE('',#5841,#5866,#3160,.T.);
#7380=EDGE_CURVE('',#5866,#5790,#3161,.T.);
#7381=EDGE_CURVE('',#5867,#5637,#3162,.T.);
#7382=EDGE_CURVE('',#5867,#5840,#3163,.T.);
#7383=EDGE_CURVE('',#5636,#5791,#3164,.T.);
#7384=EDGE_CURVE('',#5866,#5867,#3165,.T.);
#7385=EDGE_CURVE('',#5868,#5783,#3166,.T.);
#7386=EDGE_CURVE('',#5834,#5868,#3167,.T.);
#7387=EDGE_CURVE('',#5782,#5645,#3168,.T.);
#7388=EDGE_CURVE('',#5869,#5644,#3169,.T.);
#7389=EDGE_CURVE('',#5868,#5869,#3170,.T.);
#7390=EDGE_CURVE('',#5835,#5869,#3171,.T.);
#7391=EDGE_CURVE('',#5833,#5836,#2352,.T.);
#7392=EDGE_CURVE('',#5831,#5832,#2353,.T.);
#7393=EDGE_CURVE('',#5839,#5830,#2354,.T.);
#7394=EDGE_CURVE('',#5837,#5838,#2355,.T.);
#7395=EDGE_CURVE('',#5837,#5717,#3172,.T.);
#7396=EDGE_CURVE('',#5718,#5836,#3173,.T.);
#7397=EDGE_CURVE('',#5719,#5833,#3174,.T.);
#7398=EDGE_CURVE('',#5838,#5716,#3175,.T.);
#7399=EDGE_CURVE('',#5712,#5832,#3176,.T.);
#7400=EDGE_CURVE('',#5839,#5715,#3177,.T.);
#7401=EDGE_CURVE('',#5713,#5831,#3178,.T.);
#7402=EDGE_CURVE('',#5830,#5714,#3179,.T.);
#7403=EDGE_CURVE('',#5698,#5723,#3180,.T.);
#7404=EDGE_CURVE('',#5720,#5697,#3181,.T.);
#7405=EDGE_CURVE('',#5721,#5702,#3182,.T.);
#7406=EDGE_CURVE('',#5700,#5722,#3183,.T.);
#7407=EDGE_CURVE('',#5797,#5729,#3184,.T.);
#7408=EDGE_CURVE('',#5730,#5802,#3185,.T.);
#7409=EDGE_CURVE('',#5731,#5801,#3186,.T.);
#7410=EDGE_CURVE('',#5798,#5728,#3187,.T.);
#7411=EDGE_CURVE('',#5724,#5806,#3188,.T.);
#7412=EDGE_CURVE('',#5809,#5727,#3189,.T.);
#7413=EDGE_CURVE('',#5725,#5805,#3190,.T.);
#7414=EDGE_CURVE('',#5810,#5726,#3191,.T.);
#7415=EDGE_CURVE('',#5870,#5871,#2356,.T.);
#7416=EDGE_CURVE('',#5870,#5872,#3192,.T.);
#7417=EDGE_CURVE('',#5872,#5873,#2357,.T.);
#7418=EDGE_CURVE('',#5871,#5873,#3193,.T.);
#7419=EDGE_CURVE('',#5874,#5875,#2358,.T.);
#7420=EDGE_CURVE('',#5874,#5876,#3194,.T.);
#7421=EDGE_CURVE('',#5876,#5877,#2359,.T.);
#7422=EDGE_CURVE('',#5875,#5877,#3195,.T.);
#7423=EDGE_CURVE('',#5878,#5879,#2360,.T.);
#7424=EDGE_CURVE('',#5878,#5880,#3196,.T.);
#7425=EDGE_CURVE('',#5880,#5881,#2361,.T.);
#7426=EDGE_CURVE('',#5879,#5881,#3197,.T.);
#7427=EDGE_CURVE('',#5882,#5883,#2362,.T.);
#7428=EDGE_CURVE('',#5882,#5884,#3198,.T.);
#7429=EDGE_CURVE('',#5884,#5885,#2363,.T.);
#7430=EDGE_CURVE('',#5883,#5885,#3199,.T.);
#7431=EDGE_CURVE('',#5886,#5887,#2364,.T.);
#7432=EDGE_CURVE('',#5886,#5888,#3200,.T.);
#7433=EDGE_CURVE('',#5888,#5889,#2365,.T.);
#7434=EDGE_CURVE('',#5887,#5889,#3201,.T.);
#7435=EDGE_CURVE('',#5890,#5891,#2366,.T.);
#7436=EDGE_CURVE('',#5890,#5892,#3202,.T.);
#7437=EDGE_CURVE('',#5892,#5893,#2367,.T.);
#7438=EDGE_CURVE('',#5891,#5893,#3203,.T.);
#7439=EDGE_CURVE('',#5894,#5895,#2368,.T.);
#7440=EDGE_CURVE('',#5894,#5896,#3204,.T.);
#7441=EDGE_CURVE('',#5896,#5897,#2369,.T.);
#7442=EDGE_CURVE('',#5895,#5897,#3205,.T.);
#7443=EDGE_CURVE('',#5898,#5899,#2370,.T.);
#7444=EDGE_CURVE('',#5898,#5900,#3206,.T.);
#7445=EDGE_CURVE('',#5900,#5901,#2371,.T.);
#7446=EDGE_CURVE('',#5899,#5901,#3207,.T.);
#7447=EDGE_CURVE('',#5902,#5903,#2372,.T.);
#7448=EDGE_CURVE('',#5902,#5904,#3208,.T.);
#7449=EDGE_CURVE('',#5904,#5905,#2373,.T.);
#7450=EDGE_CURVE('',#5903,#5905,#3209,.T.);
#7451=EDGE_CURVE('',#5906,#5907,#2374,.T.);
#7452=EDGE_CURVE('',#5906,#5908,#3210,.T.);
#7453=EDGE_CURVE('',#5908,#5909,#2375,.T.);
#7454=EDGE_CURVE('',#5907,#5909,#3211,.T.);
#7455=EDGE_CURVE('',#5910,#5911,#2376,.T.);
#7456=EDGE_CURVE('',#5910,#5912,#3212,.T.);
#7457=EDGE_CURVE('',#5912,#5913,#2377,.T.);
#7458=EDGE_CURVE('',#5911,#5913,#3213,.T.);
#7459=EDGE_CURVE('',#5914,#5915,#2378,.T.);
#7460=EDGE_CURVE('',#5914,#5916,#3214,.T.);
#7461=EDGE_CURVE('',#5916,#5917,#2379,.T.);
#7462=EDGE_CURVE('',#5915,#5917,#3215,.T.);
#7463=EDGE_CURVE('',#5918,#5919,#2380,.T.);
#7464=EDGE_CURVE('',#5918,#5920,#3216,.T.);
#7465=EDGE_CURVE('',#5920,#5921,#2381,.T.);
#7466=EDGE_CURVE('',#5919,#5921,#3217,.T.);
#7467=EDGE_CURVE('',#5922,#5923,#2382,.T.);
#7468=EDGE_CURVE('',#5922,#5924,#3218,.T.);
#7469=EDGE_CURVE('',#5924,#5925,#2383,.T.);
#7470=EDGE_CURVE('',#5923,#5925,#3219,.T.);
#7471=EDGE_CURVE('',#5926,#5927,#2384,.T.);
#7472=EDGE_CURVE('',#5926,#5928,#3220,.T.);
#7473=EDGE_CURVE('',#5928,#5929,#2385,.T.);
#7474=EDGE_CURVE('',#5927,#5929,#3221,.T.);
#7475=EDGE_CURVE('',#5930,#5931,#2386,.T.);
#7476=EDGE_CURVE('',#5930,#5932,#3222,.T.);
#7477=EDGE_CURVE('',#5932,#5933,#2387,.T.);
#7478=EDGE_CURVE('',#5931,#5933,#3223,.T.);
#7479=EDGE_CURVE('',#5934,#5935,#2388,.T.);
#7480=EDGE_CURVE('',#5934,#5936,#3224,.T.);
#7481=EDGE_CURVE('',#5936,#5937,#2389,.T.);
#7482=EDGE_CURVE('',#5935,#5937,#3225,.T.);
#7483=EDGE_CURVE('',#5938,#5939,#2390,.T.);
#7484=EDGE_CURVE('',#5938,#5940,#3226,.T.);
#7485=EDGE_CURVE('',#5940,#5941,#2391,.T.);
#7486=EDGE_CURVE('',#5939,#5941,#3227,.T.);
#7487=EDGE_CURVE('',#5942,#5943,#2392,.T.);
#7488=EDGE_CURVE('',#5942,#5944,#3228,.T.);
#7489=EDGE_CURVE('',#5944,#5945,#2393,.T.);
#7490=EDGE_CURVE('',#5943,#5945,#3229,.T.);
#7491=EDGE_CURVE('',#5946,#5947,#2394,.T.);
#7492=EDGE_CURVE('',#5946,#5948,#3230,.T.);
#7493=EDGE_CURVE('',#5948,#5949,#2395,.T.);
#7494=EDGE_CURVE('',#5947,#5949,#3231,.T.);
#7495=EDGE_CURVE('',#5950,#5951,#2396,.T.);
#7496=EDGE_CURVE('',#5950,#5952,#3232,.T.);
#7497=EDGE_CURVE('',#5952,#5953,#2397,.T.);
#7498=EDGE_CURVE('',#5951,#5953,#3233,.T.);
#7499=EDGE_CURVE('',#5954,#5955,#2398,.T.);
#7500=EDGE_CURVE('',#5954,#5956,#3234,.T.);
#7501=EDGE_CURVE('',#5956,#5957,#2399,.T.);
#7502=EDGE_CURVE('',#5955,#5957,#3235,.T.);
#7503=EDGE_CURVE('',#5958,#5959,#2400,.T.);
#7504=EDGE_CURVE('',#5958,#5960,#3236,.T.);
#7505=EDGE_CURVE('',#5960,#5961,#2401,.T.);
#7506=EDGE_CURVE('',#5959,#5961,#3237,.T.);
#7507=EDGE_CURVE('',#5962,#5963,#2402,.T.);
#7508=EDGE_CURVE('',#5962,#5964,#3238,.T.);
#7509=EDGE_CURVE('',#5964,#5965,#2403,.T.);
#7510=EDGE_CURVE('',#5963,#5965,#3239,.T.);
#7511=EDGE_CURVE('',#5966,#5967,#2404,.T.);
#7512=EDGE_CURVE('',#5966,#5968,#3240,.T.);
#7513=EDGE_CURVE('',#5968,#5969,#2405,.T.);
#7514=EDGE_CURVE('',#5967,#5969,#3241,.T.);
#7515=EDGE_CURVE('',#5970,#5971,#2406,.T.);
#7516=EDGE_CURVE('',#5970,#5972,#3242,.T.);
#7517=EDGE_CURVE('',#5972,#5973,#2407,.T.);
#7518=EDGE_CURVE('',#5971,#5973,#3243,.T.);
#7519=EDGE_CURVE('',#5974,#5975,#2408,.T.);
#7520=EDGE_CURVE('',#5974,#5976,#3244,.T.);
#7521=EDGE_CURVE('',#5976,#5977,#2409,.T.);
#7522=EDGE_CURVE('',#5975,#5977,#3245,.T.);
#7523=EDGE_CURVE('',#5978,#5979,#2410,.T.);
#7524=EDGE_CURVE('',#5978,#5980,#3246,.T.);
#7525=EDGE_CURVE('',#5980,#5981,#2411,.T.);
#7526=EDGE_CURVE('',#5979,#5981,#3247,.T.);
#7527=EDGE_CURVE('',#5982,#5983,#2412,.T.);
#7528=EDGE_CURVE('',#5982,#5984,#3248,.T.);
#7529=EDGE_CURVE('',#5984,#5985,#2413,.T.);
#7530=EDGE_CURVE('',#5983,#5985,#3249,.T.);
#7531=EDGE_CURVE('',#5986,#5987,#2414,.T.);
#7532=EDGE_CURVE('',#5986,#5988,#3250,.T.);
#7533=EDGE_CURVE('',#5988,#5989,#2415,.T.);
#7534=EDGE_CURVE('',#5987,#5989,#3251,.T.);
#7535=EDGE_CURVE('',#5990,#5991,#2416,.T.);
#7536=EDGE_CURVE('',#5990,#5992,#3252,.T.);
#7537=EDGE_CURVE('',#5992,#5993,#2417,.T.);
#7538=EDGE_CURVE('',#5991,#5993,#3253,.T.);
#7539=EDGE_CURVE('',#5994,#5995,#2418,.T.);
#7540=EDGE_CURVE('',#5994,#5996,#3254,.T.);
#7541=EDGE_CURVE('',#5996,#5997,#2419,.T.);
#7542=EDGE_CURVE('',#5995,#5997,#3255,.T.);
#7543=EDGE_CURVE('',#5998,#5999,#2420,.T.);
#7544=EDGE_CURVE('',#5998,#6000,#3256,.T.);
#7545=EDGE_CURVE('',#6000,#6001,#2421,.T.);
#7546=EDGE_CURVE('',#5999,#6001,#3257,.T.);
#7547=EDGE_CURVE('',#6002,#6003,#2422,.T.);
#7548=EDGE_CURVE('',#6002,#6004,#3258,.T.);
#7549=EDGE_CURVE('',#6004,#6005,#2423,.T.);
#7550=EDGE_CURVE('',#6003,#6005,#3259,.T.);
#7551=EDGE_CURVE('',#6006,#6007,#2424,.T.);
#7552=EDGE_CURVE('',#6006,#6008,#3260,.T.);
#7553=EDGE_CURVE('',#6008,#6009,#2425,.T.);
#7554=EDGE_CURVE('',#6007,#6009,#3261,.T.);
#7555=EDGE_CURVE('',#6010,#6011,#2426,.T.);
#7556=EDGE_CURVE('',#6010,#6012,#3262,.T.);
#7557=EDGE_CURVE('',#6012,#6013,#2427,.T.);
#7558=EDGE_CURVE('',#6011,#6013,#3263,.T.);
#7559=EDGE_CURVE('',#6014,#6015,#2428,.T.);
#7560=EDGE_CURVE('',#6014,#6016,#3264,.T.);
#7561=EDGE_CURVE('',#6016,#6017,#2429,.T.);
#7562=EDGE_CURVE('',#6015,#6017,#3265,.T.);
#7563=EDGE_CURVE('',#6018,#6019,#2430,.T.);
#7564=EDGE_CURVE('',#6018,#6020,#3266,.T.);
#7565=EDGE_CURVE('',#6020,#6021,#2431,.T.);
#7566=EDGE_CURVE('',#6019,#6021,#3267,.T.);
#7567=EDGE_CURVE('',#6022,#6023,#2432,.T.);
#7568=EDGE_CURVE('',#6022,#6024,#3268,.T.);
#7569=EDGE_CURVE('',#6024,#6025,#2433,.T.);
#7570=EDGE_CURVE('',#6023,#6025,#3269,.T.);
#7571=EDGE_CURVE('',#6026,#6027,#2434,.T.);
#7572=EDGE_CURVE('',#6026,#6028,#3270,.T.);
#7573=EDGE_CURVE('',#6028,#6029,#2435,.T.);
#7574=EDGE_CURVE('',#6027,#6029,#3271,.T.);
#7575=EDGE_CURVE('',#6030,#6031,#2436,.T.);
#7576=EDGE_CURVE('',#6030,#6032,#3272,.T.);
#7577=EDGE_CURVE('',#6032,#6033,#2437,.T.);
#7578=EDGE_CURVE('',#6031,#6033,#3273,.T.);
#7579=EDGE_CURVE('',#6034,#6035,#2438,.T.);
#7580=EDGE_CURVE('',#6034,#6036,#3274,.T.);
#7581=EDGE_CURVE('',#6036,#6037,#2439,.T.);
#7582=EDGE_CURVE('',#6035,#6037,#3275,.T.);
#7583=EDGE_CURVE('',#6038,#6039,#2440,.T.);
#7584=EDGE_CURVE('',#6038,#6040,#3276,.T.);
#7585=EDGE_CURVE('',#6040,#6041,#2441,.T.);
#7586=EDGE_CURVE('',#6039,#6041,#3277,.T.);
#7587=EDGE_CURVE('',#6042,#6043,#2442,.T.);
#7588=EDGE_CURVE('',#6042,#6044,#3278,.T.);
#7589=EDGE_CURVE('',#6044,#6045,#2443,.T.);
#7590=EDGE_CURVE('',#6043,#6045,#3279,.T.);
#7591=EDGE_CURVE('',#6046,#6047,#2444,.T.);
#7592=EDGE_CURVE('',#6046,#6048,#3280,.T.);
#7593=EDGE_CURVE('',#6048,#6049,#2445,.T.);
#7594=EDGE_CURVE('',#6047,#6049,#3281,.T.);
#7595=EDGE_CURVE('',#6050,#6051,#2446,.T.);
#7596=EDGE_CURVE('',#6050,#6052,#3282,.T.);
#7597=EDGE_CURVE('',#6052,#6053,#2447,.T.);
#7598=EDGE_CURVE('',#6051,#6053,#3283,.T.);
#7599=EDGE_CURVE('',#6054,#6055,#2448,.T.);
#7600=EDGE_CURVE('',#6054,#6056,#3284,.T.);
#7601=EDGE_CURVE('',#6056,#6057,#2449,.T.);
#7602=EDGE_CURVE('',#6055,#6057,#3285,.T.);
#7603=EDGE_CURVE('',#6058,#6059,#2450,.T.);
#7604=EDGE_CURVE('',#6058,#6060,#3286,.T.);
#7605=EDGE_CURVE('',#6060,#6061,#2451,.T.);
#7606=EDGE_CURVE('',#6059,#6061,#3287,.T.);
#7607=EDGE_CURVE('',#6062,#6063,#2452,.T.);
#7608=EDGE_CURVE('',#6062,#6064,#3288,.T.);
#7609=EDGE_CURVE('',#6064,#6065,#2453,.T.);
#7610=EDGE_CURVE('',#6063,#6065,#3289,.T.);
#7611=EDGE_CURVE('',#6066,#6067,#2454,.T.);
#7612=EDGE_CURVE('',#6066,#6068,#3290,.T.);
#7613=EDGE_CURVE('',#6068,#6069,#2455,.T.);
#7614=EDGE_CURVE('',#6067,#6069,#3291,.T.);
#7615=EDGE_CURVE('',#6070,#6071,#3292,.T.);
#7616=EDGE_CURVE('',#6072,#6070,#3293,.T.);
#7617=EDGE_CURVE('',#6072,#6073,#3294,.T.);
#7618=EDGE_CURVE('',#6073,#6071,#3295,.T.);
#7619=EDGE_CURVE('',#6074,#6070,#2456,.T.);
#7620=EDGE_CURVE('',#6075,#6074,#3296,.T.);
#7621=EDGE_CURVE('',#6075,#6072,#2457,.T.);
#7622=EDGE_CURVE('',#6074,#6076,#3297,.T.);
#7623=EDGE_CURVE('',#6077,#6076,#3298,.T.);
#7624=EDGE_CURVE('',#6075,#6077,#3299,.T.);
#7625=EDGE_CURVE('',#6076,#6078,#2458,.T.);
#7626=EDGE_CURVE('',#6079,#6078,#3300,.T.);
#7627=EDGE_CURVE('',#6077,#6079,#2459,.T.);
#7628=EDGE_CURVE('',#6078,#6080,#3301,.T.);
#7629=EDGE_CURVE('',#6081,#6080,#3302,.T.);
#7630=EDGE_CURVE('',#6079,#6081,#3303,.T.);
#7631=EDGE_CURVE('',#6080,#6082,#2460,.T.);
#7632=EDGE_CURVE('',#6083,#6082,#3304,.T.);
#7633=EDGE_CURVE('',#6081,#6083,#2461,.T.);
#7634=EDGE_CURVE('',#6084,#6082,#3305,.T.);
#7635=EDGE_CURVE('',#6085,#6084,#3306,.T.);
#7636=EDGE_CURVE('',#6085,#6083,#3307,.T.);
#7637=EDGE_CURVE('',#6086,#6069,#3308,.T.);
#7638=EDGE_CURVE('',#6087,#6086,#3309,.T.);
#7639=EDGE_CURVE('',#6087,#6067,#3310,.T.);
#7640=EDGE_CURVE('',#6064,#6086,#3311,.T.);
#7641=EDGE_CURVE('',#6062,#6087,#3312,.T.);
#7642=EDGE_CURVE('',#6065,#6088,#3313,.T.);
#7643=EDGE_CURVE('',#6089,#6088,#3314,.T.);
#7644=EDGE_CURVE('',#6063,#6089,#3315,.T.);
#7645=EDGE_CURVE('',#6061,#6090,#3316,.T.);
#7646=EDGE_CURVE('',#6091,#6090,#3317,.T.);
#7647=EDGE_CURVE('',#6059,#6091,#3318,.T.);
#7648=EDGE_CURVE('',#6056,#6090,#3319,.T.);
#7649=EDGE_CURVE('',#6054,#6091,#3320,.T.);
#7650=EDGE_CURVE('',#6092,#6057,#3321,.T.);
#7651=EDGE_CURVE('',#6093,#6092,#3322,.T.);
#7652=EDGE_CURVE('',#6093,#6055,#3323,.T.);
#7653=EDGE_CURVE('',#6094,#6095,#2462,.T.);
#7654=EDGE_CURVE('',#6096,#6095,#3324,.T.);
#7655=EDGE_CURVE('',#6097,#6096,#2463,.T.);
#7656=EDGE_CURVE('',#6097,#6094,#3325,.T.);
#7657=EDGE_CURVE('',#6095,#6098,#3326,.T.);
#7658=EDGE_CURVE('',#6099,#6098,#3327,.T.);
#7659=EDGE_CURVE('',#6096,#6099,#3328,.T.);
#7660=EDGE_CURVE('',#6052,#6098,#3329,.T.);
#7661=EDGE_CURVE('',#6050,#6099,#3330,.T.);
#7662=EDGE_CURVE('',#6053,#6100,#3331,.T.);
#7663=EDGE_CURVE('',#6101,#6100,#3332,.T.);
#7664=EDGE_CURVE('',#6051,#6101,#3333,.T.);
#7665=EDGE_CURVE('',#6048,#6100,#3334,.T.);
#7666=EDGE_CURVE('',#6046,#6101,#3335,.T.);
#7667=EDGE_CURVE('',#6049,#6102,#3336,.T.);
#7668=EDGE_CURVE('',#6103,#6102,#3337,.T.);
#7669=EDGE_CURVE('',#6047,#6103,#3338,.T.);
#7670=EDGE_CURVE('',#6104,#6105,#2464,.T.);
#7671=EDGE_CURVE('',#6106,#6105,#3339,.T.);
#7672=EDGE_CURVE('',#6107,#6106,#2465,.T.);
#7673=EDGE_CURVE('',#6107,#6104,#3340,.T.);
#7674=EDGE_CURVE('',#6105,#6108,#3341,.T.);
#7675=EDGE_CURVE('',#6109,#6108,#3342,.T.);
#7676=EDGE_CURVE('',#6106,#6109,#3343,.T.);
#7677=EDGE_CURVE('',#6044,#6108,#3344,.T.);
#7678=EDGE_CURVE('',#6042,#6109,#3345,.T.);
#7679=EDGE_CURVE('',#6045,#6110,#3346,.T.);
#7680=EDGE_CURVE('',#6111,#6110,#3347,.T.);
#7681=EDGE_CURVE('',#6043,#6111,#3348,.T.);
#7682=EDGE_CURVE('',#6040,#6110,#3349,.T.);
#7683=EDGE_CURVE('',#6038,#6111,#3350,.T.);
#7684=EDGE_CURVE('',#6041,#6112,#3351,.T.);
#7685=EDGE_CURVE('',#6113,#6112,#3352,.T.);
#7686=EDGE_CURVE('',#6039,#6113,#3353,.T.);
#7687=EDGE_CURVE('',#6114,#6115,#2466,.T.);
#7688=EDGE_CURVE('',#6116,#6115,#3354,.T.);
#7689=EDGE_CURVE('',#6117,#6116,#2467,.T.);
#7690=EDGE_CURVE('',#6117,#6114,#3355,.T.);
#7691=EDGE_CURVE('',#6115,#6118,#3356,.T.);
#7692=EDGE_CURVE('',#6119,#6118,#3357,.T.);
#7693=EDGE_CURVE('',#6116,#6119,#3358,.T.);
#7694=EDGE_CURVE('',#6036,#6118,#3359,.T.);
#7695=EDGE_CURVE('',#6034,#6119,#3360,.T.);
#7696=EDGE_CURVE('',#6037,#6120,#3361,.T.);
#7697=EDGE_CURVE('',#6121,#6120,#3362,.T.);
#7698=EDGE_CURVE('',#6035,#6121,#3363,.T.);
#7699=EDGE_CURVE('',#6032,#6120,#3364,.T.);
#7700=EDGE_CURVE('',#6030,#6121,#3365,.T.);
#7701=EDGE_CURVE('',#6033,#6122,#3366,.T.);
#7702=EDGE_CURVE('',#6123,#6122,#3367,.T.);
#7703=EDGE_CURVE('',#6031,#6123,#3368,.T.);
#7704=EDGE_CURVE('',#6124,#6125,#2468,.T.);
#7705=EDGE_CURVE('',#6126,#6125,#3369,.T.);
#7706=EDGE_CURVE('',#6127,#6126,#2469,.T.);
#7707=EDGE_CURVE('',#6127,#6124,#3370,.T.);
#7708=EDGE_CURVE('',#6125,#6128,#3371,.T.);
#7709=EDGE_CURVE('',#6129,#6128,#3372,.T.);
#7710=EDGE_CURVE('',#6126,#6129,#3373,.T.);
#7711=EDGE_CURVE('',#6028,#6128,#3374,.T.);
#7712=EDGE_CURVE('',#6026,#6129,#3375,.T.);
#7713=EDGE_CURVE('',#6029,#6130,#3376,.T.);
#7714=EDGE_CURVE('',#6131,#6130,#3377,.T.);
#7715=EDGE_CURVE('',#6027,#6131,#3378,.T.);
#7716=EDGE_CURVE('',#6024,#6130,#3379,.T.);
#7717=EDGE_CURVE('',#6022,#6131,#3380,.T.);
#7718=EDGE_CURVE('',#6025,#6132,#3381,.T.);
#7719=EDGE_CURVE('',#6133,#6132,#3382,.T.);
#7720=EDGE_CURVE('',#6023,#6133,#3383,.T.);
#7721=EDGE_CURVE('',#6134,#6135,#2470,.T.);
#7722=EDGE_CURVE('',#6136,#6135,#3384,.T.);
#7723=EDGE_CURVE('',#6137,#6136,#2471,.T.);
#7724=EDGE_CURVE('',#6137,#6134,#3385,.T.);
#7725=EDGE_CURVE('',#6135,#6138,#3386,.T.);
#7726=EDGE_CURVE('',#6139,#6138,#3387,.T.);
#7727=EDGE_CURVE('',#6136,#6139,#3388,.T.);
#7728=EDGE_CURVE('',#6020,#6138,#3389,.T.);
#7729=EDGE_CURVE('',#6018,#6139,#3390,.T.);
#7730=EDGE_CURVE('',#6021,#6140,#3391,.T.);
#7731=EDGE_CURVE('',#6141,#6140,#3392,.T.);
#7732=EDGE_CURVE('',#6019,#6141,#3393,.T.);
#7733=EDGE_CURVE('',#6016,#6140,#3394,.T.);
#7734=EDGE_CURVE('',#6014,#6141,#3395,.T.);
#7735=EDGE_CURVE('',#6017,#6142,#3396,.T.);
#7736=EDGE_CURVE('',#6143,#6142,#3397,.T.);
#7737=EDGE_CURVE('',#6015,#6143,#3398,.T.);
#7738=EDGE_CURVE('',#6144,#6145,#2472,.T.);
#7739=EDGE_CURVE('',#6146,#6145,#3399,.T.);
#7740=EDGE_CURVE('',#6147,#6146,#2473,.T.);
#7741=EDGE_CURVE('',#6147,#6144,#3400,.T.);
#7742=EDGE_CURVE('',#6145,#6148,#3401,.T.);
#7743=EDGE_CURVE('',#6149,#6148,#3402,.T.);
#7744=EDGE_CURVE('',#6146,#6149,#3403,.T.);
#7745=EDGE_CURVE('',#6012,#6148,#3404,.T.);
#7746=EDGE_CURVE('',#6010,#6149,#3405,.T.);
#7747=EDGE_CURVE('',#6013,#6150,#3406,.T.);
#7748=EDGE_CURVE('',#6151,#6150,#3407,.T.);
#7749=EDGE_CURVE('',#6011,#6151,#3408,.T.);
#7750=EDGE_CURVE('',#6008,#6150,#3409,.T.);
#7751=EDGE_CURVE('',#6006,#6151,#3410,.T.);
#7752=EDGE_CURVE('',#6009,#6152,#3411,.T.);
#7753=EDGE_CURVE('',#6153,#6152,#3412,.T.);
#7754=EDGE_CURVE('',#6007,#6153,#3413,.T.);
#7755=EDGE_CURVE('',#6154,#6155,#2474,.T.);
#7756=EDGE_CURVE('',#6156,#6155,#3414,.T.);
#7757=EDGE_CURVE('',#6157,#6156,#2475,.T.);
#7758=EDGE_CURVE('',#6157,#6154,#3415,.T.);
#7759=EDGE_CURVE('',#6155,#6158,#3416,.T.);
#7760=EDGE_CURVE('',#6159,#6158,#3417,.T.);
#7761=EDGE_CURVE('',#6156,#6159,#3418,.T.);
#7762=EDGE_CURVE('',#6004,#6158,#3419,.T.);
#7763=EDGE_CURVE('',#6002,#6159,#3420,.T.);
#7764=EDGE_CURVE('',#6005,#6160,#3421,.T.);
#7765=EDGE_CURVE('',#6161,#6160,#3422,.T.);
#7766=EDGE_CURVE('',#6003,#6161,#3423,.T.);
#7767=EDGE_CURVE('',#6000,#6160,#3424,.T.);
#7768=EDGE_CURVE('',#5998,#6161,#3425,.T.);
#7769=EDGE_CURVE('',#6001,#6162,#3426,.T.);
#7770=EDGE_CURVE('',#6163,#6162,#3427,.T.);
#7771=EDGE_CURVE('',#5999,#6163,#3428,.T.);
#7772=EDGE_CURVE('',#6164,#6165,#2476,.T.);
#7773=EDGE_CURVE('',#6166,#6165,#3429,.T.);
#7774=EDGE_CURVE('',#6167,#6166,#2477,.T.);
#7775=EDGE_CURVE('',#6167,#6164,#3430,.T.);
#7776=EDGE_CURVE('',#6165,#6168,#3431,.T.);
#7777=EDGE_CURVE('',#6169,#6168,#3432,.T.);
#7778=EDGE_CURVE('',#6166,#6169,#3433,.T.);
#7779=EDGE_CURVE('',#5996,#6168,#3434,.T.);
#7780=EDGE_CURVE('',#5994,#6169,#3435,.T.);
#7781=EDGE_CURVE('',#5997,#6170,#3436,.T.);
#7782=EDGE_CURVE('',#6171,#6170,#3437,.T.);
#7783=EDGE_CURVE('',#5995,#6171,#3438,.T.);
#7784=EDGE_CURVE('',#5992,#6170,#3439,.T.);
#7785=EDGE_CURVE('',#5990,#6171,#3440,.T.);
#7786=EDGE_CURVE('',#5993,#6172,#3441,.T.);
#7787=EDGE_CURVE('',#6173,#6172,#3442,.T.);
#7788=EDGE_CURVE('',#5991,#6173,#3443,.T.);
#7789=EDGE_CURVE('',#6174,#6175,#2478,.T.);
#7790=EDGE_CURVE('',#6176,#6175,#3444,.T.);
#7791=EDGE_CURVE('',#6177,#6176,#2479,.T.);
#7792=EDGE_CURVE('',#6177,#6174,#3445,.T.);
#7793=EDGE_CURVE('',#6175,#6178,#3446,.T.);
#7794=EDGE_CURVE('',#6179,#6178,#3447,.T.);
#7795=EDGE_CURVE('',#6176,#6179,#3448,.T.);
#7796=EDGE_CURVE('',#5988,#6178,#3449,.T.);
#7797=EDGE_CURVE('',#5986,#6179,#3450,.T.);
#7798=EDGE_CURVE('',#5989,#6180,#3451,.T.);
#7799=EDGE_CURVE('',#6181,#6180,#3452,.T.);
#7800=EDGE_CURVE('',#5987,#6181,#3453,.T.);
#7801=EDGE_CURVE('',#5984,#6180,#3454,.T.);
#7802=EDGE_CURVE('',#5982,#6181,#3455,.T.);
#7803=EDGE_CURVE('',#5985,#6182,#3456,.T.);
#7804=EDGE_CURVE('',#6183,#6182,#3457,.T.);
#7805=EDGE_CURVE('',#5983,#6183,#3458,.T.);
#7806=EDGE_CURVE('',#6184,#6185,#2480,.T.);
#7807=EDGE_CURVE('',#6186,#6185,#3459,.T.);
#7808=EDGE_CURVE('',#6187,#6186,#2481,.T.);
#7809=EDGE_CURVE('',#6187,#6184,#3460,.T.);
#7810=EDGE_CURVE('',#6185,#6188,#3461,.T.);
#7811=EDGE_CURVE('',#6189,#6188,#3462,.T.);
#7812=EDGE_CURVE('',#6186,#6189,#3463,.T.);
#7813=EDGE_CURVE('',#5980,#6188,#3464,.T.);
#7814=EDGE_CURVE('',#5978,#6189,#3465,.T.);
#7815=EDGE_CURVE('',#5981,#6190,#3466,.T.);
#7816=EDGE_CURVE('',#6191,#6190,#3467,.T.);
#7817=EDGE_CURVE('',#5979,#6191,#3468,.T.);
#7818=EDGE_CURVE('',#5976,#6190,#3469,.T.);
#7819=EDGE_CURVE('',#5974,#6191,#3470,.T.);
#7820=EDGE_CURVE('',#5977,#6192,#3471,.T.);
#7821=EDGE_CURVE('',#6193,#6192,#3472,.T.);
#7822=EDGE_CURVE('',#5975,#6193,#3473,.T.);
#7823=EDGE_CURVE('',#6194,#6195,#2482,.T.);
#7824=EDGE_CURVE('',#6196,#6195,#3474,.T.);
#7825=EDGE_CURVE('',#6197,#6196,#2483,.T.);
#7826=EDGE_CURVE('',#6197,#6194,#3475,.T.);
#7827=EDGE_CURVE('',#6195,#6198,#3476,.T.);
#7828=EDGE_CURVE('',#6199,#6198,#3477,.T.);
#7829=EDGE_CURVE('',#6196,#6199,#3478,.T.);
#7830=EDGE_CURVE('',#5972,#6198,#3479,.T.);
#7831=EDGE_CURVE('',#5970,#6199,#3480,.T.);
#7832=EDGE_CURVE('',#5973,#6200,#3481,.T.);
#7833=EDGE_CURVE('',#6201,#6200,#3482,.T.);
#7834=EDGE_CURVE('',#5971,#6201,#3483,.T.);
#7835=EDGE_CURVE('',#5968,#6200,#3484,.T.);
#7836=EDGE_CURVE('',#5966,#6201,#3485,.T.);
#7837=EDGE_CURVE('',#5969,#6202,#3486,.T.);
#7838=EDGE_CURVE('',#6203,#6202,#3487,.T.);
#7839=EDGE_CURVE('',#5967,#6203,#3488,.T.);
#7840=EDGE_CURVE('',#6204,#6205,#2484,.T.);
#7841=EDGE_CURVE('',#6206,#6205,#3489,.T.);
#7842=EDGE_CURVE('',#6207,#6206,#2485,.T.);
#7843=EDGE_CURVE('',#6207,#6204,#3490,.T.);
#7844=EDGE_CURVE('',#6205,#6208,#3491,.T.);
#7845=EDGE_CURVE('',#6209,#6208,#3492,.T.);
#7846=EDGE_CURVE('',#6206,#6209,#3493,.T.);
#7847=EDGE_CURVE('',#5964,#6208,#3494,.T.);
#7848=EDGE_CURVE('',#5962,#6209,#3495,.T.);
#7849=EDGE_CURVE('',#5965,#6210,#3496,.T.);
#7850=EDGE_CURVE('',#6211,#6210,#3497,.T.);
#7851=EDGE_CURVE('',#5963,#6211,#3498,.T.);
#7852=EDGE_CURVE('',#5960,#6210,#3499,.T.);
#7853=EDGE_CURVE('',#5958,#6211,#3500,.T.);
#7854=EDGE_CURVE('',#5961,#6212,#3501,.T.);
#7855=EDGE_CURVE('',#6213,#6212,#3502,.T.);
#7856=EDGE_CURVE('',#5959,#6213,#3503,.T.);
#7857=EDGE_CURVE('',#6214,#6215,#2486,.T.);
#7858=EDGE_CURVE('',#6216,#6215,#3504,.T.);
#7859=EDGE_CURVE('',#6217,#6216,#2487,.T.);
#7860=EDGE_CURVE('',#6217,#6214,#3505,.T.);
#7861=EDGE_CURVE('',#6215,#6218,#3506,.T.);
#7862=EDGE_CURVE('',#6219,#6218,#3507,.T.);
#7863=EDGE_CURVE('',#6216,#6219,#3508,.T.);
#7864=EDGE_CURVE('',#5956,#6218,#3509,.T.);
#7865=EDGE_CURVE('',#5954,#6219,#3510,.T.);
#7866=EDGE_CURVE('',#5957,#6220,#3511,.T.);
#7867=EDGE_CURVE('',#6221,#6220,#3512,.T.);
#7868=EDGE_CURVE('',#5955,#6221,#3513,.T.);
#7869=EDGE_CURVE('',#5952,#6220,#3514,.T.);
#7870=EDGE_CURVE('',#5950,#6221,#3515,.T.);
#7871=EDGE_CURVE('',#5953,#6222,#3516,.T.);
#7872=EDGE_CURVE('',#6223,#6222,#3517,.T.);
#7873=EDGE_CURVE('',#5951,#6223,#3518,.T.);
#7874=EDGE_CURVE('',#6224,#6225,#2488,.T.);
#7875=EDGE_CURVE('',#6226,#6225,#3519,.T.);
#7876=EDGE_CURVE('',#6227,#6226,#2489,.T.);
#7877=EDGE_CURVE('',#6227,#6224,#3520,.T.);
#7878=EDGE_CURVE('',#6225,#6228,#3521,.T.);
#7879=EDGE_CURVE('',#6229,#6228,#3522,.T.);
#7880=EDGE_CURVE('',#6226,#6229,#3523,.T.);
#7881=EDGE_CURVE('',#5948,#6228,#3524,.T.);
#7882=EDGE_CURVE('',#5946,#6229,#3525,.T.);
#7883=EDGE_CURVE('',#5949,#6230,#3526,.T.);
#7884=EDGE_CURVE('',#6231,#6230,#3527,.T.);
#7885=EDGE_CURVE('',#5947,#6231,#3528,.T.);
#7886=EDGE_CURVE('',#5944,#6230,#3529,.T.);
#7887=EDGE_CURVE('',#5942,#6231,#3530,.T.);
#7888=EDGE_CURVE('',#5945,#6232,#3531,.T.);
#7889=EDGE_CURVE('',#6233,#6232,#3532,.T.);
#7890=EDGE_CURVE('',#5943,#6233,#3533,.T.);
#7891=EDGE_CURVE('',#6234,#6235,#2490,.T.);
#7892=EDGE_CURVE('',#6236,#6235,#3534,.T.);
#7893=EDGE_CURVE('',#6237,#6236,#2491,.T.);
#7894=EDGE_CURVE('',#6237,#6234,#3535,.T.);
#7895=EDGE_CURVE('',#6235,#6238,#3536,.T.);
#7896=EDGE_CURVE('',#6239,#6238,#3537,.T.);
#7897=EDGE_CURVE('',#6236,#6239,#3538,.T.);
#7898=EDGE_CURVE('',#5940,#6238,#3539,.T.);
#7899=EDGE_CURVE('',#5938,#6239,#3540,.T.);
#7900=EDGE_CURVE('',#5941,#6240,#3541,.T.);
#7901=EDGE_CURVE('',#6241,#6240,#3542,.T.);
#7902=EDGE_CURVE('',#5939,#6241,#3543,.T.);
#7903=EDGE_CURVE('',#5936,#6240,#3544,.T.);
#7904=EDGE_CURVE('',#5934,#6241,#3545,.T.);
#7905=EDGE_CURVE('',#5937,#6242,#3546,.T.);
#7906=EDGE_CURVE('',#6243,#6242,#3547,.T.);
#7907=EDGE_CURVE('',#5935,#6243,#3548,.T.);
#7908=EDGE_CURVE('',#6244,#6245,#2492,.T.);
#7909=EDGE_CURVE('',#6246,#6245,#3549,.T.);
#7910=EDGE_CURVE('',#6247,#6246,#2493,.T.);
#7911=EDGE_CURVE('',#6247,#6244,#3550,.T.);
#7912=EDGE_CURVE('',#6245,#6248,#3551,.T.);
#7913=EDGE_CURVE('',#6249,#6248,#3552,.T.);
#7914=EDGE_CURVE('',#6246,#6249,#3553,.T.);
#7915=EDGE_CURVE('',#5932,#6248,#3554,.T.);
#7916=EDGE_CURVE('',#5930,#6249,#3555,.T.);
#7917=EDGE_CURVE('',#5933,#6250,#3556,.T.);
#7918=EDGE_CURVE('',#6251,#6250,#3557,.T.);
#7919=EDGE_CURVE('',#5931,#6251,#3558,.T.);
#7920=EDGE_CURVE('',#5928,#6250,#3559,.T.);
#7921=EDGE_CURVE('',#5926,#6251,#3560,.T.);
#7922=EDGE_CURVE('',#5929,#6252,#3561,.T.);
#7923=EDGE_CURVE('',#6253,#6252,#3562,.T.);
#7924=EDGE_CURVE('',#5927,#6253,#3563,.T.);
#7925=EDGE_CURVE('',#6254,#6255,#2494,.T.);
#7926=EDGE_CURVE('',#6256,#6255,#3564,.T.);
#7927=EDGE_CURVE('',#6257,#6256,#2495,.T.);
#7928=EDGE_CURVE('',#6257,#6254,#3565,.T.);
#7929=EDGE_CURVE('',#6255,#6258,#3566,.T.);
#7930=EDGE_CURVE('',#6259,#6258,#3567,.T.);
#7931=EDGE_CURVE('',#6256,#6259,#3568,.T.);
#7932=EDGE_CURVE('',#5924,#6258,#3569,.T.);
#7933=EDGE_CURVE('',#5922,#6259,#3570,.T.);
#7934=EDGE_CURVE('',#5925,#6260,#3571,.T.);
#7935=EDGE_CURVE('',#6261,#6260,#3572,.T.);
#7936=EDGE_CURVE('',#5923,#6261,#3573,.T.);
#7937=EDGE_CURVE('',#5920,#6260,#3574,.T.);
#7938=EDGE_CURVE('',#5918,#6261,#3575,.T.);
#7939=EDGE_CURVE('',#5921,#6262,#3576,.T.);
#7940=EDGE_CURVE('',#6263,#6262,#3577,.T.);
#7941=EDGE_CURVE('',#5919,#6263,#3578,.T.);
#7942=EDGE_CURVE('',#6264,#6265,#2496,.T.);
#7943=EDGE_CURVE('',#6266,#6265,#3579,.T.);
#7944=EDGE_CURVE('',#6267,#6266,#2497,.T.);
#7945=EDGE_CURVE('',#6267,#6264,#3580,.T.);
#7946=EDGE_CURVE('',#6265,#6268,#3581,.T.);
#7947=EDGE_CURVE('',#6269,#6268,#3582,.T.);
#7948=EDGE_CURVE('',#6266,#6269,#3583,.T.);
#7949=EDGE_CURVE('',#5916,#6268,#3584,.T.);
#7950=EDGE_CURVE('',#5914,#6269,#3585,.T.);
#7951=EDGE_CURVE('',#5917,#6270,#3586,.T.);
#7952=EDGE_CURVE('',#6271,#6270,#3587,.T.);
#7953=EDGE_CURVE('',#5915,#6271,#3588,.T.);
#7954=EDGE_CURVE('',#5912,#6270,#3589,.T.);
#7955=EDGE_CURVE('',#5910,#6271,#3590,.T.);
#7956=EDGE_CURVE('',#5913,#6272,#3591,.T.);
#7957=EDGE_CURVE('',#6273,#6272,#3592,.T.);
#7958=EDGE_CURVE('',#5911,#6273,#3593,.T.);
#7959=EDGE_CURVE('',#6274,#6275,#2498,.T.);
#7960=EDGE_CURVE('',#6276,#6275,#3594,.T.);
#7961=EDGE_CURVE('',#6277,#6276,#2499,.T.);
#7962=EDGE_CURVE('',#6277,#6274,#3595,.T.);
#7963=EDGE_CURVE('',#6275,#6278,#3596,.T.);
#7964=EDGE_CURVE('',#6279,#6278,#3597,.T.);
#7965=EDGE_CURVE('',#6276,#6279,#3598,.T.);
#7966=EDGE_CURVE('',#5908,#6278,#3599,.T.);
#7967=EDGE_CURVE('',#5906,#6279,#3600,.T.);
#7968=EDGE_CURVE('',#5909,#6280,#3601,.T.);
#7969=EDGE_CURVE('',#6281,#6280,#3602,.T.);
#7970=EDGE_CURVE('',#5907,#6281,#3603,.T.);
#7971=EDGE_CURVE('',#5904,#6280,#3604,.T.);
#7972=EDGE_CURVE('',#5902,#6281,#3605,.T.);
#7973=EDGE_CURVE('',#5905,#6282,#3606,.T.);
#7974=EDGE_CURVE('',#6283,#6282,#3607,.T.);
#7975=EDGE_CURVE('',#5903,#6283,#3608,.T.);
#7976=EDGE_CURVE('',#6284,#6285,#2500,.T.);
#7977=EDGE_CURVE('',#6286,#6285,#3609,.T.);
#7978=EDGE_CURVE('',#6287,#6286,#2501,.T.);
#7979=EDGE_CURVE('',#6287,#6284,#3610,.T.);
#7980=EDGE_CURVE('',#6285,#6288,#3611,.T.);
#7981=EDGE_CURVE('',#6289,#6288,#3612,.T.);
#7982=EDGE_CURVE('',#6286,#6289,#3613,.T.);
#7983=EDGE_CURVE('',#5900,#6288,#3614,.T.);
#7984=EDGE_CURVE('',#5898,#6289,#3615,.T.);
#7985=EDGE_CURVE('',#5901,#6290,#3616,.T.);
#7986=EDGE_CURVE('',#6291,#6290,#3617,.T.);
#7987=EDGE_CURVE('',#5899,#6291,#3618,.T.);
#7988=EDGE_CURVE('',#5896,#6290,#3619,.T.);
#7989=EDGE_CURVE('',#5894,#6291,#3620,.T.);
#7990=EDGE_CURVE('',#5897,#6292,#3621,.T.);
#7991=EDGE_CURVE('',#6293,#6292,#3622,.T.);
#7992=EDGE_CURVE('',#5895,#6293,#3623,.T.);
#7993=EDGE_CURVE('',#6294,#6295,#2502,.T.);
#7994=EDGE_CURVE('',#6296,#6295,#3624,.T.);
#7995=EDGE_CURVE('',#6297,#6296,#2503,.T.);
#7996=EDGE_CURVE('',#6297,#6294,#3625,.T.);
#7997=EDGE_CURVE('',#6295,#6298,#3626,.T.);
#7998=EDGE_CURVE('',#6299,#6298,#3627,.T.);
#7999=EDGE_CURVE('',#6296,#6299,#3628,.T.);
#8000=EDGE_CURVE('',#5892,#6298,#3629,.T.);
#8001=EDGE_CURVE('',#5890,#6299,#3630,.T.);
#8002=EDGE_CURVE('',#5893,#6300,#3631,.T.);
#8003=EDGE_CURVE('',#6301,#6300,#3632,.T.);
#8004=EDGE_CURVE('',#5891,#6301,#3633,.T.);
#8005=EDGE_CURVE('',#5888,#6300,#3634,.T.);
#8006=EDGE_CURVE('',#5886,#6301,#3635,.T.);
#8007=EDGE_CURVE('',#5889,#6302,#3636,.T.);
#8008=EDGE_CURVE('',#6303,#6302,#3637,.T.);
#8009=EDGE_CURVE('',#5887,#6303,#3638,.T.);
#8010=EDGE_CURVE('',#6304,#6305,#2504,.T.);
#8011=EDGE_CURVE('',#6306,#6305,#3639,.T.);
#8012=EDGE_CURVE('',#6307,#6306,#2505,.T.);
#8013=EDGE_CURVE('',#6307,#6304,#3640,.T.);
#8014=EDGE_CURVE('',#6305,#6308,#3641,.T.);
#8015=EDGE_CURVE('',#6309,#6308,#3642,.T.);
#8016=EDGE_CURVE('',#6306,#6309,#3643,.T.);
#8017=EDGE_CURVE('',#5884,#6308,#3644,.T.);
#8018=EDGE_CURVE('',#5882,#6309,#3645,.T.);
#8019=EDGE_CURVE('',#5885,#6310,#3646,.T.);
#8020=EDGE_CURVE('',#6311,#6310,#3647,.T.);
#8021=EDGE_CURVE('',#5883,#6311,#3648,.T.);
#8022=EDGE_CURVE('',#5880,#6310,#3649,.T.);
#8023=EDGE_CURVE('',#5878,#6311,#3650,.T.);
#8024=EDGE_CURVE('',#5881,#6312,#3651,.T.);
#8025=EDGE_CURVE('',#6313,#6312,#3652,.T.);
#8026=EDGE_CURVE('',#5879,#6313,#3653,.T.);
#8027=EDGE_CURVE('',#6314,#6315,#2506,.T.);
#8028=EDGE_CURVE('',#6316,#6315,#3654,.T.);
#8029=EDGE_CURVE('',#6317,#6316,#2507,.T.);
#8030=EDGE_CURVE('',#6317,#6314,#3655,.T.);
#8031=EDGE_CURVE('',#6315,#6318,#3656,.T.);
#8032=EDGE_CURVE('',#6319,#6318,#3657,.T.);
#8033=EDGE_CURVE('',#6316,#6319,#3658,.T.);
#8034=EDGE_CURVE('',#5876,#6318,#3659,.T.);
#8035=EDGE_CURVE('',#5874,#6319,#3660,.T.);
#8036=EDGE_CURVE('',#5877,#6320,#3661,.T.);
#8037=EDGE_CURVE('',#6321,#6320,#3662,.T.);
#8038=EDGE_CURVE('',#5875,#6321,#3663,.T.);
#8039=EDGE_CURVE('',#5872,#6320,#3664,.T.);
#8040=EDGE_CURVE('',#5870,#6321,#3665,.T.);
#8041=EDGE_CURVE('',#5873,#6322,#3666,.T.);
#8042=EDGE_CURVE('',#6323,#6322,#3667,.T.);
#8043=EDGE_CURVE('',#5871,#6323,#3668,.T.);
#8044=EDGE_CURVE('',#6068,#6088,#3669,.T.);
#8045=EDGE_CURVE('',#6066,#6089,#3670,.T.);
#8046=EDGE_CURVE('',#6060,#6092,#3671,.T.);
#8047=EDGE_CURVE('',#6058,#6093,#3672,.T.);
#8048=EDGE_CURVE('',#6094,#6102,#3673,.T.);
#8049=EDGE_CURVE('',#6097,#6103,#3674,.T.);
#8050=EDGE_CURVE('',#6104,#6112,#3675,.T.);
#8051=EDGE_CURVE('',#6107,#6113,#3676,.T.);
#8052=EDGE_CURVE('',#6114,#6122,#3677,.T.);
#8053=EDGE_CURVE('',#6117,#6123,#3678,.T.);
#8054=EDGE_CURVE('',#6124,#6132,#3679,.T.);
#8055=EDGE_CURVE('',#6127,#6133,#3680,.T.);
#8056=EDGE_CURVE('',#6134,#6142,#3681,.T.);
#8057=EDGE_CURVE('',#6137,#6143,#3682,.T.);
#8058=EDGE_CURVE('',#6144,#6152,#3683,.T.);
#8059=EDGE_CURVE('',#6147,#6153,#3684,.T.);
#8060=EDGE_CURVE('',#6154,#6162,#3685,.T.);
#8061=EDGE_CURVE('',#6157,#6163,#3686,.T.);
#8062=EDGE_CURVE('',#6164,#6172,#3687,.T.);
#8063=EDGE_CURVE('',#6167,#6173,#3688,.T.);
#8064=EDGE_CURVE('',#6174,#6182,#3689,.T.);
#8065=EDGE_CURVE('',#6177,#6183,#3690,.T.);
#8066=EDGE_CURVE('',#6184,#6192,#3691,.T.);
#8067=EDGE_CURVE('',#6187,#6193,#3692,.T.);
#8068=EDGE_CURVE('',#6194,#6202,#3693,.T.);
#8069=EDGE_CURVE('',#6197,#6203,#3694,.T.);
#8070=EDGE_CURVE('',#6204,#6212,#3695,.T.);
#8071=EDGE_CURVE('',#6207,#6213,#3696,.T.);
#8072=EDGE_CURVE('',#6214,#6222,#3697,.T.);
#8073=EDGE_CURVE('',#6217,#6223,#3698,.T.);
#8074=EDGE_CURVE('',#6224,#6232,#3699,.T.);
#8075=EDGE_CURVE('',#6227,#6233,#3700,.T.);
#8076=EDGE_CURVE('',#6234,#6242,#3701,.T.);
#8077=EDGE_CURVE('',#6237,#6243,#3702,.T.);
#8078=EDGE_CURVE('',#6244,#6252,#3703,.T.);
#8079=EDGE_CURVE('',#6247,#6253,#3704,.T.);
#8080=EDGE_CURVE('',#6254,#6262,#3705,.T.);
#8081=EDGE_CURVE('',#6257,#6263,#3706,.T.);
#8082=EDGE_CURVE('',#6264,#6272,#3707,.T.);
#8083=EDGE_CURVE('',#6267,#6273,#3708,.T.);
#8084=EDGE_CURVE('',#6274,#6282,#3709,.T.);
#8085=EDGE_CURVE('',#6277,#6283,#3710,.T.);
#8086=EDGE_CURVE('',#6284,#6292,#3711,.T.);
#8087=EDGE_CURVE('',#6287,#6293,#3712,.T.);
#8088=EDGE_CURVE('',#6294,#6302,#3713,.T.);
#8089=EDGE_CURVE('',#6297,#6303,#3714,.T.);
#8090=EDGE_CURVE('',#6304,#6312,#3715,.T.);
#8091=EDGE_CURVE('',#6307,#6313,#3716,.T.);
#8092=EDGE_CURVE('',#6314,#6322,#3717,.T.);
#8093=EDGE_CURVE('',#6317,#6323,#3718,.T.);
#8094=EDGE_CURVE('',#6071,#6084,#2508,.T.);
#8095=EDGE_CURVE('',#6073,#6085,#2509,.T.);
#8096=EDGE_CURVE('',#6324,#6325,#2510,.T.);
#8097=EDGE_CURVE('',#6324,#6326,#3719,.T.);
#8098=EDGE_CURVE('',#6326,#6327,#548,.T.);
#8099=EDGE_CURVE('',#6328,#6327,#3720,.T.);
#8100=EDGE_CURVE('',#6328,#6329,#549,.T.);
#8101=EDGE_CURVE('',#6329,#6330,#3721,.T.);
#8102=EDGE_CURVE('',#6330,#6331,#2511,.T.);
#8103=EDGE_CURVE('',#6332,#6331,#3722,.T.);
#8104=EDGE_CURVE('',#6332,#6333,#550,.T.);
#8105=EDGE_CURVE('',#6334,#6333,#3723,.T.);
#8106=EDGE_CURVE('',#6334,#6335,#551,.T.);
#8107=EDGE_CURVE('',#6325,#6335,#3724,.T.);
#8108=EDGE_CURVE('',#6336,#6337,#552,.T.);
#8109=EDGE_CURVE('',#6338,#6337,#3725,.T.);
#8110=EDGE_CURVE('',#6338,#6339,#553,.T.);
#8111=EDGE_CURVE('',#6340,#6339,#3726,.T.);
#8112=EDGE_CURVE('',#6340,#6341,#2512,.T.);
#8113=EDGE_CURVE('',#6341,#6342,#3727,.T.);
#8114=EDGE_CURVE('',#6342,#6343,#554,.T.);
#8115=EDGE_CURVE('',#6344,#6343,#3728,.T.);
#8116=EDGE_CURVE('',#6344,#6345,#555,.T.);
#8117=EDGE_CURVE('',#6345,#6346,#3729,.T.);
#8118=EDGE_CURVE('',#6347,#6346,#2513,.T.);
#8119=EDGE_CURVE('',#6336,#6347,#3730,.T.);
#8120=EDGE_CURVE('',#6348,#6349,#3731,.T.);
#8121=EDGE_CURVE('',#6348,#6350,#3732,.T.);
#8122=EDGE_CURVE('',#6350,#6351,#3733,.T.);
#8123=EDGE_CURVE('',#6351,#6349,#3734,.T.);
#8124=EDGE_CURVE('',#6352,#6353,#2514,.T.);
#8125=EDGE_CURVE('',#6353,#6354,#3735,.T.);
#8126=EDGE_CURVE('',#6354,#6355,#2515,.T.);
#8127=EDGE_CURVE('',#6352,#6355,#3736,.T.);
#8128=EDGE_CURVE('',#6356,#6357,#3737,.T.);
#8129=EDGE_CURVE('',#6356,#6358,#2516,.T.);
#8130=EDGE_CURVE('',#6358,#6359,#3738,.T.);
#8131=EDGE_CURVE('',#6359,#6357,#2517,.T.);
#8132=EDGE_CURVE('',#6360,#6361,#2518,.T.);
#8133=EDGE_CURVE('',#6361,#6362,#3739,.T.);
#8134=EDGE_CURVE('',#6362,#6363,#2519,.T.);
#8135=EDGE_CURVE('',#6360,#6363,#3740,.T.);
#8136=EDGE_CURVE('',#6364,#6365,#2520,.T.);
#8137=EDGE_CURVE('',#6366,#6365,#3741,.T.);
#8138=EDGE_CURVE('',#6366,#6367,#2521,.T.);
#8139=EDGE_CURVE('',#6367,#6364,#3742,.T.);
#8140=EDGE_CURVE('',#6368,#6369,#2522,.T.);
#8141=EDGE_CURVE('',#6369,#6370,#3743,.T.);
#8142=EDGE_CURVE('',#6370,#6371,#2523,.T.);
#8143=EDGE_CURVE('',#6368,#6371,#3744,.T.);
#8144=EDGE_CURVE('',#6372,#6373,#2524,.T.);
#8145=EDGE_CURVE('',#6374,#6373,#3745,.T.);
#8146=EDGE_CURVE('',#6374,#6375,#2525,.T.);
#8147=EDGE_CURVE('',#6375,#6372,#3746,.T.);
#8148=EDGE_CURVE('',#6376,#6377,#3747,.T.);
#8149=EDGE_CURVE('',#6377,#6378,#2526,.T.);
#8150=EDGE_CURVE('',#6379,#6378,#3748,.T.);
#8151=EDGE_CURVE('',#6379,#6376,#2527,.T.);
#8152=EDGE_CURVE('',#6380,#6381,#3749,.T.);
#8153=EDGE_CURVE('',#6380,#6382,#2528,.T.);
#8154=EDGE_CURVE('',#6382,#6383,#3750,.T.);
#8155=EDGE_CURVE('',#6383,#6381,#2529,.T.);
#8156=EDGE_CURVE('',#6384,#6385,#3751,.T.);
#8157=EDGE_CURVE('',#6384,#6386,#2530,.T.);
#8158=EDGE_CURVE('',#6386,#6387,#3752,.T.);
#8159=EDGE_CURVE('',#6387,#6385,#2531,.T.);
#8160=EDGE_CURVE('',#6388,#6389,#3753,.T.);
#8161=EDGE_CURVE('',#6388,#6390,#2532,.T.);
#8162=EDGE_CURVE('',#6390,#6391,#3754,.T.);
#8163=EDGE_CURVE('',#6391,#6389,#2533,.T.);
#8164=EDGE_CURVE('',#6392,#6393,#3755,.T.);
#8165=EDGE_CURVE('',#6392,#6394,#2534,.T.);
#8166=EDGE_CURVE('',#6394,#6395,#3756,.T.);
#8167=EDGE_CURVE('',#6395,#6393,#2535,.T.);
#8168=EDGE_CURVE('',#6396,#6397,#2536,.T.);
#8169=EDGE_CURVE('',#6397,#6398,#3757,.T.);
#8170=EDGE_CURVE('',#6398,#6399,#2537,.T.);
#8171=EDGE_CURVE('',#6396,#6399,#3758,.T.);
#8172=EDGE_CURVE('',#6400,#6401,#3759,.T.);
#8173=EDGE_CURVE('',#6401,#6402,#2538,.T.);
#8174=EDGE_CURVE('',#6403,#6402,#3760,.T.);
#8175=EDGE_CURVE('',#6403,#6400,#2539,.T.);
#8176=EDGE_CURVE('',#6404,#6405,#3761,.T.);
#8177=EDGE_CURVE('',#6404,#6406,#2540,.T.);
#8178=EDGE_CURVE('',#6406,#6407,#3762,.T.);
#8179=EDGE_CURVE('',#6407,#6405,#2541,.T.);
#8180=EDGE_CURVE('',#6408,#6409,#3763,.T.);
#8181=EDGE_CURVE('',#6409,#6410,#2542,.T.);
#8182=EDGE_CURVE('',#6410,#6411,#3764,.T.);
#8183=EDGE_CURVE('',#6411,#6412,#2543,.T.);
#8184=EDGE_CURVE('',#6412,#6413,#3765,.T.);
#8185=EDGE_CURVE('',#6414,#6413,#3766,.T.);
#8186=EDGE_CURVE('',#6415,#6414,#3767,.T.);
#8187=EDGE_CURVE('',#6415,#6416,#2544,.T.);
#8188=EDGE_CURVE('',#6417,#6416,#3768,.T.);
#8189=EDGE_CURVE('',#6417,#6418,#2545,.T.);
#8190=EDGE_CURVE('',#6419,#6418,#3769,.T.);
#8191=EDGE_CURVE('',#6419,#6420,#2546,.T.);
#8192=EDGE_CURVE('',#6421,#6420,#3770,.T.);
#8193=EDGE_CURVE('',#6421,#6422,#2547,.T.);
#8194=EDGE_CURVE('',#6423,#6422,#3771,.T.);
#8195=EDGE_CURVE('',#6423,#6424,#3772,.T.);
#8196=EDGE_CURVE('',#6424,#6425,#3773,.T.);
#8197=EDGE_CURVE('',#6425,#6426,#2548,.T.);
#8198=EDGE_CURVE('',#6426,#6427,#3774,.T.);
#8199=EDGE_CURVE('',#6427,#6408,#2549,.T.);
#8200=EDGE_CURVE('',#6428,#6429,#2550,.T.);
#8201=EDGE_CURVE('',#6429,#6430,#3775,.T.);
#8202=EDGE_CURVE('',#6430,#6431,#2551,.T.);
#8203=EDGE_CURVE('',#6428,#6431,#3776,.T.);
#8204=EDGE_CURVE('',#6432,#6433,#3777,.T.);
#8205=EDGE_CURVE('',#6432,#6434,#2552,.T.);
#8206=EDGE_CURVE('',#6434,#6435,#3778,.T.);
#8207=EDGE_CURVE('',#6435,#6433,#2553,.T.);
#8208=EDGE_CURVE('',#6436,#6437,#2554,.T.);
#8209=EDGE_CURVE('',#6437,#6438,#3779,.T.);
#8210=EDGE_CURVE('',#6438,#6439,#2555,.T.);
#8211=EDGE_CURVE('',#6436,#6439,#3780,.T.);
#8212=EDGE_CURVE('',#6440,#6441,#3781,.T.);
#8213=EDGE_CURVE('',#6440,#6442,#2556,.T.);
#8214=EDGE_CURVE('',#6442,#6443,#3782,.T.);
#8215=EDGE_CURVE('',#6443,#6441,#2557,.T.);
#8216=EDGE_CURVE('',#6444,#6445,#3783,.T.);
#8217=EDGE_CURVE('',#6444,#6446,#2558,.T.);
#8218=EDGE_CURVE('',#6446,#6447,#3784,.T.);
#8219=EDGE_CURVE('',#6447,#6445,#2559,.T.);
#8220=EDGE_CURVE('',#6448,#6449,#3785,.T.);
#8221=EDGE_CURVE('',#6448,#6450,#2560,.T.);
#8222=EDGE_CURVE('',#6450,#6451,#3786,.T.);
#8223=EDGE_CURVE('',#6451,#6449,#2561,.T.);
#8224=EDGE_CURVE('',#6452,#6453,#2562,.T.);
#8225=EDGE_CURVE('',#6453,#6454,#3787,.T.);
#8226=EDGE_CURVE('',#6454,#6455,#2563,.T.);
#8227=EDGE_CURVE('',#6452,#6455,#3788,.T.);
#8228=EDGE_CURVE('',#6456,#6457,#3789,.T.);
#8229=EDGE_CURVE('',#6456,#6458,#2564,.T.);
#8230=EDGE_CURVE('',#6458,#6459,#3790,.T.);
#8231=EDGE_CURVE('',#6459,#6457,#2565,.T.);
#8232=EDGE_CURVE('',#6460,#6461,#3791,.T.);
#8233=EDGE_CURVE('',#6460,#6462,#2566,.T.);
#8234=EDGE_CURVE('',#6462,#6463,#3792,.T.);
#8235=EDGE_CURVE('',#6463,#6461,#2567,.T.);
#8236=EDGE_CURVE('',#6464,#6465,#3793,.T.);
#8237=EDGE_CURVE('',#6464,#6466,#2568,.T.);
#8238=EDGE_CURVE('',#6466,#6467,#3794,.T.);
#8239=EDGE_CURVE('',#6467,#6465,#2569,.T.);
#8240=EDGE_CURVE('',#6468,#6469,#3795,.T.);
#8241=EDGE_CURVE('',#6468,#6470,#556,.T.);
#8242=EDGE_CURVE('',#6471,#6470,#3796,.T.);
#8243=EDGE_CURVE('',#6423,#6471,#2570,.T.);
#8244=EDGE_CURVE('',#6422,#6472,#557,.T.);
#8245=EDGE_CURVE('',#6473,#6472,#3797,.T.);
#8246=EDGE_CURVE('',#6473,#6419,#558,.T.);
#8247=EDGE_CURVE('',#6418,#6474,#559,.T.);
#8248=EDGE_CURVE('',#6475,#6474,#3798,.T.);
#8249=EDGE_CURVE('',#6475,#6415,#560,.T.);
#8250=EDGE_CURVE('',#6414,#6476,#2571,.T.);
#8251=EDGE_CURVE('',#6477,#6476,#3799,.T.);
#8252=EDGE_CURVE('',#6477,#6478,#561,.T.);
#8253=EDGE_CURVE('',#6479,#6478,#3800,.T.);
#8254=EDGE_CURVE('',#6479,#6480,#562,.T.);
#8255=EDGE_CURVE('',#6481,#6480,#3801,.T.);
#8256=EDGE_CURVE('',#6481,#6469,#563,.T.);
#8257=EDGE_CURVE('',#6482,#6483,#3802,.T.);
#8258=EDGE_CURVE('',#6482,#6481,#2572,.T.);
#8259=EDGE_CURVE('',#6480,#6483,#2573,.T.);
#8260=EDGE_CURVE('',#6484,#6485,#3803,.T.);
#8261=EDGE_CURVE('',#6484,#6477,#2574,.T.);
#8262=EDGE_CURVE('',#6476,#6485,#3804,.T.);
#8263=EDGE_CURVE('',#6482,#6486,#3805,.T.);
#8264=EDGE_CURVE('',#6483,#6487,#3806,.T.);
#8265=EDGE_CURVE('',#6486,#6487,#3807,.T.);
#8266=EDGE_CURVE('',#6484,#6488,#3808,.T.);
#8267=EDGE_CURVE('',#6485,#6489,#3809,.T.);
#8268=EDGE_CURVE('',#6488,#6489,#3810,.T.);
#8269=EDGE_CURVE('',#6490,#6491,#3811,.T.);
#8270=EDGE_CURVE('',#6491,#6492,#2575,.T.);
#8271=EDGE_CURVE('',#6492,#6493,#3812,.T.);
#8272=EDGE_CURVE('',#6493,#6486,#2576,.T.);
#8273=EDGE_CURVE('',#6487,#6494,#2577,.T.);
#8274=EDGE_CURVE('',#6494,#6495,#3813,.T.);
#8275=EDGE_CURVE('',#6495,#6488,#2578,.T.);
#8276=EDGE_CURVE('',#6496,#6489,#3814,.T.);
#8277=EDGE_CURVE('',#6497,#6496,#3815,.T.);
#8278=EDGE_CURVE('',#6497,#6490,#3816,.T.);
#8279=EDGE_CURVE('',#6498,#6499,#3817,.T.);
#8280=EDGE_CURVE('',#6498,#6500,#2579,.T.);
#8281=EDGE_CURVE('',#6500,#6501,#3818,.T.);
#8282=EDGE_CURVE('',#6501,#6502,#2580,.T.);
#8283=EDGE_CURVE('',#6503,#6502,#3819,.T.);
#8284=EDGE_CURVE('',#6503,#6504,#2581,.T.);
#8285=EDGE_CURVE('',#6504,#6505,#3820,.T.);
#8286=EDGE_CURVE('',#6505,#6506,#2582,.T.);
#8287=EDGE_CURVE('',#6507,#6506,#3821,.T.);
#8288=EDGE_CURVE('',#6508,#6507,#3822,.T.);
#8289=EDGE_CURVE('',#6508,#6509,#3823,.T.);
#8290=EDGE_CURVE('',#6509,#6499,#3824,.T.);
#8291=EDGE_CURVE('',#6510,#6511,#3825,.T.);
#8292=EDGE_CURVE('',#6510,#6498,#3826,.T.);
#8293=EDGE_CURVE('',#6511,#6499,#3827,.T.);
#8294=EDGE_CURVE('',#6512,#6502,#3828,.T.);
#8295=EDGE_CURVE('',#6513,#6512,#3829,.T.);
#8296=EDGE_CURVE('',#6513,#6503,#3830,.T.);
#8297=EDGE_CURVE('',#6514,#6515,#3831,.T.);
#8298=EDGE_CURVE('',#6514,#6510,#2583,.T.);
#8299=EDGE_CURVE('',#6515,#6511,#3832,.T.);
#8300=EDGE_CURVE('',#6512,#6516,#2584,.T.);
#8301=EDGE_CURVE('',#6517,#6516,#3833,.T.);
#8302=EDGE_CURVE('',#6517,#6513,#2585,.T.);
#8303=EDGE_CURVE('',#6412,#6518,#564,.T.);
#8304=EDGE_CURVE('',#6519,#6518,#3834,.T.);
#8305=EDGE_CURVE('',#6519,#6409,#565,.T.);
#8306=EDGE_CURVE('',#6408,#6520,#566,.T.);
#8307=EDGE_CURVE('',#6521,#6520,#3835,.T.);
#8308=EDGE_CURVE('',#6521,#6425,#567,.T.);
#8309=EDGE_CURVE('',#6424,#6522,#2586,.T.);
#8310=EDGE_CURVE('',#6522,#6523,#3836,.T.);
#8311=EDGE_CURVE('',#6523,#6524,#568,.T.);
#8312=EDGE_CURVE('',#6525,#6524,#3837,.T.);
#8313=EDGE_CURVE('',#6525,#6517,#569,.T.);
#8314=EDGE_CURVE('',#6516,#6526,#570,.T.);
#8315=EDGE_CURVE('',#6527,#6526,#3838,.T.);
#8316=EDGE_CURVE('',#6527,#6514,#571,.T.);
#8317=EDGE_CURVE('',#6413,#6515,#2587,.T.);
#8318=EDGE_CURVE('',#6528,#6529,#3839,.T.);
#8319=EDGE_CURVE('',#6529,#6530,#3840,.T.);
#8320=EDGE_CURVE('',#6531,#6530,#3841,.T.);
#8321=EDGE_CURVE('',#6531,#6528,#3842,.T.);
#8322=EDGE_CURVE('',#6530,#6342,#2588,.T.);
#8323=EDGE_CURVE('',#6341,#6531,#3843,.T.);
#8324=EDGE_CURVE('',#6532,#6533,#3844,.T.);
#8325=EDGE_CURVE('',#6532,#6326,#2589,.T.);
#8326=EDGE_CURVE('',#6340,#6324,#3845,.T.);
#8327=EDGE_CURVE('',#6339,#6533,#2590,.T.);
#8328=EDGE_CURVE('',#6335,#6534,#2591,.T.);
#8329=EDGE_CURVE('',#6535,#6534,#3846,.T.);
#8330=EDGE_CURVE('',#6325,#6535,#3847,.T.);
#8331=EDGE_CURVE('',#6536,#6534,#3848,.T.);
#8332=EDGE_CURVE('',#6537,#6536,#3849,.T.);
#8333=EDGE_CURVE('',#6535,#6537,#3850,.T.);
#8334=EDGE_CURVE('',#6538,#6539,#3851,.T.);
#8335=EDGE_CURVE('',#6538,#6540,#3852,.T.);
#8336=EDGE_CURVE('',#6540,#6541,#3853,.T.);
#8337=EDGE_CURVE('',#6541,#6539,#3854,.T.);
#8338=EDGE_CURVE('',#6542,#6543,#3855,.T.);
#8339=EDGE_CURVE('',#6543,#6544,#3856,.T.);
#8340=EDGE_CURVE('',#6545,#6544,#3857,.T.);
#8341=EDGE_CURVE('',#6545,#6542,#3858,.T.);
#8342=EDGE_CURVE('',#6470,#6546,#2592,.T.);
#8343=EDGE_CURVE('',#6547,#6546,#3859,.T.);
#8344=EDGE_CURVE('',#6471,#6547,#3860,.T.);
#8345=EDGE_CURVE('',#6546,#6491,#3861,.T.);
#8346=EDGE_CURVE('',#6547,#6490,#3862,.T.);
#8347=EDGE_CURVE('',#6548,#6496,#3863,.T.);
#8348=EDGE_CURVE('',#6549,#6548,#3864,.T.);
#8349=EDGE_CURVE('',#6549,#6497,#3865,.T.);
#8350=EDGE_CURVE('',#6550,#6551,#3866,.T.);
#8351=EDGE_CURVE('',#6550,#6552,#2593,.T.);
#8352=EDGE_CURVE('',#6552,#6553,#3867,.T.);
#8353=EDGE_CURVE('',#6553,#6529,#2594,.T.);
#8354=EDGE_CURVE('',#6549,#6528,#3868,.T.);
#8355=EDGE_CURVE('',#6548,#6551,#3869,.T.);
#8356=EDGE_CURVE('',#6550,#6554,#3870,.T.);
#8357=EDGE_CURVE('',#6555,#6551,#3871,.T.);
#8358=EDGE_CURVE('',#6554,#6555,#3872,.T.);
#8359=EDGE_CURVE('',#6345,#6554,#2595,.T.);
#8360=EDGE_CURVE('',#6346,#6555,#3873,.T.);
#8361=EDGE_CURVE('',#6329,#6556,#2596,.T.);
#8362=EDGE_CURVE('',#6556,#6557,#3874,.T.);
#8363=EDGE_CURVE('',#6557,#6336,#2597,.T.);
#8364=EDGE_CURVE('',#6347,#6330,#3875,.T.);
#8365=EDGE_CURVE('',#6558,#6559,#3876,.T.);
#8366=EDGE_CURVE('',#6558,#6332,#2598,.T.);
#8367=EDGE_CURVE('',#6331,#6559,#3877,.T.);
#8368=EDGE_CURVE('',#6560,#6561,#3878,.T.);
#8369=EDGE_CURVE('',#6560,#6558,#3879,.T.);
#8370=EDGE_CURVE('',#6559,#6561,#3880,.T.);
#8371=EDGE_CURVE('',#6562,#6563,#3881,.T.);
#8372=EDGE_CURVE('',#6563,#6560,#2599,.T.);
#8373=EDGE_CURVE('',#6564,#6561,#3882,.T.);
#8374=EDGE_CURVE('',#6565,#6564,#3883,.T.);
#8375=EDGE_CURVE('',#6565,#6537,#3884,.T.);
#8376=EDGE_CURVE('',#6536,#6562,#2600,.T.);
#8377=EDGE_CURVE('',#6564,#6509,#3885,.T.);
#8378=EDGE_CURVE('',#6565,#6508,#3886,.T.);
#8379=EDGE_CURVE('',#6566,#6506,#3887,.T.);
#8380=EDGE_CURVE('',#6567,#6566,#3888,.T.);
#8381=EDGE_CURVE('',#6567,#6507,#3889,.T.);
#8382=EDGE_CURVE('',#6566,#6523,#2601,.T.);
#8383=EDGE_CURVE('',#6522,#6567,#3890,.T.);
#8384=EDGE_CURVE('',#6568,#6569,#3891,.T.);
#8385=EDGE_CURVE('',#6568,#6570,#3892,.T.);
#8386=EDGE_CURVE('',#6570,#6571,#3893,.T.);
#8387=EDGE_CURVE('',#6571,#6569,#3894,.T.);
#8388=EDGE_CURVE('',#6572,#6573,#3895,.T.);
#8389=EDGE_CURVE('',#6574,#6573,#2602,.T.);
#8390=EDGE_CURVE('',#6575,#6574,#3896,.T.);
#8391=EDGE_CURVE('',#6576,#6575,#2603,.T.);
#8392=EDGE_CURVE('',#6577,#6576,#3897,.T.);
#8393=EDGE_CURVE('',#6578,#6577,#2604,.T.);
#8394=EDGE_CURVE('',#6579,#6578,#3898,.T.);
#8395=EDGE_CURVE('',#6572,#6579,#2605,.T.);
#8396=EDGE_CURVE('',#6570,#6538,#2606,.T.);
#8397=EDGE_CURVE('',#6539,#6348,#2607,.T.);
#8398=EDGE_CURVE('',#6349,#6543,#2608,.T.);
#8399=EDGE_CURVE('',#6542,#6571,#2609,.T.);
#8400=EDGE_CURVE('',#6540,#6568,#2610,.T.);
#8401=EDGE_CURVE('',#6569,#6545,#2611,.T.);
#8402=EDGE_CURVE('',#6544,#6351,#2612,.T.);
#8403=EDGE_CURVE('',#6350,#6541,#2613,.T.);
#8404=EDGE_CURVE('',#6337,#6580,#3899,.T.);
#8405=EDGE_CURVE('',#6581,#6580,#3900,.T.);
#8406=EDGE_CURVE('',#6581,#6577,#3901,.T.);
#8407=EDGE_CURVE('',#6582,#6576,#3902,.T.);
#8408=EDGE_CURVE('',#6583,#6582,#3903,.T.);
#8409=EDGE_CURVE('',#6583,#6338,#3904,.T.);
#8410=EDGE_CURVE('',#6584,#6585,#3905,.T.);
#8411=EDGE_CURVE('',#6584,#6532,#3906,.T.);
#8412=EDGE_CURVE('',#6533,#6585,#3907,.T.);
#8413=EDGE_CURVE('',#6327,#6586,#3908,.T.);
#8414=EDGE_CURVE('',#6587,#6586,#3909,.T.);
#8415=EDGE_CURVE('',#6587,#6573,#3910,.T.);
#8416=EDGE_CURVE('',#6588,#6572,#3911,.T.);
#8417=EDGE_CURVE('',#6589,#6588,#3912,.T.);
#8418=EDGE_CURVE('',#6589,#6328,#3913,.T.);
#8419=EDGE_CURVE('',#6556,#6590,#3914,.T.);
#8420=EDGE_CURVE('',#6590,#6591,#3915,.T.);
#8421=EDGE_CURVE('',#6591,#6557,#3916,.T.);
#8422=EDGE_CURVE('',#6333,#6563,#3917,.T.);
#8423=EDGE_CURVE('',#6562,#6334,#3918,.T.);
#8424=EDGE_CURVE('',#6552,#6344,#3919,.T.);
#8425=EDGE_CURVE('',#6343,#6553,#3920,.T.);
#8426=EDGE_CURVE('',#6589,#6590,#2614,.T.);
#8427=EDGE_CURVE('',#6591,#6580,#2615,.T.);
#8428=EDGE_CURVE('',#6584,#6586,#2616,.T.);
#8429=EDGE_CURVE('',#6583,#6585,#2617,.T.);
#8430=EDGE_CURVE('',#6504,#6525,#3921,.T.);
#8431=EDGE_CURVE('',#6524,#6505,#3922,.T.);
#8432=EDGE_CURVE('',#6520,#6404,#3923,.T.);
#8433=EDGE_CURVE('',#6405,#6521,#3924,.T.);
#8434=EDGE_CURVE('',#6406,#6427,#3925,.T.);
#8435=EDGE_CURVE('',#6426,#6407,#3926,.T.);
#8436=EDGE_CURVE('',#6500,#6527,#3927,.T.);
#8437=EDGE_CURVE('',#6526,#6501,#3928,.T.);
#8438=EDGE_CURVE('',#6518,#6368,#3929,.T.);
#8439=EDGE_CURVE('',#6371,#6519,#3930,.T.);
#8440=EDGE_CURVE('',#6369,#6411,#3931,.T.);
#8441=EDGE_CURVE('',#6410,#6370,#3932,.T.);
#8442=EDGE_CURVE('',#6478,#6495,#3933,.T.);
#8443=EDGE_CURVE('',#6494,#6479,#3934,.T.);
#8444=EDGE_CURVE('',#6492,#6468,#3935,.T.);
#8445=EDGE_CURVE('',#6469,#6493,#3936,.T.);
#8446=EDGE_CURVE('',#6400,#6475,#3937,.T.);
#8447=EDGE_CURVE('',#6474,#6401,#3938,.T.);
#8448=EDGE_CURVE('',#6416,#6403,#3939,.T.);
#8449=EDGE_CURVE('',#6402,#6417,#3940,.T.);
#8450=EDGE_CURVE('',#6472,#6398,#3941,.T.);
#8451=EDGE_CURVE('',#6397,#6473,#3942,.T.);
#8452=EDGE_CURVE('',#6399,#6421,#3943,.T.);
#8453=EDGE_CURVE('',#6420,#6396,#3944,.T.);
#8454=EDGE_CURVE('',#6353,#6451,#3945,.T.);
#8455=EDGE_CURVE('',#6450,#6354,#3946,.T.);
#8456=EDGE_CURVE('',#6449,#6352,#3947,.T.);
#8457=EDGE_CURVE('',#6355,#6448,#3948,.T.);
#8458=EDGE_CURVE('',#6358,#6454,#3949,.T.);
#8459=EDGE_CURVE('',#6453,#6359,#3950,.T.);
#8460=EDGE_CURVE('',#6455,#6356,#3951,.T.);
#8461=EDGE_CURVE('',#6357,#6452,#3952,.T.);
#8462=EDGE_CURVE('',#6394,#6459,#3953,.T.);
#8463=EDGE_CURVE('',#6458,#6395,#3954,.T.);
#8464=EDGE_CURVE('',#6457,#6392,#3955,.T.);
#8465=EDGE_CURVE('',#6393,#6456,#3956,.T.);
#8466=EDGE_CURVE('',#6462,#6362,#3957,.T.);
#8467=EDGE_CURVE('',#6361,#6463,#3958,.T.);
#8468=EDGE_CURVE('',#6363,#6460,#3959,.T.);
#8469=EDGE_CURVE('',#6461,#6360,#3960,.T.);
#8470=EDGE_CURVE('',#6390,#6467,#3961,.T.);
#8471=EDGE_CURVE('',#6466,#6391,#3962,.T.);
#8472=EDGE_CURVE('',#6465,#6388,#3963,.T.);
#8473=EDGE_CURVE('',#6389,#6464,#3964,.T.);
#8474=EDGE_CURVE('',#6445,#6366,#3965,.T.);
#8475=EDGE_CURVE('',#6365,#6444,#3966,.T.);
#8476=EDGE_CURVE('',#6367,#6447,#3967,.T.);
#8477=EDGE_CURVE('',#6446,#6364,#3968,.T.);
#8478=EDGE_CURVE('',#6386,#6430,#3969,.T.);
#8479=EDGE_CURVE('',#6429,#6387,#3970,.T.);
#8480=EDGE_CURVE('',#6431,#6384,#3971,.T.);
#8481=EDGE_CURVE('',#6385,#6428,#3972,.T.);
#8482=EDGE_CURVE('',#6441,#6374,#3973,.T.);
#8483=EDGE_CURVE('',#6373,#6440,#3974,.T.);
#8484=EDGE_CURVE('',#6375,#6443,#3975,.T.);
#8485=EDGE_CURVE('',#6442,#6372,#3976,.T.);
#8486=EDGE_CURVE('',#6378,#6436,#3977,.T.);
#8487=EDGE_CURVE('',#6439,#6379,#3978,.T.);
#8488=EDGE_CURVE('',#6437,#6377,#3979,.T.);
#8489=EDGE_CURVE('',#6376,#6438,#3980,.T.);
#8490=EDGE_CURVE('',#6382,#6435,#3981,.T.);
#8491=EDGE_CURVE('',#6434,#6383,#3982,.T.);
#8492=EDGE_CURVE('',#6381,#6432,#3983,.T.);
#8493=EDGE_CURVE('',#6433,#6380,#3984,.T.);
#8494=EDGE_CURVE('',#6582,#6592,#2618,.T.);
#8495=EDGE_CURVE('',#6592,#6593,#3985,.T.);
#8496=EDGE_CURVE('',#6593,#6587,#2619,.T.);
#8497=EDGE_CURVE('',#6592,#6575,#3986,.T.);
#8498=EDGE_CURVE('',#6593,#6574,#3987,.T.);
#8499=EDGE_CURVE('',#6588,#6594,#2620,.T.);
#8500=EDGE_CURVE('',#6594,#6595,#3988,.T.);
#8501=EDGE_CURVE('',#6595,#6581,#2621,.T.);
#8502=EDGE_CURVE('',#6594,#6579,#3989,.T.);
#8503=EDGE_CURVE('',#6595,#6578,#3990,.T.);
#8504=ORIENTED_EDGE('',*,*,#6596,.F.);
#8505=ORIENTED_EDGE('',*,*,#6597,.F.);
#8506=ORIENTED_EDGE('',*,*,#6598,.F.);
#8507=ORIENTED_EDGE('',*,*,#6599,.F.);
#8508=ORIENTED_EDGE('',*,*,#6600,.F.);
#8509=ORIENTED_EDGE('',*,*,#6601,.F.);
#8510=ORIENTED_EDGE('',*,*,#6602,.T.);
#8511=ORIENTED_EDGE('',*,*,#6603,.F.);
#8512=ORIENTED_EDGE('',*,*,#6602,.F.);
#8513=ORIENTED_EDGE('',*,*,#6604,.F.);
#8514=ORIENTED_EDGE('',*,*,#6605,.F.);
#8515=ORIENTED_EDGE('',*,*,#6606,.T.);
#8516=ORIENTED_EDGE('',*,*,#6607,.F.);
#8517=ORIENTED_EDGE('',*,*,#6606,.F.);
#8518=ORIENTED_EDGE('',*,*,#6608,.F.);
#8519=ORIENTED_EDGE('',*,*,#6609,.F.);
#8520=ORIENTED_EDGE('',*,*,#6610,.T.);
#8521=ORIENTED_EDGE('',*,*,#6611,.F.);
#8522=ORIENTED_EDGE('',*,*,#6612,.F.);
#8523=ORIENTED_EDGE('',*,*,#6613,.F.);
#8524=ORIENTED_EDGE('',*,*,#6614,.F.);
#8525=ORIENTED_EDGE('',*,*,#6610,.F.);
#8526=ORIENTED_EDGE('',*,*,#6615,.F.);
#8527=ORIENTED_EDGE('',*,*,#6616,.F.);
#8528=ORIENTED_EDGE('',*,*,#6617,.T.);
#8529=ORIENTED_EDGE('',*,*,#6618,.F.);
#8530=ORIENTED_EDGE('',*,*,#6619,.F.);
#8531=ORIENTED_EDGE('',*,*,#6620,.F.);
#8532=ORIENTED_EDGE('',*,*,#6621,.F.);
#8533=ORIENTED_EDGE('',*,*,#6617,.F.);
#8534=ORIENTED_EDGE('',*,*,#6622,.T.);
#8535=ORIENTED_EDGE('',*,*,#6623,.T.);
#8536=ORIENTED_EDGE('',*,*,#6624,.F.);
#8537=ORIENTED_EDGE('',*,*,#6623,.F.);
#8538=ORIENTED_EDGE('',*,*,#6625,.T.);
#8539=ORIENTED_EDGE('',*,*,#6626,.T.);
#8540=ORIENTED_EDGE('',*,*,#6627,.F.);
#8541=ORIENTED_EDGE('',*,*,#6626,.F.);
#8542=ORIENTED_EDGE('',*,*,#6608,.T.);
#8543=ORIENTED_EDGE('',*,*,#6609,.T.);
#8544=ORIENTED_EDGE('',*,*,#6628,.T.);
#8545=ORIENTED_EDGE('',*,*,#6629,.F.);
#8546=ORIENTED_EDGE('',*,*,#6628,.F.);
#8547=ORIENTED_EDGE('',*,*,#6604,.T.);
#8548=ORIENTED_EDGE('',*,*,#6605,.T.);
#8549=ORIENTED_EDGE('',*,*,#6630,.T.);
#8550=ORIENTED_EDGE('',*,*,#6631,.F.);
#8551=ORIENTED_EDGE('',*,*,#6630,.F.);
#8552=ORIENTED_EDGE('',*,*,#6600,.T.);
#8553=ORIENTED_EDGE('',*,*,#6601,.T.);
#8554=ORIENTED_EDGE('',*,*,#6632,.T.);
#8555=ORIENTED_EDGE('',*,*,#6633,.F.);
#8556=ORIENTED_EDGE('',*,*,#6632,.F.);
#8557=ORIENTED_EDGE('',*,*,#6615,.T.);
#8558=ORIENTED_EDGE('',*,*,#6616,.T.);
#8559=ORIENTED_EDGE('',*,*,#6634,.T.);
#8560=ORIENTED_EDGE('',*,*,#6635,.F.);
#8561=ORIENTED_EDGE('',*,*,#6634,.F.);
#8562=ORIENTED_EDGE('',*,*,#6636,.T.);
#8563=ORIENTED_EDGE('',*,*,#6637,.T.);
#8564=ORIENTED_EDGE('',*,*,#6638,.T.);
#8565=ORIENTED_EDGE('',*,*,#6639,.T.);
#8566=ORIENTED_EDGE('',*,*,#6640,.T.);
#8567=ORIENTED_EDGE('',*,*,#6641,.T.);
#8568=ORIENTED_EDGE('',*,*,#6642,.T.);
#8569=ORIENTED_EDGE('',*,*,#6643,.T.);
#8570=ORIENTED_EDGE('',*,*,#6644,.F.);
#8571=ORIENTED_EDGE('',*,*,#6645,.T.);
#8572=ORIENTED_EDGE('',*,*,#6646,.T.);
#8573=ORIENTED_EDGE('',*,*,#6598,.T.);
#8574=ORIENTED_EDGE('',*,*,#6647,.F.);
#8575=ORIENTED_EDGE('',*,*,#6648,.T.);
#8576=ORIENTED_EDGE('',*,*,#6649,.T.);
#8577=ORIENTED_EDGE('',*,*,#6650,.T.);
#8578=ORIENTED_EDGE('',*,*,#6651,.T.);
#8579=ORIENTED_EDGE('',*,*,#6652,.T.);
#8580=ORIENTED_EDGE('',*,*,#6653,.T.);
#8581=ORIENTED_EDGE('',*,*,#6654,.T.);
#8582=ORIENTED_EDGE('',*,*,#6655,.F.);
#8583=ORIENTED_EDGE('',*,*,#6656,.T.);
#8584=ORIENTED_EDGE('',*,*,#6657,.T.);
#8585=ORIENTED_EDGE('',*,*,#6658,.T.);
#8586=ORIENTED_EDGE('',*,*,#6659,.T.);
#8587=ORIENTED_EDGE('',*,*,#6660,.T.);
#8588=ORIENTED_EDGE('',*,*,#6661,.T.);
#8589=ORIENTED_EDGE('',*,*,#6662,.T.);
#8590=ORIENTED_EDGE('',*,*,#6663,.T.);
#8591=ORIENTED_EDGE('',*,*,#6664,.T.);
#8592=ORIENTED_EDGE('',*,*,#6665,.T.);
#8593=ORIENTED_EDGE('',*,*,#6666,.T.);
#8594=ORIENTED_EDGE('',*,*,#6667,.T.);
#8595=ORIENTED_EDGE('',*,*,#6668,.T.);
#8596=ORIENTED_EDGE('',*,*,#6669,.T.);
#8597=ORIENTED_EDGE('',*,*,#6670,.T.);
#8598=ORIENTED_EDGE('',*,*,#6671,.T.);
#8599=ORIENTED_EDGE('',*,*,#6672,.T.);
#8600=ORIENTED_EDGE('',*,*,#6673,.T.);
#8601=ORIENTED_EDGE('',*,*,#6674,.T.);
#8602=ORIENTED_EDGE('',*,*,#6675,.T.);
#8603=ORIENTED_EDGE('',*,*,#6676,.T.);
#8604=ORIENTED_EDGE('',*,*,#6677,.T.);
#8605=ORIENTED_EDGE('',*,*,#6678,.T.);
#8606=ORIENTED_EDGE('',*,*,#6679,.T.);
#8607=ORIENTED_EDGE('',*,*,#6680,.T.);
#8608=ORIENTED_EDGE('',*,*,#6681,.T.);
#8609=ORIENTED_EDGE('',*,*,#6682,.T.);
#8610=ORIENTED_EDGE('',*,*,#6683,.T.);
#8611=ORIENTED_EDGE('',*,*,#6684,.T.);
#8612=ORIENTED_EDGE('',*,*,#6685,.T.);
#8613=ORIENTED_EDGE('',*,*,#6686,.T.);
#8614=ORIENTED_EDGE('',*,*,#6687,.T.);
#8615=ORIENTED_EDGE('',*,*,#6688,.T.);
#8616=ORIENTED_EDGE('',*,*,#6689,.T.);
#8617=ORIENTED_EDGE('',*,*,#6690,.T.);
#8618=ORIENTED_EDGE('',*,*,#6622,.F.);
#8619=ORIENTED_EDGE('',*,*,#6629,.T.);
#8620=ORIENTED_EDGE('',*,*,#6631,.T.);
#8621=ORIENTED_EDGE('',*,*,#6633,.T.);
#8622=ORIENTED_EDGE('',*,*,#6635,.T.);
#8623=ORIENTED_EDGE('',*,*,#6691,.T.);
#8624=ORIENTED_EDGE('',*,*,#6692,.T.);
#8625=ORIENTED_EDGE('',*,*,#6693,.T.);
#8626=ORIENTED_EDGE('',*,*,#6694,.T.);
#8627=ORIENTED_EDGE('',*,*,#6695,.T.);
#8628=ORIENTED_EDGE('',*,*,#6696,.T.);
#8629=ORIENTED_EDGE('',*,*,#6697,.T.);
#8630=ORIENTED_EDGE('',*,*,#6698,.T.);
#8631=ORIENTED_EDGE('',*,*,#6607,.T.);
#8632=ORIENTED_EDGE('',*,*,#6603,.T.);
#8633=ORIENTED_EDGE('',*,*,#6699,.T.);
#8634=ORIENTED_EDGE('',*,*,#6618,.T.);
#8635=ORIENTED_EDGE('',*,*,#6621,.T.);
#8636=ORIENTED_EDGE('',*,*,#6700,.T.);
#8637=ORIENTED_EDGE('',*,*,#6701,.T.);
#8638=ORIENTED_EDGE('',*,*,#6702,.T.);
#8639=ORIENTED_EDGE('',*,*,#6611,.T.);
#8640=ORIENTED_EDGE('',*,*,#6614,.T.);
#8641=ORIENTED_EDGE('',*,*,#6703,.T.);
#8642=ORIENTED_EDGE('',*,*,#6704,.T.);
#8643=ORIENTED_EDGE('',*,*,#6705,.T.);
#8644=ORIENTED_EDGE('',*,*,#6706,.T.);
#8645=ORIENTED_EDGE('',*,*,#6707,.T.);
#8646=ORIENTED_EDGE('',*,*,#6708,.T.);
#8647=ORIENTED_EDGE('',*,*,#6709,.T.);
#8648=ORIENTED_EDGE('',*,*,#6710,.T.);
#8649=ORIENTED_EDGE('',*,*,#6711,.T.);
#8650=ORIENTED_EDGE('',*,*,#6712,.T.);
#8651=ORIENTED_EDGE('',*,*,#6713,.T.);
#8652=ORIENTED_EDGE('',*,*,#6714,.T.);
#8653=ORIENTED_EDGE('',*,*,#6715,.T.);
#8654=ORIENTED_EDGE('',*,*,#6716,.T.);
#8655=ORIENTED_EDGE('',*,*,#6717,.T.);
#8656=ORIENTED_EDGE('',*,*,#6718,.T.);
#8657=ORIENTED_EDGE('',*,*,#6719,.T.);
#8658=ORIENTED_EDGE('',*,*,#6720,.T.);
#8659=ORIENTED_EDGE('',*,*,#6721,.T.);
#8660=ORIENTED_EDGE('',*,*,#6722,.T.);
#8661=ORIENTED_EDGE('',*,*,#6723,.T.);
#8662=ORIENTED_EDGE('',*,*,#6724,.T.);
#8663=ORIENTED_EDGE('',*,*,#6725,.T.);
#8664=ORIENTED_EDGE('',*,*,#6726,.T.);
#8665=ORIENTED_EDGE('',*,*,#6727,.T.);
#8666=ORIENTED_EDGE('',*,*,#6728,.T.);
#8667=ORIENTED_EDGE('',*,*,#6729,.T.);
#8668=ORIENTED_EDGE('',*,*,#6730,.T.);
#8669=ORIENTED_EDGE('',*,*,#6731,.T.);
#8670=ORIENTED_EDGE('',*,*,#6732,.T.);
#8671=ORIENTED_EDGE('',*,*,#6733,.T.);
#8672=ORIENTED_EDGE('',*,*,#6734,.T.);
#8673=ORIENTED_EDGE('',*,*,#6735,.T.);
#8674=ORIENTED_EDGE('',*,*,#6736,.T.);
#8675=ORIENTED_EDGE('',*,*,#6737,.F.);
#8676=ORIENTED_EDGE('',*,*,#6738,.T.);
#8677=ORIENTED_EDGE('',*,*,#6739,.F.);
#8678=ORIENTED_EDGE('',*,*,#6740,.T.);
#8679=ORIENTED_EDGE('',*,*,#6741,.F.);
#8680=ORIENTED_EDGE('',*,*,#6742,.T.);
#8681=ORIENTED_EDGE('',*,*,#6743,.F.);
#8682=ORIENTED_EDGE('',*,*,#6744,.F.);
#8683=ORIENTED_EDGE('',*,*,#6745,.T.);
#8684=ORIENTED_EDGE('',*,*,#6746,.T.);
#8685=ORIENTED_EDGE('',*,*,#6747,.T.);
#8686=ORIENTED_EDGE('',*,*,#6748,.T.);
#8687=ORIENTED_EDGE('',*,*,#6749,.T.);
#8688=ORIENTED_EDGE('',*,*,#6750,.T.);
#8689=ORIENTED_EDGE('',*,*,#6751,.T.);
#8690=ORIENTED_EDGE('',*,*,#6752,.T.);
#8691=ORIENTED_EDGE('',*,*,#6753,.T.);
#8692=ORIENTED_EDGE('',*,*,#6754,.T.);
#8693=ORIENTED_EDGE('',*,*,#6755,.T.);
#8694=ORIENTED_EDGE('',*,*,#6756,.T.);
#8695=ORIENTED_EDGE('',*,*,#6757,.T.);
#8696=ORIENTED_EDGE('',*,*,#6758,.T.);
#8697=ORIENTED_EDGE('',*,*,#6759,.T.);
#8698=ORIENTED_EDGE('',*,*,#6760,.T.);
#8699=ORIENTED_EDGE('',*,*,#6761,.T.);
#8700=ORIENTED_EDGE('',*,*,#6762,.T.);
#8701=ORIENTED_EDGE('',*,*,#6763,.T.);
#8702=ORIENTED_EDGE('',*,*,#6764,.T.);
#8703=ORIENTED_EDGE('',*,*,#6765,.T.);
#8704=ORIENTED_EDGE('',*,*,#6766,.T.);
#8705=ORIENTED_EDGE('',*,*,#6767,.T.);
#8706=ORIENTED_EDGE('',*,*,#6768,.T.);
#8707=ORIENTED_EDGE('',*,*,#6769,.F.);
#8708=ORIENTED_EDGE('',*,*,#6770,.T.);
#8709=ORIENTED_EDGE('',*,*,#6771,.F.);
#8710=ORIENTED_EDGE('',*,*,#6772,.T.);
#8711=ORIENTED_EDGE('',*,*,#6773,.F.);
#8712=ORIENTED_EDGE('',*,*,#6774,.T.);
#8713=ORIENTED_EDGE('',*,*,#6775,.F.);
#8714=ORIENTED_EDGE('',*,*,#6776,.T.);
#8715=ORIENTED_EDGE('',*,*,#6771,.T.);
#8716=ORIENTED_EDGE('',*,*,#6777,.T.);
#8717=ORIENTED_EDGE('',*,*,#6636,.F.);
#8718=ORIENTED_EDGE('',*,*,#6778,.T.);
#8719=ORIENTED_EDGE('',*,*,#6642,.F.);
#8720=ORIENTED_EDGE('',*,*,#6779,.T.);
#8721=ORIENTED_EDGE('',*,*,#6773,.T.);
#8722=ORIENTED_EDGE('',*,*,#6780,.T.);
#8723=ORIENTED_EDGE('',*,*,#6640,.F.);
#8724=ORIENTED_EDGE('',*,*,#6781,.T.);
#8725=ORIENTED_EDGE('',*,*,#6775,.T.);
#8726=ORIENTED_EDGE('',*,*,#6782,.T.);
#8727=ORIENTED_EDGE('',*,*,#6638,.F.);
#8728=ORIENTED_EDGE('',*,*,#6783,.T.);
#8729=ORIENTED_EDGE('',*,*,#6769,.T.);
#8730=ORIENTED_EDGE('',*,*,#6784,.T.);
#8731=ORIENTED_EDGE('',*,*,#6785,.T.);
#8732=ORIENTED_EDGE('',*,*,#6786,.T.);
#8733=ORIENTED_EDGE('',*,*,#6649,.F.);
#8734=ORIENTED_EDGE('',*,*,#6787,.F.);
#8735=ORIENTED_EDGE('',*,*,#6788,.T.);
#8736=ORIENTED_EDGE('',*,*,#6648,.F.);
#8737=ORIENTED_EDGE('',*,*,#6789,.F.);
#8738=ORIENTED_EDGE('',*,*,#6790,.T.);
#8739=ORIENTED_EDGE('',*,*,#6787,.T.);
#8740=ORIENTED_EDGE('',*,*,#6647,.T.);
#8741=ORIENTED_EDGE('',*,*,#6597,.T.);
#8742=ORIENTED_EDGE('',*,*,#6791,.T.);
#8743=ORIENTED_EDGE('',*,*,#6792,.F.);
#8744=ORIENTED_EDGE('',*,*,#6789,.T.);
#8745=ORIENTED_EDGE('',*,*,#6651,.F.);
#8746=ORIENTED_EDGE('',*,*,#6793,.T.);
#8747=ORIENTED_EDGE('',*,*,#6794,.T.);
#8748=ORIENTED_EDGE('',*,*,#6599,.T.);
#8749=ORIENTED_EDGE('',*,*,#6646,.F.);
#8750=ORIENTED_EDGE('',*,*,#6795,.T.);
#8751=ORIENTED_EDGE('',*,*,#6796,.T.);
#8752=ORIENTED_EDGE('',*,*,#6797,.T.);
#8753=ORIENTED_EDGE('',*,*,#6792,.T.);
#8754=ORIENTED_EDGE('',*,*,#6798,.T.);
#8755=ORIENTED_EDGE('',*,*,#6788,.F.);
#8756=ORIENTED_EDGE('',*,*,#6790,.F.);
#8757=ORIENTED_EDGE('',*,*,#6624,.T.);
#8758=ORIENTED_EDGE('',*,*,#6625,.F.);
#8759=ORIENTED_EDGE('',*,*,#6799,.T.);
#8760=ORIENTED_EDGE('',*,*,#6800,.T.);
#8761=ORIENTED_EDGE('',*,*,#6801,.T.);
#8762=ORIENTED_EDGE('',*,*,#6802,.T.);
#8763=ORIENTED_EDGE('',*,*,#6803,.T.);
#8764=ORIENTED_EDGE('',*,*,#6804,.T.);
#8765=ORIENTED_EDGE('',*,*,#6805,.T.);
#8766=ORIENTED_EDGE('',*,*,#6806,.F.);
#8767=ORIENTED_EDGE('',*,*,#6807,.T.);
#8768=ORIENTED_EDGE('',*,*,#6808,.T.);
#8769=ORIENTED_EDGE('',*,*,#6809,.T.);
#8770=ORIENTED_EDGE('',*,*,#6810,.T.);
#8771=ORIENTED_EDGE('',*,*,#6811,.T.);
#8772=ORIENTED_EDGE('',*,*,#6812,.T.);
#8773=ORIENTED_EDGE('',*,*,#6813,.T.);
#8774=ORIENTED_EDGE('',*,*,#6814,.T.);
#8775=ORIENTED_EDGE('',*,*,#6815,.T.);
#8776=ORIENTED_EDGE('',*,*,#6816,.T.);
#8777=ORIENTED_EDGE('',*,*,#6817,.T.);
#8778=ORIENTED_EDGE('',*,*,#6818,.T.);
#8779=ORIENTED_EDGE('',*,*,#6819,.T.);
#8780=ORIENTED_EDGE('',*,*,#6820,.T.);
#8781=ORIENTED_EDGE('',*,*,#6821,.T.);
#8782=ORIENTED_EDGE('',*,*,#6822,.T.);
#8783=ORIENTED_EDGE('',*,*,#6823,.T.);
#8784=ORIENTED_EDGE('',*,*,#6824,.T.);
#8785=ORIENTED_EDGE('',*,*,#6825,.T.);
#8786=ORIENTED_EDGE('',*,*,#6826,.T.);
#8787=ORIENTED_EDGE('',*,*,#6827,.T.);
#8788=ORIENTED_EDGE('',*,*,#6828,.T.);
#8789=ORIENTED_EDGE('',*,*,#6829,.T.);
#8790=ORIENTED_EDGE('',*,*,#6830,.T.);
#8791=ORIENTED_EDGE('',*,*,#6831,.T.);
#8792=ORIENTED_EDGE('',*,*,#6832,.T.);
#8793=ORIENTED_EDGE('',*,*,#6833,.T.);
#8794=ORIENTED_EDGE('',*,*,#6834,.T.);
#8795=ORIENTED_EDGE('',*,*,#6835,.T.);
#8796=ORIENTED_EDGE('',*,*,#6836,.T.);
#8797=ORIENTED_EDGE('',*,*,#6837,.T.);
#8798=ORIENTED_EDGE('',*,*,#6838,.T.);
#8799=ORIENTED_EDGE('',*,*,#6839,.T.);
#8800=ORIENTED_EDGE('',*,*,#6840,.T.);
#8801=ORIENTED_EDGE('',*,*,#6841,.T.);
#8802=ORIENTED_EDGE('',*,*,#6842,.T.);
#8803=ORIENTED_EDGE('',*,*,#6627,.T.);
#8804=ORIENTED_EDGE('',*,*,#6806,.T.);
#8805=ORIENTED_EDGE('',*,*,#6843,.T.);
#8806=ORIENTED_EDGE('',*,*,#6844,.T.);
#8807=ORIENTED_EDGE('',*,*,#6845,.T.);
#8808=ORIENTED_EDGE('',*,*,#6667,.F.);
#8809=ORIENTED_EDGE('',*,*,#6846,.T.);
#8810=ORIENTED_EDGE('',*,*,#6799,.F.);
#8811=ORIENTED_EDGE('',*,*,#6845,.F.);
#8812=ORIENTED_EDGE('',*,*,#6847,.F.);
#8813=ORIENTED_EDGE('',*,*,#6847,.T.);
#8814=ORIENTED_EDGE('',*,*,#6844,.F.);
#8815=ORIENTED_EDGE('',*,*,#6848,.F.);
#8816=ORIENTED_EDGE('',*,*,#6668,.F.);
#8817=ORIENTED_EDGE('',*,*,#6805,.F.);
#8818=ORIENTED_EDGE('',*,*,#6849,.T.);
#8819=ORIENTED_EDGE('',*,*,#6669,.F.);
#8820=ORIENTED_EDGE('',*,*,#6848,.T.);
#8821=ORIENTED_EDGE('',*,*,#6843,.F.);
#8822=ORIENTED_EDGE('',*,*,#6755,.F.);
#8823=ORIENTED_EDGE('',*,*,#6850,.T.);
#8824=ORIENTED_EDGE('',*,*,#6757,.F.);
#8825=ORIENTED_EDGE('',*,*,#6851,.T.);
#8826=ORIENTED_EDGE('',*,*,#6759,.F.);
#8827=ORIENTED_EDGE('',*,*,#6852,.T.);
#8828=ORIENTED_EDGE('',*,*,#6745,.F.);
#8829=ORIENTED_EDGE('',*,*,#6853,.T.);
#8830=ORIENTED_EDGE('',*,*,#6747,.F.);
#8831=ORIENTED_EDGE('',*,*,#6854,.T.);
#8832=ORIENTED_EDGE('',*,*,#6749,.F.);
#8833=ORIENTED_EDGE('',*,*,#6855,.T.);
#8834=ORIENTED_EDGE('',*,*,#6751,.F.);
#8835=ORIENTED_EDGE('',*,*,#6856,.T.);
#8836=ORIENTED_EDGE('',*,*,#6753,.F.);
#8837=ORIENTED_EDGE('',*,*,#6857,.T.);
#8838=ORIENTED_EDGE('',*,*,#6637,.F.);
#8839=ORIENTED_EDGE('',*,*,#6777,.F.);
#8840=ORIENTED_EDGE('',*,*,#6770,.F.);
#8841=ORIENTED_EDGE('',*,*,#6783,.F.);
#8842=ORIENTED_EDGE('',*,*,#6639,.F.);
#8843=ORIENTED_EDGE('',*,*,#6784,.F.);
#8844=ORIENTED_EDGE('',*,*,#6776,.F.);
#8845=ORIENTED_EDGE('',*,*,#6781,.F.);
#8846=ORIENTED_EDGE('',*,*,#6641,.F.);
#8847=ORIENTED_EDGE('',*,*,#6782,.F.);
#8848=ORIENTED_EDGE('',*,*,#6774,.F.);
#8849=ORIENTED_EDGE('',*,*,#6779,.F.);
#8850=ORIENTED_EDGE('',*,*,#6643,.F.);
#8851=ORIENTED_EDGE('',*,*,#6780,.F.);
#8852=ORIENTED_EDGE('',*,*,#6772,.F.);
#8853=ORIENTED_EDGE('',*,*,#6778,.F.);
#8854=ORIENTED_EDGE('',*,*,#6858,.F.);
#8855=ORIENTED_EDGE('',*,*,#6766,.F.);
#8856=ORIENTED_EDGE('',*,*,#6859,.F.);
#8857=ORIENTED_EDGE('',*,*,#6750,.F.);
#8858=ORIENTED_EDGE('',*,*,#6859,.T.);
#8859=ORIENTED_EDGE('',*,*,#6765,.F.);
#8860=ORIENTED_EDGE('',*,*,#6860,.F.);
#8861=ORIENTED_EDGE('',*,*,#6856,.F.);
#8862=ORIENTED_EDGE('',*,*,#6858,.T.);
#8863=ORIENTED_EDGE('',*,*,#6854,.F.);
#8864=ORIENTED_EDGE('',*,*,#6861,.F.);
#8865=ORIENTED_EDGE('',*,*,#6767,.F.);
#8866=ORIENTED_EDGE('',*,*,#6860,.T.);
#8867=ORIENTED_EDGE('',*,*,#6764,.F.);
#8868=ORIENTED_EDGE('',*,*,#6862,.F.);
#8869=ORIENTED_EDGE('',*,*,#6754,.F.);
#8870=ORIENTED_EDGE('',*,*,#6861,.T.);
#8871=ORIENTED_EDGE('',*,*,#6746,.F.);
#8872=ORIENTED_EDGE('',*,*,#6863,.F.);
#8873=ORIENTED_EDGE('',*,*,#6768,.F.);
#8874=ORIENTED_EDGE('',*,*,#6862,.T.);
#8875=ORIENTED_EDGE('',*,*,#6763,.F.);
#8876=ORIENTED_EDGE('',*,*,#6864,.F.);
#8877=ORIENTED_EDGE('',*,*,#6850,.F.);
#8878=ORIENTED_EDGE('',*,*,#6863,.T.);
#8879=ORIENTED_EDGE('',*,*,#6852,.F.);
#8880=ORIENTED_EDGE('',*,*,#6865,.F.);
#8881=ORIENTED_EDGE('',*,*,#6761,.F.);
#8882=ORIENTED_EDGE('',*,*,#6864,.T.);
#8883=ORIENTED_EDGE('',*,*,#6762,.F.);
#8884=ORIENTED_EDGE('',*,*,#6865,.T.);
#8885=ORIENTED_EDGE('',*,*,#6758,.F.);
#8886=ORIENTED_EDGE('',*,*,#6866,.F.);
#8887=ORIENTED_EDGE('',*,*,#6696,.F.);
#8888=ORIENTED_EDGE('',*,*,#6867,.F.);
#8889=ORIENTED_EDGE('',*,*,#6756,.F.);
#8890=ORIENTED_EDGE('',*,*,#6867,.T.);
#8891=ORIENTED_EDGE('',*,*,#6695,.F.);
#8892=ORIENTED_EDGE('',*,*,#6868,.F.);
#8893=ORIENTED_EDGE('',*,*,#6857,.F.);
#8894=ORIENTED_EDGE('',*,*,#6866,.T.);
#8895=ORIENTED_EDGE('',*,*,#6851,.F.);
#8896=ORIENTED_EDGE('',*,*,#6869,.F.);
#8897=ORIENTED_EDGE('',*,*,#6697,.F.);
#8898=ORIENTED_EDGE('',*,*,#6868,.T.);
#8899=ORIENTED_EDGE('',*,*,#6694,.F.);
#8900=ORIENTED_EDGE('',*,*,#6870,.F.);
#8901=ORIENTED_EDGE('',*,*,#6752,.F.);
#8902=ORIENTED_EDGE('',*,*,#6869,.T.);
#8903=ORIENTED_EDGE('',*,*,#6760,.F.);
#8904=ORIENTED_EDGE('',*,*,#6871,.F.);
#8905=ORIENTED_EDGE('',*,*,#6698,.F.);
#8906=ORIENTED_EDGE('',*,*,#6870,.T.);
#8907=ORIENTED_EDGE('',*,*,#6693,.F.);
#8908=ORIENTED_EDGE('',*,*,#6872,.F.);
#8909=ORIENTED_EDGE('',*,*,#6855,.F.);
#8910=ORIENTED_EDGE('',*,*,#6871,.T.);
#8911=ORIENTED_EDGE('',*,*,#6853,.F.);
#8912=ORIENTED_EDGE('',*,*,#6873,.F.);
#8913=ORIENTED_EDGE('',*,*,#6691,.F.);
#8914=ORIENTED_EDGE('',*,*,#6872,.T.);
#8915=ORIENTED_EDGE('',*,*,#6692,.F.);
#8916=ORIENTED_EDGE('',*,*,#6873,.T.);
#8917=ORIENTED_EDGE('',*,*,#6748,.F.);
#8918=ORIENTED_EDGE('',*,*,#6874,.T.);
#8919=ORIENTED_EDGE('',*,*,#6875,.T.);
#8920=ORIENTED_EDGE('',*,*,#6819,.F.);
#8921=ORIENTED_EDGE('',*,*,#6876,.T.);
#8922=ORIENTED_EDGE('',*,*,#6817,.F.);
#8923=ORIENTED_EDGE('',*,*,#6877,.T.);
#8924=ORIENTED_EDGE('',*,*,#6878,.T.);
#8925=ORIENTED_EDGE('',*,*,#6879,.T.);
#8926=ORIENTED_EDGE('',*,*,#6841,.F.);
#8927=ORIENTED_EDGE('',*,*,#6880,.T.);
#8928=ORIENTED_EDGE('',*,*,#6823,.F.);
#8929=ORIENTED_EDGE('',*,*,#6881,.T.);
#8930=ORIENTED_EDGE('',*,*,#6837,.F.);
#8931=ORIENTED_EDGE('',*,*,#6882,.T.);
#8932=ORIENTED_EDGE('',*,*,#6831,.F.);
#8933=ORIENTED_EDGE('',*,*,#6883,.T.);
#8934=ORIENTED_EDGE('',*,*,#6884,.T.);
#8935=ORIENTED_EDGE('',*,*,#6885,.T.);
#8936=ORIENTED_EDGE('',*,*,#6886,.T.);
#8937=ORIENTED_EDGE('',*,*,#6733,.F.);
#8938=ORIENTED_EDGE('',*,*,#6887,.T.);
#8939=ORIENTED_EDGE('',*,*,#6888,.T.);
#8940=ORIENTED_EDGE('',*,*,#6889,.T.);
#8941=ORIENTED_EDGE('',*,*,#6739,.T.);
#8942=ORIENTED_EDGE('',*,*,#6890,.T.);
#8943=ORIENTED_EDGE('',*,*,#6891,.T.);
#8944=ORIENTED_EDGE('',*,*,#6892,.T.);
#8945=ORIENTED_EDGE('',*,*,#6737,.T.);
#8946=ORIENTED_EDGE('',*,*,#6893,.T.);
#8947=ORIENTED_EDGE('',*,*,#6894,.T.);
#8948=ORIENTED_EDGE('',*,*,#6895,.T.);
#8949=ORIENTED_EDGE('',*,*,#6735,.F.);
#8950=ORIENTED_EDGE('',*,*,#6896,.T.);
#8951=ORIENTED_EDGE('',*,*,#6897,.T.);
#8952=ORIENTED_EDGE('',*,*,#6898,.F.);
#8953=ORIENTED_EDGE('',*,*,#6741,.T.);
#8954=ORIENTED_EDGE('',*,*,#6898,.T.);
#8955=ORIENTED_EDGE('',*,*,#6899,.T.);
#8956=ORIENTED_EDGE('',*,*,#6900,.T.);
#8957=ORIENTED_EDGE('',*,*,#6742,.F.);
#8958=ORIENTED_EDGE('',*,*,#6901,.F.);
#8959=ORIENTED_EDGE('',*,*,#6902,.T.);
#8960=ORIENTED_EDGE('',*,*,#6896,.F.);
#8961=ORIENTED_EDGE('',*,*,#6744,.T.);
#8962=ORIENTED_EDGE('',*,*,#6900,.F.);
#8963=ORIENTED_EDGE('',*,*,#6903,.T.);
#8964=ORIENTED_EDGE('',*,*,#6901,.T.);
#8965=ORIENTED_EDGE('',*,*,#6743,.T.);
#8966=ORIENTED_EDGE('',*,*,#6904,.T.);
#8967=ORIENTED_EDGE('',*,*,#6905,.T.);
#8968=ORIENTED_EDGE('',*,*,#6653,.F.);
#8969=ORIENTED_EDGE('',*,*,#6906,.T.);
#8970=ORIENTED_EDGE('',*,*,#6655,.T.);
#8971=ORIENTED_EDGE('',*,*,#6907,.T.);
#8972=ORIENTED_EDGE('',*,*,#6908,.F.);
#8973=ORIENTED_EDGE('',*,*,#6909,.T.);
#8974=ORIENTED_EDGE('',*,*,#6644,.T.);
#8975=ORIENTED_EDGE('',*,*,#6910,.T.);
#8976=ORIENTED_EDGE('',*,*,#6911,.F.);
#8977=ORIENTED_EDGE('',*,*,#6912,.T.);
#8978=ORIENTED_EDGE('',*,*,#6908,.T.);
#8979=ORIENTED_EDGE('',*,*,#6913,.T.);
#8980=ORIENTED_EDGE('',*,*,#6904,.F.);
#8981=ORIENTED_EDGE('',*,*,#6914,.T.);
#8982=ORIENTED_EDGE('',*,*,#6796,.F.);
#8983=ORIENTED_EDGE('',*,*,#6915,.T.);
#8984=ORIENTED_EDGE('',*,*,#6911,.T.);
#8985=ORIENTED_EDGE('',*,*,#6916,.T.);
#8986=ORIENTED_EDGE('',*,*,#6917,.T.);
#8987=ORIENTED_EDGE('',*,*,#6918,.T.);
#8988=ORIENTED_EDGE('',*,*,#6919,.F.);
#8989=ORIENTED_EDGE('',*,*,#6920,.F.);
#8990=ORIENTED_EDGE('',*,*,#6921,.T.);
#8991=ORIENTED_EDGE('',*,*,#6922,.T.);
#8992=ORIENTED_EDGE('',*,*,#6917,.F.);
#8993=ORIENTED_EDGE('',*,*,#6923,.F.);
#8994=ORIENTED_EDGE('',*,*,#6924,.T.);
#8995=ORIENTED_EDGE('',*,*,#6925,.T.);
#8996=ORIENTED_EDGE('',*,*,#6921,.F.);
#8997=ORIENTED_EDGE('',*,*,#6926,.F.);
#8998=ORIENTED_EDGE('',*,*,#6927,.T.);
#8999=ORIENTED_EDGE('',*,*,#6928,.T.);
#9000=ORIENTED_EDGE('',*,*,#6924,.F.);
#9001=ORIENTED_EDGE('',*,*,#6929,.F.);
#9002=ORIENTED_EDGE('',*,*,#6930,.T.);
#9003=ORIENTED_EDGE('',*,*,#6931,.T.);
#9004=ORIENTED_EDGE('',*,*,#6927,.F.);
#9005=ORIENTED_EDGE('',*,*,#6932,.F.);
#9006=ORIENTED_EDGE('',*,*,#6933,.T.);
#9007=ORIENTED_EDGE('',*,*,#6934,.T.);
#9008=ORIENTED_EDGE('',*,*,#6930,.F.);
#9009=ORIENTED_EDGE('',*,*,#6935,.F.);
#9010=ORIENTED_EDGE('',*,*,#6936,.T.);
#9011=ORIENTED_EDGE('',*,*,#6937,.T.);
#9012=ORIENTED_EDGE('',*,*,#6933,.F.);
#9013=ORIENTED_EDGE('',*,*,#6938,.F.);
#9014=ORIENTED_EDGE('',*,*,#6919,.T.);
#9015=ORIENTED_EDGE('',*,*,#6939,.T.);
#9016=ORIENTED_EDGE('',*,*,#6936,.F.);
#9017=ORIENTED_EDGE('',*,*,#6940,.F.);
#9018=ORIENTED_EDGE('',*,*,#6920,.T.);
#9019=ORIENTED_EDGE('',*,*,#6940,.T.);
#9020=ORIENTED_EDGE('',*,*,#6938,.T.);
#9021=ORIENTED_EDGE('',*,*,#6935,.T.);
#9022=ORIENTED_EDGE('',*,*,#6932,.T.);
#9023=ORIENTED_EDGE('',*,*,#6929,.T.);
#9024=ORIENTED_EDGE('',*,*,#6926,.T.);
#9025=ORIENTED_EDGE('',*,*,#6923,.T.);
#9026=ORIENTED_EDGE('',*,*,#6913,.F.);
#9027=ORIENTED_EDGE('',*,*,#6907,.F.);
#9028=ORIENTED_EDGE('',*,*,#6654,.F.);
#9029=ORIENTED_EDGE('',*,*,#6905,.F.);
#9030=ORIENTED_EDGE('',*,*,#6914,.F.);
#9031=ORIENTED_EDGE('',*,*,#6906,.F.);
#9032=ORIENTED_EDGE('',*,*,#6652,.F.);
#9033=ORIENTED_EDGE('',*,*,#6797,.F.);
#9034=ORIENTED_EDGE('',*,*,#6916,.F.);
#9035=ORIENTED_EDGE('',*,*,#6910,.F.);
#9036=ORIENTED_EDGE('',*,*,#6656,.F.);
#9037=ORIENTED_EDGE('',*,*,#6909,.F.);
#9038=ORIENTED_EDGE('',*,*,#6915,.F.);
#9039=ORIENTED_EDGE('',*,*,#6795,.F.);
#9040=ORIENTED_EDGE('',*,*,#6645,.F.);
#9041=ORIENTED_EDGE('',*,*,#6912,.F.);
#9042=ORIENTED_EDGE('',*,*,#6825,.F.);
#9043=ORIENTED_EDGE('',*,*,#6941,.T.);
#9044=ORIENTED_EDGE('',*,*,#6874,.F.);
#9045=ORIENTED_EDGE('',*,*,#6942,.T.);
#9046=ORIENTED_EDGE('',*,*,#6878,.F.);
#9047=ORIENTED_EDGE('',*,*,#6943,.T.);
#9048=ORIENTED_EDGE('',*,*,#6835,.F.);
#9049=ORIENTED_EDGE('',*,*,#6944,.T.);
#9050=ORIENTED_EDGE('',*,*,#6833,.F.);
#9051=ORIENTED_EDGE('',*,*,#6945,.T.);
#9052=ORIENTED_EDGE('',*,*,#6827,.F.);
#9053=ORIENTED_EDGE('',*,*,#6946,.T.);
#9054=ORIENTED_EDGE('',*,*,#6829,.F.);
#9055=ORIENTED_EDGE('',*,*,#6947,.T.);
#9056=ORIENTED_EDGE('',*,*,#6839,.F.);
#9057=ORIENTED_EDGE('',*,*,#6948,.T.);
#9058=ORIENTED_EDGE('',*,*,#6886,.F.);
#9059=ORIENTED_EDGE('',*,*,#6949,.T.);
#9060=ORIENTED_EDGE('',*,*,#6893,.F.);
#9061=ORIENTED_EDGE('',*,*,#6734,.F.);
#9062=ORIENTED_EDGE('',*,*,#6895,.F.);
#9063=ORIENTED_EDGE('',*,*,#6950,.T.);
#9064=ORIENTED_EDGE('',*,*,#6890,.F.);
#9065=ORIENTED_EDGE('',*,*,#6736,.F.);
#9066=ORIENTED_EDGE('',*,*,#6892,.F.);
#9067=ORIENTED_EDGE('',*,*,#6951,.T.);
#9068=ORIENTED_EDGE('',*,*,#6887,.F.);
#9069=ORIENTED_EDGE('',*,*,#6738,.F.);
#9070=ORIENTED_EDGE('',*,*,#6889,.F.);
#9071=ORIENTED_EDGE('',*,*,#6952,.T.);
#9072=ORIENTED_EDGE('',*,*,#6884,.F.);
#9073=ORIENTED_EDGE('',*,*,#6740,.F.);
#9074=ORIENTED_EDGE('',*,*,#6794,.F.);
#9075=ORIENTED_EDGE('',*,*,#6953,.T.);
#9076=ORIENTED_EDGE('',*,*,#6785,.F.);
#9077=ORIENTED_EDGE('',*,*,#6798,.F.);
#9078=ORIENTED_EDGE('',*,*,#6791,.F.);
#9079=ORIENTED_EDGE('',*,*,#6596,.T.);
#9080=ORIENTED_EDGE('',*,*,#6813,.F.);
#9081=ORIENTED_EDGE('',*,*,#6954,.T.);
#9082=ORIENTED_EDGE('',*,*,#6815,.F.);
#9083=ORIENTED_EDGE('',*,*,#6955,.T.);
#9084=ORIENTED_EDGE('',*,*,#6821,.F.);
#9085=ORIENTED_EDGE('',*,*,#6956,.T.);
#9086=ORIENTED_EDGE('',*,*,#6807,.F.);
#9087=ORIENTED_EDGE('',*,*,#6957,.T.);
#9088=ORIENTED_EDGE('',*,*,#6809,.F.);
#9089=ORIENTED_EDGE('',*,*,#6958,.T.);
#9090=ORIENTED_EDGE('',*,*,#6803,.F.);
#9091=ORIENTED_EDGE('',*,*,#6959,.T.);
#9092=ORIENTED_EDGE('',*,*,#6801,.F.);
#9093=ORIENTED_EDGE('',*,*,#6960,.T.);
#9094=ORIENTED_EDGE('',*,*,#6811,.F.);
#9095=ORIENTED_EDGE('',*,*,#6961,.T.);
#9096=ORIENTED_EDGE('',*,*,#6962,.F.);
#9097=ORIENTED_EDGE('',*,*,#6814,.F.);
#9098=ORIENTED_EDGE('',*,*,#6963,.F.);
#9099=ORIENTED_EDGE('',*,*,#6714,.F.);
#9100=ORIENTED_EDGE('',*,*,#6963,.T.);
#9101=ORIENTED_EDGE('',*,*,#6955,.F.);
#9102=ORIENTED_EDGE('',*,*,#6964,.F.);
#9103=ORIENTED_EDGE('',*,*,#6715,.F.);
#9104=ORIENTED_EDGE('',*,*,#6962,.T.);
#9105=ORIENTED_EDGE('',*,*,#6713,.F.);
#9106=ORIENTED_EDGE('',*,*,#6965,.F.);
#9107=ORIENTED_EDGE('',*,*,#6961,.F.);
#9108=ORIENTED_EDGE('',*,*,#6964,.T.);
#9109=ORIENTED_EDGE('',*,*,#6818,.F.);
#9110=ORIENTED_EDGE('',*,*,#6966,.F.);
#9111=ORIENTED_EDGE('',*,*,#6716,.F.);
#9112=ORIENTED_EDGE('',*,*,#6965,.T.);
#9113=ORIENTED_EDGE('',*,*,#6712,.F.);
#9114=ORIENTED_EDGE('',*,*,#6967,.F.);
#9115=ORIENTED_EDGE('',*,*,#6802,.F.);
#9116=ORIENTED_EDGE('',*,*,#6966,.T.);
#9117=ORIENTED_EDGE('',*,*,#6879,.F.);
#9118=ORIENTED_EDGE('',*,*,#6968,.F.);
#9119=ORIENTED_EDGE('',*,*,#6717,.F.);
#9120=ORIENTED_EDGE('',*,*,#6967,.T.);
#9121=ORIENTED_EDGE('',*,*,#6711,.F.);
#9122=ORIENTED_EDGE('',*,*,#6969,.F.);
#9123=ORIENTED_EDGE('',*,*,#6959,.F.);
#9124=ORIENTED_EDGE('',*,*,#6968,.T.);
#9125=ORIENTED_EDGE('',*,*,#6944,.F.);
#9126=ORIENTED_EDGE('',*,*,#6970,.F.);
#9127=ORIENTED_EDGE('',*,*,#6718,.F.);
#9128=ORIENTED_EDGE('',*,*,#6969,.T.);
#9129=ORIENTED_EDGE('',*,*,#6710,.F.);
#9130=ORIENTED_EDGE('',*,*,#6971,.F.);
#9131=ORIENTED_EDGE('',*,*,#6810,.F.);
#9132=ORIENTED_EDGE('',*,*,#6970,.T.);
#9133=ORIENTED_EDGE('',*,*,#6838,.F.);
#9134=ORIENTED_EDGE('',*,*,#6972,.F.);
#9135=ORIENTED_EDGE('',*,*,#6719,.F.);
#9136=ORIENTED_EDGE('',*,*,#6971,.T.);
#9137=ORIENTED_EDGE('',*,*,#6709,.F.);
#9138=ORIENTED_EDGE('',*,*,#6973,.F.);
#9139=ORIENTED_EDGE('',*,*,#6957,.F.);
#9140=ORIENTED_EDGE('',*,*,#6972,.T.);
#9141=ORIENTED_EDGE('',*,*,#6883,.F.);
#9142=ORIENTED_EDGE('',*,*,#6974,.F.);
#9143=ORIENTED_EDGE('',*,*,#6720,.F.);
#9144=ORIENTED_EDGE('',*,*,#6973,.T.);
#9145=ORIENTED_EDGE('',*,*,#6708,.F.);
#9146=ORIENTED_EDGE('',*,*,#6975,.F.);
#9147=ORIENTED_EDGE('',*,*,#6822,.F.);
#9148=ORIENTED_EDGE('',*,*,#6976,.F.);
#9149=ORIENTED_EDGE('',*,*,#6619,.T.);
#9150=ORIENTED_EDGE('',*,*,#6699,.F.);
#9151=ORIENTED_EDGE('',*,*,#6974,.T.);
#9152=ORIENTED_EDGE('',*,*,#6834,.F.);
#9153=ORIENTED_EDGE('',*,*,#6975,.T.);
#9154=ORIENTED_EDGE('',*,*,#6707,.F.);
#9155=ORIENTED_EDGE('',*,*,#6977,.F.);
#9156=ORIENTED_EDGE('',*,*,#6876,.F.);
#9157=ORIENTED_EDGE('',*,*,#6700,.F.);
#9158=ORIENTED_EDGE('',*,*,#6620,.T.);
#9159=ORIENTED_EDGE('',*,*,#6976,.T.);
#9160=ORIENTED_EDGE('',*,*,#6946,.F.);
#9161=ORIENTED_EDGE('',*,*,#6978,.F.);
#9162=ORIENTED_EDGE('',*,*,#6977,.T.);
#9163=ORIENTED_EDGE('',*,*,#6706,.F.);
#9164=ORIENTED_EDGE('',*,*,#6979,.F.);
#9165=ORIENTED_EDGE('',*,*,#6942,.F.);
#9166=ORIENTED_EDGE('',*,*,#6978,.T.);
#9167=ORIENTED_EDGE('',*,*,#6830,.F.);
#9168=ORIENTED_EDGE('',*,*,#6980,.F.);
#9169=ORIENTED_EDGE('',*,*,#6701,.F.);
#9170=ORIENTED_EDGE('',*,*,#6979,.T.);
#9171=ORIENTED_EDGE('',*,*,#6705,.F.);
#9172=ORIENTED_EDGE('',*,*,#6981,.F.);
#9173=ORIENTED_EDGE('',*,*,#6826,.F.);
#9174=ORIENTED_EDGE('',*,*,#6982,.F.);
#9175=ORIENTED_EDGE('',*,*,#6612,.T.);
#9176=ORIENTED_EDGE('',*,*,#6702,.F.);
#9177=ORIENTED_EDGE('',*,*,#6980,.T.);
#9178=ORIENTED_EDGE('',*,*,#6948,.F.);
#9179=ORIENTED_EDGE('',*,*,#6981,.T.);
#9180=ORIENTED_EDGE('',*,*,#6704,.F.);
#9181=ORIENTED_EDGE('',*,*,#6983,.F.);
#9182=ORIENTED_EDGE('',*,*,#6881,.F.);
#9183=ORIENTED_EDGE('',*,*,#6703,.F.);
#9184=ORIENTED_EDGE('',*,*,#6613,.T.);
#9185=ORIENTED_EDGE('',*,*,#6982,.T.);
#9186=ORIENTED_EDGE('',*,*,#6842,.F.);
#9187=ORIENTED_EDGE('',*,*,#6983,.T.);
#9188=ORIENTED_EDGE('',*,*,#6984,.F.);
#9189=ORIENTED_EDGE('',*,*,#6726,.F.);
#9190=ORIENTED_EDGE('',*,*,#6985,.F.);
#9191=ORIENTED_EDGE('',*,*,#6939,.F.);
#9192=ORIENTED_EDGE('',*,*,#6985,.T.);
#9193=ORIENTED_EDGE('',*,*,#6725,.F.);
#9194=ORIENTED_EDGE('',*,*,#6986,.F.);
#9195=ORIENTED_EDGE('',*,*,#6937,.F.);
#9196=ORIENTED_EDGE('',*,*,#6984,.T.);
#9197=ORIENTED_EDGE('',*,*,#6918,.F.);
#9198=ORIENTED_EDGE('',*,*,#6987,.F.);
#9199=ORIENTED_EDGE('',*,*,#6727,.F.);
#9200=ORIENTED_EDGE('',*,*,#6986,.T.);
#9201=ORIENTED_EDGE('',*,*,#6724,.F.);
#9202=ORIENTED_EDGE('',*,*,#6988,.F.);
#9203=ORIENTED_EDGE('',*,*,#6934,.F.);
#9204=ORIENTED_EDGE('',*,*,#6987,.T.);
#9205=ORIENTED_EDGE('',*,*,#6922,.F.);
#9206=ORIENTED_EDGE('',*,*,#6989,.F.);
#9207=ORIENTED_EDGE('',*,*,#6728,.F.);
#9208=ORIENTED_EDGE('',*,*,#6988,.T.);
#9209=ORIENTED_EDGE('',*,*,#6723,.F.);
#9210=ORIENTED_EDGE('',*,*,#6990,.F.);
#9211=ORIENTED_EDGE('',*,*,#6931,.F.);
#9212=ORIENTED_EDGE('',*,*,#6989,.T.);
#9213=ORIENTED_EDGE('',*,*,#6925,.F.);
#9214=ORIENTED_EDGE('',*,*,#6991,.F.);
#9215=ORIENTED_EDGE('',*,*,#6721,.F.);
#9216=ORIENTED_EDGE('',*,*,#6990,.T.);
#9217=ORIENTED_EDGE('',*,*,#6722,.F.);
#9218=ORIENTED_EDGE('',*,*,#6991,.T.);
#9219=ORIENTED_EDGE('',*,*,#6928,.F.);
#9220=ORIENTED_EDGE('',*,*,#6992,.F.);
#9221=ORIENTED_EDGE('',*,*,#6951,.F.);
#9222=ORIENTED_EDGE('',*,*,#6993,.F.);
#9223=ORIENTED_EDGE('',*,*,#6662,.F.);
#9224=ORIENTED_EDGE('',*,*,#6993,.T.);
#9225=ORIENTED_EDGE('',*,*,#6891,.F.);
#9226=ORIENTED_EDGE('',*,*,#6994,.F.);
#9227=ORIENTED_EDGE('',*,*,#6663,.F.);
#9228=ORIENTED_EDGE('',*,*,#6992,.T.);
#9229=ORIENTED_EDGE('',*,*,#6661,.F.);
#9230=ORIENTED_EDGE('',*,*,#6995,.F.);
#9231=ORIENTED_EDGE('',*,*,#6888,.F.);
#9232=ORIENTED_EDGE('',*,*,#6994,.T.);
#9233=ORIENTED_EDGE('',*,*,#6950,.F.);
#9234=ORIENTED_EDGE('',*,*,#6996,.F.);
#9235=ORIENTED_EDGE('',*,*,#6664,.F.);
#9236=ORIENTED_EDGE('',*,*,#6995,.T.);
#9237=ORIENTED_EDGE('',*,*,#6660,.F.);
#9238=ORIENTED_EDGE('',*,*,#6997,.F.);
#9239=ORIENTED_EDGE('',*,*,#6952,.F.);
#9240=ORIENTED_EDGE('',*,*,#6996,.T.);
#9241=ORIENTED_EDGE('',*,*,#6894,.F.);
#9242=ORIENTED_EDGE('',*,*,#6998,.F.);
#9243=ORIENTED_EDGE('',*,*,#6657,.F.);
#9244=ORIENTED_EDGE('',*,*,#6997,.T.);
#9245=ORIENTED_EDGE('',*,*,#6659,.F.);
#9246=ORIENTED_EDGE('',*,*,#6999,.F.);
#9247=ORIENTED_EDGE('',*,*,#6885,.F.);
#9248=ORIENTED_EDGE('',*,*,#6998,.T.);
#9249=ORIENTED_EDGE('',*,*,#6949,.F.);
#9250=ORIENTED_EDGE('',*,*,#6999,.T.);
#9251=ORIENTED_EDGE('',*,*,#6658,.F.);
#9252=ORIENTED_EDGE('',*,*,#7000,.F.);
#9253=ORIENTED_EDGE('',*,*,#6897,.F.);
#9254=ORIENTED_EDGE('',*,*,#7001,.F.);
#9255=ORIENTED_EDGE('',*,*,#6732,.F.);
#9256=ORIENTED_EDGE('',*,*,#7001,.T.);
#9257=ORIENTED_EDGE('',*,*,#6902,.F.);
#9258=ORIENTED_EDGE('',*,*,#7002,.F.);
#9259=ORIENTED_EDGE('',*,*,#6729,.F.);
#9260=ORIENTED_EDGE('',*,*,#7000,.T.);
#9261=ORIENTED_EDGE('',*,*,#6731,.F.);
#9262=ORIENTED_EDGE('',*,*,#7003,.F.);
#9263=ORIENTED_EDGE('',*,*,#6899,.F.);
#9264=ORIENTED_EDGE('',*,*,#7002,.T.);
#9265=ORIENTED_EDGE('',*,*,#6903,.F.);
#9266=ORIENTED_EDGE('',*,*,#7003,.T.);
#9267=ORIENTED_EDGE('',*,*,#6730,.F.);
#9268=ORIENTED_EDGE('',*,*,#6849,.F.);
#9269=ORIENTED_EDGE('',*,*,#6804,.F.);
#9270=ORIENTED_EDGE('',*,*,#7004,.F.);
#9271=ORIENTED_EDGE('',*,*,#6670,.F.);
#9272=ORIENTED_EDGE('',*,*,#7004,.T.);
#9273=ORIENTED_EDGE('',*,*,#6958,.F.);
#9274=ORIENTED_EDGE('',*,*,#7005,.F.);
#9275=ORIENTED_EDGE('',*,*,#6671,.F.);
#9276=ORIENTED_EDGE('',*,*,#7005,.T.);
#9277=ORIENTED_EDGE('',*,*,#6808,.F.);
#9278=ORIENTED_EDGE('',*,*,#7006,.F.);
#9279=ORIENTED_EDGE('',*,*,#6672,.F.);
#9280=ORIENTED_EDGE('',*,*,#7006,.T.);
#9281=ORIENTED_EDGE('',*,*,#6956,.F.);
#9282=ORIENTED_EDGE('',*,*,#7007,.F.);
#9283=ORIENTED_EDGE('',*,*,#6673,.F.);
#9284=ORIENTED_EDGE('',*,*,#7007,.T.);
#9285=ORIENTED_EDGE('',*,*,#6820,.F.);
#9286=ORIENTED_EDGE('',*,*,#7008,.F.);
#9287=ORIENTED_EDGE('',*,*,#6674,.F.);
#9288=ORIENTED_EDGE('',*,*,#7008,.T.);
#9289=ORIENTED_EDGE('',*,*,#6875,.F.);
#9290=ORIENTED_EDGE('',*,*,#7009,.F.);
#9291=ORIENTED_EDGE('',*,*,#6675,.F.);
#9292=ORIENTED_EDGE('',*,*,#7009,.T.);
#9293=ORIENTED_EDGE('',*,*,#6941,.F.);
#9294=ORIENTED_EDGE('',*,*,#7010,.F.);
#9295=ORIENTED_EDGE('',*,*,#6676,.F.);
#9296=ORIENTED_EDGE('',*,*,#7010,.T.);
#9297=ORIENTED_EDGE('',*,*,#6824,.F.);
#9298=ORIENTED_EDGE('',*,*,#7011,.F.);
#9299=ORIENTED_EDGE('',*,*,#6677,.F.);
#9300=ORIENTED_EDGE('',*,*,#7011,.T.);
#9301=ORIENTED_EDGE('',*,*,#6880,.F.);
#9302=ORIENTED_EDGE('',*,*,#7012,.F.);
#9303=ORIENTED_EDGE('',*,*,#6678,.F.);
#9304=ORIENTED_EDGE('',*,*,#7012,.T.);
#9305=ORIENTED_EDGE('',*,*,#6840,.F.);
#9306=ORIENTED_EDGE('',*,*,#7013,.F.);
#9307=ORIENTED_EDGE('',*,*,#6679,.F.);
#9308=ORIENTED_EDGE('',*,*,#7013,.T.);
#9309=ORIENTED_EDGE('',*,*,#6947,.F.);
#9310=ORIENTED_EDGE('',*,*,#7014,.F.);
#9311=ORIENTED_EDGE('',*,*,#6680,.F.);
#9312=ORIENTED_EDGE('',*,*,#7014,.T.);
#9313=ORIENTED_EDGE('',*,*,#6828,.F.);
#9314=ORIENTED_EDGE('',*,*,#7015,.F.);
#9315=ORIENTED_EDGE('',*,*,#6681,.F.);
#9316=ORIENTED_EDGE('',*,*,#7015,.T.);
#9317=ORIENTED_EDGE('',*,*,#6945,.F.);
#9318=ORIENTED_EDGE('',*,*,#7016,.F.);
#9319=ORIENTED_EDGE('',*,*,#6682,.F.);
#9320=ORIENTED_EDGE('',*,*,#7016,.T.);
#9321=ORIENTED_EDGE('',*,*,#6832,.F.);
#9322=ORIENTED_EDGE('',*,*,#7017,.F.);
#9323=ORIENTED_EDGE('',*,*,#6683,.F.);
#9324=ORIENTED_EDGE('',*,*,#7017,.T.);
#9325=ORIENTED_EDGE('',*,*,#6882,.F.);
#9326=ORIENTED_EDGE('',*,*,#7018,.F.);
#9327=ORIENTED_EDGE('',*,*,#6684,.F.);
#9328=ORIENTED_EDGE('',*,*,#7018,.T.);
#9329=ORIENTED_EDGE('',*,*,#6836,.F.);
#9330=ORIENTED_EDGE('',*,*,#7019,.F.);
#9331=ORIENTED_EDGE('',*,*,#6685,.F.);
#9332=ORIENTED_EDGE('',*,*,#7019,.T.);
#9333=ORIENTED_EDGE('',*,*,#6943,.F.);
#9334=ORIENTED_EDGE('',*,*,#7020,.F.);
#9335=ORIENTED_EDGE('',*,*,#6686,.F.);
#9336=ORIENTED_EDGE('',*,*,#7020,.T.);
#9337=ORIENTED_EDGE('',*,*,#6877,.F.);
#9338=ORIENTED_EDGE('',*,*,#7021,.F.);
#9339=ORIENTED_EDGE('',*,*,#6687,.F.);
#9340=ORIENTED_EDGE('',*,*,#7021,.T.);
#9341=ORIENTED_EDGE('',*,*,#6816,.F.);
#9342=ORIENTED_EDGE('',*,*,#7022,.F.);
#9343=ORIENTED_EDGE('',*,*,#6688,.F.);
#9344=ORIENTED_EDGE('',*,*,#7022,.T.);
#9345=ORIENTED_EDGE('',*,*,#6954,.F.);
#9346=ORIENTED_EDGE('',*,*,#7023,.F.);
#9347=ORIENTED_EDGE('',*,*,#6689,.F.);
#9348=ORIENTED_EDGE('',*,*,#7023,.T.);
#9349=ORIENTED_EDGE('',*,*,#6812,.F.);
#9350=ORIENTED_EDGE('',*,*,#7024,.F.);
#9351=ORIENTED_EDGE('',*,*,#6690,.F.);
#9352=ORIENTED_EDGE('',*,*,#7024,.T.);
#9353=ORIENTED_EDGE('',*,*,#6960,.F.);
#9354=ORIENTED_EDGE('',*,*,#7025,.F.);
#9355=ORIENTED_EDGE('',*,*,#6665,.F.);
#9356=ORIENTED_EDGE('',*,*,#7025,.T.);
#9357=ORIENTED_EDGE('',*,*,#6800,.F.);
#9358=ORIENTED_EDGE('',*,*,#6846,.F.);
#9359=ORIENTED_EDGE('',*,*,#6666,.F.);
#9360=ORIENTED_EDGE('',*,*,#6953,.F.);
#9361=ORIENTED_EDGE('',*,*,#6793,.F.);
#9362=ORIENTED_EDGE('',*,*,#6650,.F.);
#9363=ORIENTED_EDGE('',*,*,#6786,.F.);
#9364=ORIENTED_EDGE('',*,*,#7026,.T.);
#9365=ORIENTED_EDGE('',*,*,#7027,.T.);
#9366=ORIENTED_EDGE('',*,*,#7028,.F.);
#9367=ORIENTED_EDGE('',*,*,#7027,.F.);
#9368=ORIENTED_EDGE('',*,*,#7029,.T.);
#9369=ORIENTED_EDGE('',*,*,#7030,.T.);
#9370=ORIENTED_EDGE('',*,*,#7031,.F.);
#9371=ORIENTED_EDGE('',*,*,#7030,.F.);
#9372=ORIENTED_EDGE('',*,*,#7032,.T.);
#9373=ORIENTED_EDGE('',*,*,#7033,.T.);
#9374=ORIENTED_EDGE('',*,*,#7034,.F.);
#9375=ORIENTED_EDGE('',*,*,#7033,.F.);
#9376=ORIENTED_EDGE('',*,*,#7035,.T.);
#9377=ORIENTED_EDGE('',*,*,#7036,.T.);
#9378=ORIENTED_EDGE('',*,*,#7037,.F.);
#9379=ORIENTED_EDGE('',*,*,#7036,.F.);
#9380=ORIENTED_EDGE('',*,*,#7038,.T.);
#9381=ORIENTED_EDGE('',*,*,#7039,.T.);
#9382=ORIENTED_EDGE('',*,*,#7040,.T.);
#9383=ORIENTED_EDGE('',*,*,#7041,.T.);
#9384=ORIENTED_EDGE('',*,*,#7042,.T.);
#9385=ORIENTED_EDGE('',*,*,#7043,.T.);
#9386=ORIENTED_EDGE('',*,*,#7044,.F.);
#9387=ORIENTED_EDGE('',*,*,#7045,.T.);
#9388=ORIENTED_EDGE('',*,*,#7046,.F.);
#9389=ORIENTED_EDGE('',*,*,#7047,.T.);
#9390=ORIENTED_EDGE('',*,*,#7048,.F.);
#9391=ORIENTED_EDGE('',*,*,#7049,.T.);
#9392=ORIENTED_EDGE('',*,*,#7050,.F.);
#9393=ORIENTED_EDGE('',*,*,#7051,.T.);
#9394=ORIENTED_EDGE('',*,*,#7052,.T.);
#9395=ORIENTED_EDGE('',*,*,#7053,.T.);
#9396=ORIENTED_EDGE('',*,*,#7054,.T.);
#9397=ORIENTED_EDGE('',*,*,#7055,.T.);
#9398=ORIENTED_EDGE('',*,*,#7056,.T.);
#9399=ORIENTED_EDGE('',*,*,#7057,.T.);
#9400=ORIENTED_EDGE('',*,*,#7058,.T.);
#9401=ORIENTED_EDGE('',*,*,#7059,.T.);
#9402=ORIENTED_EDGE('',*,*,#7060,.F.);
#9403=ORIENTED_EDGE('',*,*,#7061,.T.);
#9404=ORIENTED_EDGE('',*,*,#7062,.T.);
#9405=ORIENTED_EDGE('',*,*,#7063,.T.);
#9406=ORIENTED_EDGE('',*,*,#7064,.T.);
#9407=ORIENTED_EDGE('',*,*,#7065,.T.);
#9408=ORIENTED_EDGE('',*,*,#7066,.F.);
#9409=ORIENTED_EDGE('',*,*,#7067,.T.);
#9410=ORIENTED_EDGE('',*,*,#7068,.T.);
#9411=ORIENTED_EDGE('',*,*,#7069,.T.);
#9412=ORIENTED_EDGE('',*,*,#7070,.F.);
#9413=ORIENTED_EDGE('',*,*,#7071,.T.);
#9414=ORIENTED_EDGE('',*,*,#7072,.F.);
#9415=ORIENTED_EDGE('',*,*,#7073,.T.);
#9416=ORIENTED_EDGE('',*,*,#7074,.F.);
#9417=ORIENTED_EDGE('',*,*,#7075,.T.);
#9418=ORIENTED_EDGE('',*,*,#7076,.F.);
#9419=ORIENTED_EDGE('',*,*,#7077,.T.);
#9420=ORIENTED_EDGE('',*,*,#7078,.F.);
#9421=ORIENTED_EDGE('',*,*,#7079,.T.);
#9422=ORIENTED_EDGE('',*,*,#7080,.T.);
#9423=ORIENTED_EDGE('',*,*,#7081,.T.);
#9424=ORIENTED_EDGE('',*,*,#7082,.F.);
#9425=ORIENTED_EDGE('',*,*,#7083,.T.);
#9426=ORIENTED_EDGE('',*,*,#7084,.F.);
#9427=ORIENTED_EDGE('',*,*,#7085,.T.);
#9428=ORIENTED_EDGE('',*,*,#7086,.T.);
#9429=ORIENTED_EDGE('',*,*,#7087,.T.);
#9430=ORIENTED_EDGE('',*,*,#7068,.F.);
#9431=ORIENTED_EDGE('',*,*,#7088,.T.);
#9432=ORIENTED_EDGE('',*,*,#7040,.F.);
#9433=ORIENTED_EDGE('',*,*,#7089,.T.);
#9434=ORIENTED_EDGE('',*,*,#7080,.F.);
#9435=ORIENTED_EDGE('',*,*,#7090,.T.);
#9436=ORIENTED_EDGE('',*,*,#7091,.T.);
#9437=ORIENTED_EDGE('',*,*,#7092,.T.);
#9438=ORIENTED_EDGE('',*,*,#7093,.F.);
#9439=ORIENTED_EDGE('',*,*,#7094,.T.);
#9440=ORIENTED_EDGE('',*,*,#7076,.T.);
#9441=ORIENTED_EDGE('',*,*,#7095,.T.);
#9442=ORIENTED_EDGE('',*,*,#7096,.T.);
#9443=ORIENTED_EDGE('',*,*,#7097,.T.);
#9444=ORIENTED_EDGE('',*,*,#7098,.F.);
#9445=ORIENTED_EDGE('',*,*,#7099,.F.);
#9446=ORIENTED_EDGE('',*,*,#7100,.F.);
#9447=ORIENTED_EDGE('',*,*,#7101,.T.);
#9448=ORIENTED_EDGE('',*,*,#7102,.T.);
#9449=ORIENTED_EDGE('',*,*,#7103,.F.);
#9450=ORIENTED_EDGE('',*,*,#7104,.F.);
#9451=ORIENTED_EDGE('',*,*,#7105,.T.);
#9452=ORIENTED_EDGE('',*,*,#7106,.T.);
#9453=ORIENTED_EDGE('',*,*,#7107,.T.);
#9454=ORIENTED_EDGE('',*,*,#7108,.F.);
#9455=ORIENTED_EDGE('',*,*,#7109,.F.);
#9456=ORIENTED_EDGE('',*,*,#7110,.F.);
#9457=ORIENTED_EDGE('',*,*,#7111,.T.);
#9458=ORIENTED_EDGE('',*,*,#7112,.T.);
#9459=ORIENTED_EDGE('',*,*,#7113,.F.);
#9460=ORIENTED_EDGE('',*,*,#7108,.T.);
#9461=ORIENTED_EDGE('',*,*,#7114,.T.);
#9462=ORIENTED_EDGE('',*,*,#7110,.T.);
#9463=ORIENTED_EDGE('',*,*,#7115,.T.);
#9464=ORIENTED_EDGE('',*,*,#7112,.F.);
#9465=ORIENTED_EDGE('',*,*,#7116,.T.);
#9466=ORIENTED_EDGE('',*,*,#7106,.F.);
#9467=ORIENTED_EDGE('',*,*,#7117,.F.);
#9468=ORIENTED_EDGE('',*,*,#7118,.T.);
#9469=ORIENTED_EDGE('',*,*,#7119,.T.);
#9470=ORIENTED_EDGE('',*,*,#7120,.T.);
#9471=ORIENTED_EDGE('',*,*,#7121,.T.);
#9472=ORIENTED_EDGE('',*,*,#7122,.T.);
#9473=ORIENTED_EDGE('',*,*,#7123,.T.);
#9474=ORIENTED_EDGE('',*,*,#7124,.T.);
#9475=ORIENTED_EDGE('',*,*,#7125,.T.);
#9476=ORIENTED_EDGE('',*,*,#7126,.T.);
#9477=ORIENTED_EDGE('',*,*,#7127,.T.);
#9478=ORIENTED_EDGE('',*,*,#7128,.T.);
#9479=ORIENTED_EDGE('',*,*,#7129,.T.);
#9480=ORIENTED_EDGE('',*,*,#7130,.T.);
#9481=ORIENTED_EDGE('',*,*,#7131,.T.);
#9482=ORIENTED_EDGE('',*,*,#7132,.T.);
#9483=ORIENTED_EDGE('',*,*,#7133,.T.);
#9484=ORIENTED_EDGE('',*,*,#7134,.T.);
#9485=ORIENTED_EDGE('',*,*,#7135,.T.);
#9486=ORIENTED_EDGE('',*,*,#7136,.T.);
#9487=ORIENTED_EDGE('',*,*,#7137,.T.);
#9488=ORIENTED_EDGE('',*,*,#7138,.T.);
#9489=ORIENTED_EDGE('',*,*,#7139,.T.);
#9490=ORIENTED_EDGE('',*,*,#7140,.T.);
#9491=ORIENTED_EDGE('',*,*,#7141,.T.);
#9492=ORIENTED_EDGE('',*,*,#7142,.T.);
#9493=ORIENTED_EDGE('',*,*,#7143,.T.);
#9494=ORIENTED_EDGE('',*,*,#7144,.T.);
#9495=ORIENTED_EDGE('',*,*,#7145,.T.);
#9496=ORIENTED_EDGE('',*,*,#7146,.T.);
#9497=ORIENTED_EDGE('',*,*,#7147,.T.);
#9498=ORIENTED_EDGE('',*,*,#7148,.T.);
#9499=ORIENTED_EDGE('',*,*,#7149,.T.);
#9500=ORIENTED_EDGE('',*,*,#7150,.T.);
#9501=ORIENTED_EDGE('',*,*,#7151,.T.);
#9502=ORIENTED_EDGE('',*,*,#7152,.T.);
#9503=ORIENTED_EDGE('',*,*,#7153,.T.);
#9504=ORIENTED_EDGE('',*,*,#7154,.T.);
#9505=ORIENTED_EDGE('',*,*,#7155,.T.);
#9506=ORIENTED_EDGE('',*,*,#7156,.T.);
#9507=ORIENTED_EDGE('',*,*,#7157,.T.);
#9508=ORIENTED_EDGE('',*,*,#7158,.T.);
#9509=ORIENTED_EDGE('',*,*,#7159,.T.);
#9510=ORIENTED_EDGE('',*,*,#7160,.T.);
#9511=ORIENTED_EDGE('',*,*,#7161,.T.);
#9512=ORIENTED_EDGE('',*,*,#7162,.T.);
#9513=ORIENTED_EDGE('',*,*,#7163,.T.);
#9514=ORIENTED_EDGE('',*,*,#7164,.T.);
#9515=ORIENTED_EDGE('',*,*,#7165,.T.);
#9516=ORIENTED_EDGE('',*,*,#7166,.T.);
#9517=ORIENTED_EDGE('',*,*,#7167,.T.);
#9518=ORIENTED_EDGE('',*,*,#7168,.T.);
#9519=ORIENTED_EDGE('',*,*,#7169,.T.);
#9520=ORIENTED_EDGE('',*,*,#7170,.F.);
#9521=ORIENTED_EDGE('',*,*,#7171,.T.);
#9522=ORIENTED_EDGE('',*,*,#7172,.F.);
#9523=ORIENTED_EDGE('',*,*,#7173,.T.);
#9524=ORIENTED_EDGE('',*,*,#7174,.F.);
#9525=ORIENTED_EDGE('',*,*,#7175,.T.);
#9526=ORIENTED_EDGE('',*,*,#7176,.F.);
#9527=ORIENTED_EDGE('',*,*,#7177,.T.);
#9528=ORIENTED_EDGE('',*,*,#7178,.F.);
#9529=ORIENTED_EDGE('',*,*,#7179,.T.);
#9530=ORIENTED_EDGE('',*,*,#7062,.F.);
#9531=ORIENTED_EDGE('',*,*,#7180,.T.);
#9532=ORIENTED_EDGE('',*,*,#7181,.F.);
#9533=ORIENTED_EDGE('',*,*,#7182,.T.);
#9534=ORIENTED_EDGE('',*,*,#7172,.T.);
#9535=ORIENTED_EDGE('',*,*,#7183,.T.);
#9536=ORIENTED_EDGE('',*,*,#7184,.F.);
#9537=ORIENTED_EDGE('',*,*,#7185,.T.);
#9538=ORIENTED_EDGE('',*,*,#7174,.T.);
#9539=ORIENTED_EDGE('',*,*,#7186,.T.);
#9540=ORIENTED_EDGE('',*,*,#7187,.F.);
#9541=ORIENTED_EDGE('',*,*,#7188,.T.);
#9542=ORIENTED_EDGE('',*,*,#7176,.T.);
#9543=ORIENTED_EDGE('',*,*,#7189,.T.);
#9544=ORIENTED_EDGE('',*,*,#7170,.T.);
#9545=ORIENTED_EDGE('',*,*,#7190,.T.);
#9546=ORIENTED_EDGE('',*,*,#7191,.F.);
#9547=ORIENTED_EDGE('',*,*,#7192,.T.);
#9548=ORIENTED_EDGE('',*,*,#7193,.T.);
#9549=ORIENTED_EDGE('',*,*,#7194,.T.);
#9550=ORIENTED_EDGE('',*,*,#7195,.F.);
#9551=ORIENTED_EDGE('',*,*,#7196,.T.);
#9552=ORIENTED_EDGE('',*,*,#7178,.T.);
#9553=ORIENTED_EDGE('',*,*,#7197,.T.);
#9554=ORIENTED_EDGE('',*,*,#7191,.T.);
#9555=ORIENTED_EDGE('',*,*,#7198,.T.);
#9556=ORIENTED_EDGE('',*,*,#7187,.T.);
#9557=ORIENTED_EDGE('',*,*,#7199,.T.);
#9558=ORIENTED_EDGE('',*,*,#7184,.T.);
#9559=ORIENTED_EDGE('',*,*,#7200,.T.);
#9560=ORIENTED_EDGE('',*,*,#7181,.T.);
#9561=ORIENTED_EDGE('',*,*,#7201,.T.);
#9562=ORIENTED_EDGE('',*,*,#7093,.T.);
#9563=ORIENTED_EDGE('',*,*,#7202,.T.);
#9564=ORIENTED_EDGE('',*,*,#7203,.F.);
#9565=ORIENTED_EDGE('',*,*,#7204,.T.);
#9566=ORIENTED_EDGE('',*,*,#7205,.T.);
#9567=ORIENTED_EDGE('',*,*,#7206,.T.);
#9568=ORIENTED_EDGE('',*,*,#7207,.T.);
#9569=ORIENTED_EDGE('',*,*,#7208,.T.);
#9570=ORIENTED_EDGE('',*,*,#7209,.F.);
#9571=ORIENTED_EDGE('',*,*,#7210,.T.);
#9572=ORIENTED_EDGE('',*,*,#7211,.T.);
#9573=ORIENTED_EDGE('',*,*,#7212,.T.);
#9574=ORIENTED_EDGE('',*,*,#7213,.F.);
#9575=ORIENTED_EDGE('',*,*,#7214,.T.);
#9576=ORIENTED_EDGE('',*,*,#7215,.F.);
#9577=ORIENTED_EDGE('',*,*,#7216,.T.);
#9578=ORIENTED_EDGE('',*,*,#7091,.F.);
#9579=ORIENTED_EDGE('',*,*,#7217,.T.);
#9580=ORIENTED_EDGE('',*,*,#7218,.T.);
#9581=ORIENTED_EDGE('',*,*,#7219,.T.);
#9582=ORIENTED_EDGE('',*,*,#7220,.T.);
#9583=ORIENTED_EDGE('',*,*,#7221,.T.);
#9584=ORIENTED_EDGE('',*,*,#7086,.F.);
#9585=ORIENTED_EDGE('',*,*,#7222,.T.);
#9586=ORIENTED_EDGE('',*,*,#7028,.T.);
#9587=ORIENTED_EDGE('',*,*,#7031,.T.);
#9588=ORIENTED_EDGE('',*,*,#7034,.T.);
#9589=ORIENTED_EDGE('',*,*,#7037,.T.);
#9590=ORIENTED_EDGE('',*,*,#7066,.T.);
#9591=ORIENTED_EDGE('',*,*,#7223,.T.);
#9592=ORIENTED_EDGE('',*,*,#7193,.F.);
#9593=ORIENTED_EDGE('',*,*,#7224,.T.);
#9594=ORIENTED_EDGE('',*,*,#7205,.F.);
#9595=ORIENTED_EDGE('',*,*,#7225,.T.);
#9596=ORIENTED_EDGE('',*,*,#7052,.F.);
#9597=ORIENTED_EDGE('',*,*,#7226,.T.);
#9598=ORIENTED_EDGE('',*,*,#7064,.F.);
#9599=ORIENTED_EDGE('',*,*,#7227,.T.);
#9600=ORIENTED_EDGE('',*,*,#7195,.T.);
#9601=ORIENTED_EDGE('',*,*,#7228,.T.);
#9602=ORIENTED_EDGE('',*,*,#7229,.T.);
#9603=ORIENTED_EDGE('',*,*,#7230,.T.);
#9604=ORIENTED_EDGE('',*,*,#7231,.T.);
#9605=ORIENTED_EDGE('',*,*,#7232,.F.);
#9606=ORIENTED_EDGE('',*,*,#7233,.T.);
#9607=ORIENTED_EDGE('',*,*,#7234,.T.);
#9608=ORIENTED_EDGE('',*,*,#7235,.T.);
#9609=ORIENTED_EDGE('',*,*,#7236,.F.);
#9610=ORIENTED_EDGE('',*,*,#7237,.T.);
#9611=ORIENTED_EDGE('',*,*,#7238,.T.);
#9612=ORIENTED_EDGE('',*,*,#7239,.T.);
#9613=ORIENTED_EDGE('',*,*,#7240,.F.);
#9614=ORIENTED_EDGE('',*,*,#7241,.T.);
#9615=ORIENTED_EDGE('',*,*,#7242,.T.);
#9616=ORIENTED_EDGE('',*,*,#7243,.T.);
#9617=ORIENTED_EDGE('',*,*,#7244,.F.);
#9618=ORIENTED_EDGE('',*,*,#7245,.T.);
#9619=ORIENTED_EDGE('',*,*,#7232,.T.);
#9620=ORIENTED_EDGE('',*,*,#7246,.T.);
#9621=ORIENTED_EDGE('',*,*,#7244,.T.);
#9622=ORIENTED_EDGE('',*,*,#7247,.T.);
#9623=ORIENTED_EDGE('',*,*,#7240,.T.);
#9624=ORIENTED_EDGE('',*,*,#7248,.T.);
#9625=ORIENTED_EDGE('',*,*,#7236,.T.);
#9626=ORIENTED_EDGE('',*,*,#7249,.F.);
#9627=ORIENTED_EDGE('',*,*,#7250,.T.);
#9628=ORIENTED_EDGE('',*,*,#7251,.F.);
#9629=ORIENTED_EDGE('',*,*,#7252,.T.);
#9630=ORIENTED_EDGE('',*,*,#7253,.F.);
#9631=ORIENTED_EDGE('',*,*,#7254,.T.);
#9632=ORIENTED_EDGE('',*,*,#7255,.F.);
#9633=ORIENTED_EDGE('',*,*,#7256,.T.);
#9634=ORIENTED_EDGE('',*,*,#7239,.F.);
#9635=ORIENTED_EDGE('',*,*,#7257,.T.);
#9636=ORIENTED_EDGE('',*,*,#7233,.F.);
#9637=ORIENTED_EDGE('',*,*,#7248,.F.);
#9638=ORIENTED_EDGE('',*,*,#7243,.F.);
#9639=ORIENTED_EDGE('',*,*,#7258,.T.);
#9640=ORIENTED_EDGE('',*,*,#7237,.F.);
#9641=ORIENTED_EDGE('',*,*,#7247,.F.);
#9642=ORIENTED_EDGE('',*,*,#7231,.F.);
#9643=ORIENTED_EDGE('',*,*,#7259,.T.);
#9644=ORIENTED_EDGE('',*,*,#7241,.F.);
#9645=ORIENTED_EDGE('',*,*,#7246,.F.);
#9646=ORIENTED_EDGE('',*,*,#7235,.F.);
#9647=ORIENTED_EDGE('',*,*,#7260,.T.);
#9648=ORIENTED_EDGE('',*,*,#7229,.F.);
#9649=ORIENTED_EDGE('',*,*,#7245,.F.);
#9650=ORIENTED_EDGE('',*,*,#7199,.F.);
#9651=ORIENTED_EDGE('',*,*,#7189,.F.);
#9652=ORIENTED_EDGE('',*,*,#7175,.F.);
#9653=ORIENTED_EDGE('',*,*,#7185,.F.);
#9654=ORIENTED_EDGE('',*,*,#7198,.F.);
#9655=ORIENTED_EDGE('',*,*,#7190,.F.);
#9656=ORIENTED_EDGE('',*,*,#7177,.F.);
#9657=ORIENTED_EDGE('',*,*,#7188,.F.);
#9658=ORIENTED_EDGE('',*,*,#7197,.F.);
#9659=ORIENTED_EDGE('',*,*,#7183,.F.);
#9660=ORIENTED_EDGE('',*,*,#7171,.F.);
#9661=ORIENTED_EDGE('',*,*,#7192,.F.);
#9662=ORIENTED_EDGE('',*,*,#7200,.F.);
#9663=ORIENTED_EDGE('',*,*,#7186,.F.);
#9664=ORIENTED_EDGE('',*,*,#7173,.F.);
#9665=ORIENTED_EDGE('',*,*,#7182,.F.);
#9666=ORIENTED_EDGE('',*,*,#7156,.F.);
#9667=ORIENTED_EDGE('',*,*,#7261,.T.);
#9668=ORIENTED_EDGE('',*,*,#7158,.F.);
#9669=ORIENTED_EDGE('',*,*,#7262,.T.);
#9670=ORIENTED_EDGE('',*,*,#7152,.F.);
#9671=ORIENTED_EDGE('',*,*,#7263,.T.);
#9672=ORIENTED_EDGE('',*,*,#7154,.F.);
#9673=ORIENTED_EDGE('',*,*,#7264,.T.);
#9674=ORIENTED_EDGE('',*,*,#7148,.F.);
#9675=ORIENTED_EDGE('',*,*,#7265,.T.);
#9676=ORIENTED_EDGE('',*,*,#7150,.F.);
#9677=ORIENTED_EDGE('',*,*,#7266,.T.);
#9678=ORIENTED_EDGE('',*,*,#7160,.F.);
#9679=ORIENTED_EDGE('',*,*,#7267,.T.);
#9680=ORIENTED_EDGE('',*,*,#7146,.F.);
#9681=ORIENTED_EDGE('',*,*,#7268,.T.);
#9682=ORIENTED_EDGE('',*,*,#7269,.F.);
#9683=ORIENTED_EDGE('',*,*,#7167,.F.);
#9684=ORIENTED_EDGE('',*,*,#7270,.F.);
#9685=ORIENTED_EDGE('',*,*,#7147,.F.);
#9686=ORIENTED_EDGE('',*,*,#7270,.T.);
#9687=ORIENTED_EDGE('',*,*,#7166,.F.);
#9688=ORIENTED_EDGE('',*,*,#7271,.F.);
#9689=ORIENTED_EDGE('',*,*,#7265,.F.);
#9690=ORIENTED_EDGE('',*,*,#7269,.T.);
#9691=ORIENTED_EDGE('',*,*,#7267,.F.);
#9692=ORIENTED_EDGE('',*,*,#7272,.F.);
#9693=ORIENTED_EDGE('',*,*,#7168,.F.);
#9694=ORIENTED_EDGE('',*,*,#7271,.T.);
#9695=ORIENTED_EDGE('',*,*,#7165,.F.);
#9696=ORIENTED_EDGE('',*,*,#7273,.F.);
#9697=ORIENTED_EDGE('',*,*,#7151,.F.);
#9698=ORIENTED_EDGE('',*,*,#7272,.T.);
#9699=ORIENTED_EDGE('',*,*,#7159,.F.);
#9700=ORIENTED_EDGE('',*,*,#7274,.F.);
#9701=ORIENTED_EDGE('',*,*,#7169,.F.);
#9702=ORIENTED_EDGE('',*,*,#7273,.T.);
#9703=ORIENTED_EDGE('',*,*,#7164,.F.);
#9704=ORIENTED_EDGE('',*,*,#7275,.F.);
#9705=ORIENTED_EDGE('',*,*,#7263,.F.);
#9706=ORIENTED_EDGE('',*,*,#7274,.T.);
#9707=ORIENTED_EDGE('',*,*,#7261,.F.);
#9708=ORIENTED_EDGE('',*,*,#7276,.F.);
#9709=ORIENTED_EDGE('',*,*,#7162,.F.);
#9710=ORIENTED_EDGE('',*,*,#7275,.T.);
#9711=ORIENTED_EDGE('',*,*,#7163,.F.);
#9712=ORIENTED_EDGE('',*,*,#7276,.T.);
#9713=ORIENTED_EDGE('',*,*,#7155,.F.);
#9714=ORIENTED_EDGE('',*,*,#7277,.F.);
#9715=ORIENTED_EDGE('',*,*,#7149,.F.);
#9716=ORIENTED_EDGE('',*,*,#7278,.F.);
#9717=ORIENTED_EDGE('',*,*,#7123,.F.);
#9718=ORIENTED_EDGE('',*,*,#7278,.T.);
#9719=ORIENTED_EDGE('',*,*,#7266,.F.);
#9720=ORIENTED_EDGE('',*,*,#7279,.F.);
#9721=ORIENTED_EDGE('',*,*,#7124,.F.);
#9722=ORIENTED_EDGE('',*,*,#7277,.T.);
#9723=ORIENTED_EDGE('',*,*,#7122,.F.);
#9724=ORIENTED_EDGE('',*,*,#7280,.F.);
#9725=ORIENTED_EDGE('',*,*,#7268,.F.);
#9726=ORIENTED_EDGE('',*,*,#7279,.T.);
#9727=ORIENTED_EDGE('',*,*,#7153,.F.);
#9728=ORIENTED_EDGE('',*,*,#7281,.F.);
#9729=ORIENTED_EDGE('',*,*,#7125,.F.);
#9730=ORIENTED_EDGE('',*,*,#7280,.T.);
#9731=ORIENTED_EDGE('',*,*,#7121,.F.);
#9732=ORIENTED_EDGE('',*,*,#7282,.F.);
#9733=ORIENTED_EDGE('',*,*,#7161,.F.);
#9734=ORIENTED_EDGE('',*,*,#7281,.T.);
#9735=ORIENTED_EDGE('',*,*,#7264,.F.);
#9736=ORIENTED_EDGE('',*,*,#7283,.F.);
#9737=ORIENTED_EDGE('',*,*,#7118,.F.);
#9738=ORIENTED_EDGE('',*,*,#7282,.T.);
#9739=ORIENTED_EDGE('',*,*,#7120,.F.);
#9740=ORIENTED_EDGE('',*,*,#7284,.F.);
#9741=ORIENTED_EDGE('',*,*,#7262,.F.);
#9742=ORIENTED_EDGE('',*,*,#7283,.T.);
#9743=ORIENTED_EDGE('',*,*,#7157,.F.);
#9744=ORIENTED_EDGE('',*,*,#7284,.T.);
#9745=ORIENTED_EDGE('',*,*,#7119,.F.);
#9746=ORIENTED_EDGE('',*,*,#7082,.T.);
#9747=ORIENTED_EDGE('',*,*,#7285,.T.);
#9748=ORIENTED_EDGE('',*,*,#7038,.F.);
#9749=ORIENTED_EDGE('',*,*,#7286,.T.);
#9750=ORIENTED_EDGE('',*,*,#7287,.F.);
#9751=ORIENTED_EDGE('',*,*,#7288,.T.);
#9752=ORIENTED_EDGE('',*,*,#7054,.F.);
#9753=ORIENTED_EDGE('',*,*,#7289,.T.);
#9754=ORIENTED_EDGE('',*,*,#7290,.T.);
#9755=ORIENTED_EDGE('',*,*,#7105,.F.);
#9756=ORIENTED_EDGE('',*,*,#7291,.T.);
#9757=ORIENTED_EDGE('',*,*,#7292,.T.);
#9758=ORIENTED_EDGE('',*,*,#7293,.T.);
#9759=ORIENTED_EDGE('',*,*,#7294,.T.);
#9760=ORIENTED_EDGE('',*,*,#7056,.F.);
#9761=ORIENTED_EDGE('',*,*,#7295,.T.);
#9762=ORIENTED_EDGE('',*,*,#7296,.T.);
#9763=ORIENTED_EDGE('',*,*,#7297,.T.);
#9764=ORIENTED_EDGE('',*,*,#7058,.F.);
#9765=ORIENTED_EDGE('',*,*,#7298,.T.);
#9766=ORIENTED_EDGE('',*,*,#7060,.T.);
#9767=ORIENTED_EDGE('',*,*,#7299,.T.);
#9768=ORIENTED_EDGE('',*,*,#7300,.F.);
#9769=ORIENTED_EDGE('',*,*,#7301,.T.);
#9770=ORIENTED_EDGE('',*,*,#7300,.T.);
#9771=ORIENTED_EDGE('',*,*,#7302,.T.);
#9772=ORIENTED_EDGE('',*,*,#7296,.F.);
#9773=ORIENTED_EDGE('',*,*,#7303,.T.);
#9774=ORIENTED_EDGE('',*,*,#7293,.F.);
#9775=ORIENTED_EDGE('',*,*,#7304,.T.);
#9776=ORIENTED_EDGE('',*,*,#7287,.T.);
#9777=ORIENTED_EDGE('',*,*,#7305,.T.);
#9778=ORIENTED_EDGE('',*,*,#7113,.T.);
#9779=ORIENTED_EDGE('',*,*,#7117,.T.);
#9780=ORIENTED_EDGE('',*,*,#7109,.T.);
#9781=ORIENTED_EDGE('',*,*,#7115,.F.);
#9782=ORIENTED_EDGE('',*,*,#7306,.T.);
#9783=ORIENTED_EDGE('',*,*,#7307,.T.);
#9784=ORIENTED_EDGE('',*,*,#7308,.T.);
#9785=ORIENTED_EDGE('',*,*,#7046,.T.);
#9786=ORIENTED_EDGE('',*,*,#7309,.T.);
#9787=ORIENTED_EDGE('',*,*,#7310,.T.);
#9788=ORIENTED_EDGE('',*,*,#7311,.T.);
#9789=ORIENTED_EDGE('',*,*,#7209,.T.);
#9790=ORIENTED_EDGE('',*,*,#7312,.F.);
#9791=ORIENTED_EDGE('',*,*,#7313,.F.);
#9792=ORIENTED_EDGE('',*,*,#7314,.T.);
#9793=ORIENTED_EDGE('',*,*,#7048,.T.);
#9794=ORIENTED_EDGE('',*,*,#7315,.T.);
#9795=ORIENTED_EDGE('',*,*,#7316,.T.);
#9796=ORIENTED_EDGE('',*,*,#7317,.T.);
#9797=ORIENTED_EDGE('',*,*,#7211,.F.);
#9798=ORIENTED_EDGE('',*,*,#7318,.T.);
#9799=ORIENTED_EDGE('',*,*,#7319,.T.);
#9800=ORIENTED_EDGE('',*,*,#7320,.T.);
#9801=ORIENTED_EDGE('',*,*,#7044,.T.);
#9802=ORIENTED_EDGE('',*,*,#7321,.F.);
#9803=ORIENTED_EDGE('',*,*,#7322,.F.);
#9804=ORIENTED_EDGE('',*,*,#7323,.T.);
#9805=ORIENTED_EDGE('',*,*,#7213,.T.);
#9806=ORIENTED_EDGE('',*,*,#7305,.F.);
#9807=ORIENTED_EDGE('',*,*,#7286,.F.);
#9808=ORIENTED_EDGE('',*,*,#7061,.F.);
#9809=ORIENTED_EDGE('',*,*,#7301,.F.);
#9810=ORIENTED_EDGE('',*,*,#7304,.F.);
#9811=ORIENTED_EDGE('',*,*,#7295,.F.);
#9812=ORIENTED_EDGE('',*,*,#7055,.F.);
#9813=ORIENTED_EDGE('',*,*,#7288,.F.);
#9814=ORIENTED_EDGE('',*,*,#7324,.T.);
#9815=ORIENTED_EDGE('',*,*,#7325,.T.);
#9816=ORIENTED_EDGE('',*,*,#7326,.T.);
#9817=ORIENTED_EDGE('',*,*,#7251,.T.);
#9818=ORIENTED_EDGE('',*,*,#7327,.T.);
#9819=ORIENTED_EDGE('',*,*,#7084,.T.);
#9820=ORIENTED_EDGE('',*,*,#7328,.F.);
#9821=ORIENTED_EDGE('',*,*,#7329,.F.);
#9822=ORIENTED_EDGE('',*,*,#7103,.T.);
#9823=ORIENTED_EDGE('',*,*,#7330,.T.);
#9824=ORIENTED_EDGE('',*,*,#7331,.T.);
#9825=ORIENTED_EDGE('',*,*,#7332,.T.);
#9826=ORIENTED_EDGE('',*,*,#7253,.T.);
#9827=ORIENTED_EDGE('',*,*,#7333,.T.);
#9828=ORIENTED_EDGE('',*,*,#7255,.T.);
#9829=ORIENTED_EDGE('',*,*,#7334,.T.);
#9830=ORIENTED_EDGE('',*,*,#7335,.T.);
#9831=ORIENTED_EDGE('',*,*,#7072,.T.);
#9832=ORIENTED_EDGE('',*,*,#7336,.T.);
#9833=ORIENTED_EDGE('',*,*,#7249,.T.);
#9834=ORIENTED_EDGE('',*,*,#7337,.T.);
#9835=ORIENTED_EDGE('',*,*,#7070,.T.);
#9836=ORIENTED_EDGE('',*,*,#7338,.T.);
#9837=ORIENTED_EDGE('',*,*,#7078,.T.);
#9838=ORIENTED_EDGE('',*,*,#7339,.T.);
#9839=ORIENTED_EDGE('',*,*,#7340,.F.);
#9840=ORIENTED_EDGE('',*,*,#7334,.F.);
#9841=ORIENTED_EDGE('',*,*,#7254,.F.);
#9842=ORIENTED_EDGE('',*,*,#7332,.F.);
#9843=ORIENTED_EDGE('',*,*,#7071,.F.);
#9844=ORIENTED_EDGE('',*,*,#7337,.F.);
#9845=ORIENTED_EDGE('',*,*,#7256,.F.);
#9846=ORIENTED_EDGE('',*,*,#7336,.F.);
#9847=ORIENTED_EDGE('',*,*,#7085,.F.);
#9848=ORIENTED_EDGE('',*,*,#7327,.F.);
#9849=ORIENTED_EDGE('',*,*,#7250,.F.);
#9850=ORIENTED_EDGE('',*,*,#7339,.F.);
#9851=ORIENTED_EDGE('',*,*,#7341,.F.);
#9852=ORIENTED_EDGE('',*,*,#7333,.F.);
#9853=ORIENTED_EDGE('',*,*,#7252,.F.);
#9854=ORIENTED_EDGE('',*,*,#7326,.F.);
#9855=ORIENTED_EDGE('',*,*,#7302,.F.);
#9856=ORIENTED_EDGE('',*,*,#7299,.F.);
#9857=ORIENTED_EDGE('',*,*,#7059,.F.);
#9858=ORIENTED_EDGE('',*,*,#7297,.F.);
#9859=ORIENTED_EDGE('',*,*,#7303,.F.);
#9860=ORIENTED_EDGE('',*,*,#7298,.F.);
#9861=ORIENTED_EDGE('',*,*,#7057,.F.);
#9862=ORIENTED_EDGE('',*,*,#7294,.F.);
#9863=ORIENTED_EDGE('',*,*,#7342,.F.);
#9864=ORIENTED_EDGE('',*,*,#7343,.T.);
#9865=ORIENTED_EDGE('',*,*,#7074,.T.);
#9866=ORIENTED_EDGE('',*,*,#7344,.F.);
#9867=ORIENTED_EDGE('',*,*,#7345,.F.);
#9868=ORIENTED_EDGE('',*,*,#7099,.T.);
#9869=ORIENTED_EDGE('',*,*,#7344,.T.);
#9870=ORIENTED_EDGE('',*,*,#7073,.F.);
#9871=ORIENTED_EDGE('',*,*,#7346,.F.);
#9872=ORIENTED_EDGE('',*,*,#7347,.F.);
#9873=ORIENTED_EDGE('',*,*,#7348,.T.);
#9874=ORIENTED_EDGE('',*,*,#7349,.F.);
#9875=ORIENTED_EDGE('',*,*,#7350,.T.);
#9876=ORIENTED_EDGE('',*,*,#7351,.T.);
#9877=ORIENTED_EDGE('',*,*,#7101,.F.);
#9878=ORIENTED_EDGE('',*,*,#7352,.T.);
#9879=ORIENTED_EDGE('',*,*,#7347,.T.);
#9880=ORIENTED_EDGE('',*,*,#7328,.T.);
#9881=ORIENTED_EDGE('',*,*,#7083,.F.);
#9882=ORIENTED_EDGE('',*,*,#7292,.F.);
#9883=ORIENTED_EDGE('',*,*,#7353,.T.);
#9884=ORIENTED_EDGE('',*,*,#7325,.F.);
#9885=ORIENTED_EDGE('',*,*,#7354,.T.);
#9886=ORIENTED_EDGE('',*,*,#7355,.F.);
#9887=ORIENTED_EDGE('',*,*,#7356,.T.);
#9888=ORIENTED_EDGE('',*,*,#7357,.T.);
#9889=ORIENTED_EDGE('',*,*,#7358,.T.);
#9890=ORIENTED_EDGE('',*,*,#7349,.T.);
#9891=ORIENTED_EDGE('',*,*,#7346,.T.);
#9892=ORIENTED_EDGE('',*,*,#7335,.F.);
#9893=ORIENTED_EDGE('',*,*,#7340,.T.);
#9894=ORIENTED_EDGE('',*,*,#7331,.F.);
#9895=ORIENTED_EDGE('',*,*,#7341,.T.);
#9896=ORIENTED_EDGE('',*,*,#7359,.F.);
#9897=ORIENTED_EDGE('',*,*,#7360,.T.);
#9898=ORIENTED_EDGE('',*,*,#7355,.T.);
#9899=ORIENTED_EDGE('',*,*,#7361,.F.);
#9900=ORIENTED_EDGE('',*,*,#7290,.F.);
#9901=ORIENTED_EDGE('',*,*,#7362,.T.);
#9902=ORIENTED_EDGE('',*,*,#7363,.T.);
#9903=ORIENTED_EDGE('',*,*,#7359,.T.);
#9904=ORIENTED_EDGE('',*,*,#7364,.T.);
#9905=ORIENTED_EDGE('',*,*,#7330,.F.);
#9906=ORIENTED_EDGE('',*,*,#7102,.F.);
#9907=ORIENTED_EDGE('',*,*,#7351,.F.);
#9908=ORIENTED_EDGE('',*,*,#7365,.T.);
#9909=ORIENTED_EDGE('',*,*,#7096,.F.);
#9910=ORIENTED_EDGE('',*,*,#7366,.T.);
#9911=ORIENTED_EDGE('',*,*,#7342,.T.);
#9912=ORIENTED_EDGE('',*,*,#7098,.T.);
#9913=ORIENTED_EDGE('',*,*,#7035,.F.);
#9914=ORIENTED_EDGE('',*,*,#7032,.F.);
#9915=ORIENTED_EDGE('',*,*,#7029,.F.);
#9916=ORIENTED_EDGE('',*,*,#7026,.F.);
#9917=ORIENTED_EDGE('',*,*,#7357,.F.);
#9918=ORIENTED_EDGE('',*,*,#7367,.T.);
#9919=ORIENTED_EDGE('',*,*,#7362,.F.);
#9920=ORIENTED_EDGE('',*,*,#7368,.F.);
#9921=ORIENTED_EDGE('',*,*,#7203,.T.);
#9922=ORIENTED_EDGE('',*,*,#7369,.T.);
#9923=ORIENTED_EDGE('',*,*,#7338,.F.);
#9924=ORIENTED_EDGE('',*,*,#7370,.T.);
#9925=ORIENTED_EDGE('',*,*,#7371,.F.);
#9926=ORIENTED_EDGE('',*,*,#7372,.F.);
#9927=ORIENTED_EDGE('',*,*,#7373,.F.);
#9928=ORIENTED_EDGE('',*,*,#7374,.T.);
#9929=ORIENTED_EDGE('',*,*,#7218,.F.);
#9930=ORIENTED_EDGE('',*,*,#7375,.T.);
#9931=ORIENTED_EDGE('',*,*,#7373,.T.);
#9932=ORIENTED_EDGE('',*,*,#7376,.F.);
#9933=ORIENTED_EDGE('',*,*,#7372,.T.);
#9934=ORIENTED_EDGE('',*,*,#7377,.F.);
#9935=ORIENTED_EDGE('',*,*,#7219,.F.);
#9936=ORIENTED_EDGE('',*,*,#7376,.T.);
#9937=ORIENTED_EDGE('',*,*,#7371,.T.);
#9938=ORIENTED_EDGE('',*,*,#7378,.T.);
#9939=ORIENTED_EDGE('',*,*,#7220,.F.);
#9940=ORIENTED_EDGE('',*,*,#7377,.T.);
#9941=ORIENTED_EDGE('',*,*,#7353,.F.);
#9942=ORIENTED_EDGE('',*,*,#7291,.F.);
#9943=ORIENTED_EDGE('',*,*,#7104,.T.);
#9944=ORIENTED_EDGE('',*,*,#7329,.T.);
#9945=ORIENTED_EDGE('',*,*,#7100,.T.);
#9946=ORIENTED_EDGE('',*,*,#7345,.T.);
#9947=ORIENTED_EDGE('',*,*,#7348,.F.);
#9948=ORIENTED_EDGE('',*,*,#7352,.F.);
#9949=ORIENTED_EDGE('',*,*,#7077,.F.);
#9950=ORIENTED_EDGE('',*,*,#7094,.F.);
#9951=ORIENTED_EDGE('',*,*,#7201,.F.);
#9952=ORIENTED_EDGE('',*,*,#7180,.F.);
#9953=ORIENTED_EDGE('',*,*,#7364,.F.);
#9954=ORIENTED_EDGE('',*,*,#7361,.T.);
#9955=ORIENTED_EDGE('',*,*,#7354,.F.);
#9956=ORIENTED_EDGE('',*,*,#7324,.F.);
#9957=ORIENTED_EDGE('',*,*,#7363,.F.);
#9958=ORIENTED_EDGE('',*,*,#7367,.F.);
#9959=ORIENTED_EDGE('',*,*,#7356,.F.);
#9960=ORIENTED_EDGE('',*,*,#7360,.F.);
#9961=ORIENTED_EDGE('',*,*,#7365,.F.);
#9962=ORIENTED_EDGE('',*,*,#7350,.F.);
#9963=ORIENTED_EDGE('',*,*,#7358,.F.);
#9964=ORIENTED_EDGE('',*,*,#7369,.F.);
#9965=ORIENTED_EDGE('',*,*,#7202,.F.);
#9966=ORIENTED_EDGE('',*,*,#7097,.F.);
#9967=ORIENTED_EDGE('',*,*,#7075,.F.);
#9968=ORIENTED_EDGE('',*,*,#7343,.F.);
#9969=ORIENTED_EDGE('',*,*,#7366,.F.);
#9970=ORIENTED_EDGE('',*,*,#7095,.F.);
#9971=ORIENTED_EDGE('',*,*,#7065,.F.);
#9972=ORIENTED_EDGE('',*,*,#7228,.F.);
#9973=ORIENTED_EDGE('',*,*,#7194,.F.);
#9974=ORIENTED_EDGE('',*,*,#7223,.F.);
#9975=ORIENTED_EDGE('',*,*,#7067,.F.);
#9976=ORIENTED_EDGE('',*,*,#7224,.F.);
#9977=ORIENTED_EDGE('',*,*,#7222,.F.);
#9978=ORIENTED_EDGE('',*,*,#7088,.F.);
#9979=ORIENTED_EDGE('',*,*,#7214,.F.);
#9980=ORIENTED_EDGE('',*,*,#7323,.F.);
#9981=ORIENTED_EDGE('',*,*,#7379,.T.);
#9982=ORIENTED_EDGE('',*,*,#7380,.T.);
#9983=ORIENTED_EDGE('',*,*,#7043,.F.);
#9984=ORIENTED_EDGE('',*,*,#7381,.F.);
#9985=ORIENTED_EDGE('',*,*,#7382,.T.);
#9986=ORIENTED_EDGE('',*,*,#7321,.T.);
#9987=ORIENTED_EDGE('',*,*,#7042,.F.);
#9988=ORIENTED_EDGE('',*,*,#7383,.T.);
#9989=ORIENTED_EDGE('',*,*,#7215,.T.);
#9990=ORIENTED_EDGE('',*,*,#7380,.F.);
#9991=ORIENTED_EDGE('',*,*,#7384,.T.);
#9992=ORIENTED_EDGE('',*,*,#7381,.T.);
#9993=ORIENTED_EDGE('',*,*,#7379,.F.);
#9994=ORIENTED_EDGE('',*,*,#7322,.T.);
#9995=ORIENTED_EDGE('',*,*,#7382,.F.);
#9996=ORIENTED_EDGE('',*,*,#7384,.F.);
#9997=ORIENTED_EDGE('',*,*,#7312,.T.);
#9998=ORIENTED_EDGE('',*,*,#7208,.F.);
#9999=ORIENTED_EDGE('',*,*,#7385,.F.);
#10000=ORIENTED_EDGE('',*,*,#7386,.F.);
#10001=ORIENTED_EDGE('',*,*,#7207,.F.);
#10002=ORIENTED_EDGE('',*,*,#7387,.T.);
#10003=ORIENTED_EDGE('',*,*,#7050,.T.);
#10004=ORIENTED_EDGE('',*,*,#7388,.F.);
#10005=ORIENTED_EDGE('',*,*,#7389,.F.);
#10006=ORIENTED_EDGE('',*,*,#7385,.T.);
#10007=ORIENTED_EDGE('',*,*,#7049,.F.);
#10008=ORIENTED_EDGE('',*,*,#7314,.F.);
#10009=ORIENTED_EDGE('',*,*,#7390,.T.);
#10010=ORIENTED_EDGE('',*,*,#7388,.T.);
#10011=ORIENTED_EDGE('',*,*,#7313,.T.);
#10012=ORIENTED_EDGE('',*,*,#7386,.T.);
#10013=ORIENTED_EDGE('',*,*,#7389,.T.);
#10014=ORIENTED_EDGE('',*,*,#7390,.F.);
#10015=ORIENTED_EDGE('',*,*,#7039,.F.);
#10016=ORIENTED_EDGE('',*,*,#7285,.F.);
#10017=ORIENTED_EDGE('',*,*,#7081,.F.);
#10018=ORIENTED_EDGE('',*,*,#7089,.F.);
#10019=ORIENTED_EDGE('',*,*,#7053,.F.);
#10020=ORIENTED_EDGE('',*,*,#7225,.F.);
#10021=ORIENTED_EDGE('',*,*,#7204,.F.);
#10022=ORIENTED_EDGE('',*,*,#7368,.T.);
#10023=ORIENTED_EDGE('',*,*,#7289,.F.);
#10024=ORIENTED_EDGE('',*,*,#7041,.F.);
#10025=ORIENTED_EDGE('',*,*,#7092,.F.);
#10026=ORIENTED_EDGE('',*,*,#7216,.F.);
#10027=ORIENTED_EDGE('',*,*,#7383,.F.);
#10028=ORIENTED_EDGE('',*,*,#7226,.F.);
#10029=ORIENTED_EDGE('',*,*,#7051,.F.);
#10030=ORIENTED_EDGE('',*,*,#7387,.F.);
#10031=ORIENTED_EDGE('',*,*,#7206,.F.);
#10032=ORIENTED_EDGE('',*,*,#7063,.F.);
#10033=ORIENTED_EDGE('',*,*,#7179,.F.);
#10034=ORIENTED_EDGE('',*,*,#7196,.F.);
#10035=ORIENTED_EDGE('',*,*,#7227,.F.);
#10036=ORIENTED_EDGE('',*,*,#7221,.F.);
#10037=ORIENTED_EDGE('',*,*,#7378,.F.);
#10038=ORIENTED_EDGE('',*,*,#7370,.F.);
#10039=ORIENTED_EDGE('',*,*,#7069,.F.);
#10040=ORIENTED_EDGE('',*,*,#7087,.F.);
#10041=ORIENTED_EDGE('',*,*,#7217,.F.);
#10042=ORIENTED_EDGE('',*,*,#7090,.F.);
#10043=ORIENTED_EDGE('',*,*,#7079,.F.);
#10044=ORIENTED_EDGE('',*,*,#7374,.F.);
#10045=ORIENTED_EDGE('',*,*,#7375,.F.);
#10046=ORIENTED_EDGE('',*,*,#7311,.F.);
#10047=ORIENTED_EDGE('',*,*,#7391,.T.);
#10048=ORIENTED_EDGE('',*,*,#7315,.F.);
#10049=ORIENTED_EDGE('',*,*,#7210,.F.);
#10050=ORIENTED_EDGE('',*,*,#7308,.F.);
#10051=ORIENTED_EDGE('',*,*,#7392,.T.);
#10052=ORIENTED_EDGE('',*,*,#7309,.F.);
#10053=ORIENTED_EDGE('',*,*,#7047,.F.);
#10054=ORIENTED_EDGE('',*,*,#7320,.F.);
#10055=ORIENTED_EDGE('',*,*,#7393,.T.);
#10056=ORIENTED_EDGE('',*,*,#7306,.F.);
#10057=ORIENTED_EDGE('',*,*,#7045,.F.);
#10058=ORIENTED_EDGE('',*,*,#7317,.F.);
#10059=ORIENTED_EDGE('',*,*,#7394,.T.);
#10060=ORIENTED_EDGE('',*,*,#7318,.F.);
#10061=ORIENTED_EDGE('',*,*,#7212,.F.);
#10062=ORIENTED_EDGE('',*,*,#7395,.F.);
#10063=ORIENTED_EDGE('',*,*,#7316,.F.);
#10064=ORIENTED_EDGE('',*,*,#7396,.F.);
#10065=ORIENTED_EDGE('',*,*,#7131,.F.);
#10066=ORIENTED_EDGE('',*,*,#7396,.T.);
#10067=ORIENTED_EDGE('',*,*,#7391,.F.);
#10068=ORIENTED_EDGE('',*,*,#7397,.F.);
#10069=ORIENTED_EDGE('',*,*,#7132,.F.);
#10070=ORIENTED_EDGE('',*,*,#7395,.T.);
#10071=ORIENTED_EDGE('',*,*,#7130,.F.);
#10072=ORIENTED_EDGE('',*,*,#7398,.F.);
#10073=ORIENTED_EDGE('',*,*,#7394,.F.);
#10074=ORIENTED_EDGE('',*,*,#7397,.T.);
#10075=ORIENTED_EDGE('',*,*,#7310,.F.);
#10076=ORIENTED_EDGE('',*,*,#7399,.F.);
#10077=ORIENTED_EDGE('',*,*,#7133,.F.);
#10078=ORIENTED_EDGE('',*,*,#7398,.T.);
#10079=ORIENTED_EDGE('',*,*,#7129,.F.);
#10080=ORIENTED_EDGE('',*,*,#7400,.F.);
#10081=ORIENTED_EDGE('',*,*,#7319,.F.);
#10082=ORIENTED_EDGE('',*,*,#7399,.T.);
#10083=ORIENTED_EDGE('',*,*,#7392,.F.);
#10084=ORIENTED_EDGE('',*,*,#7401,.F.);
#10085=ORIENTED_EDGE('',*,*,#7126,.F.);
#10086=ORIENTED_EDGE('',*,*,#7400,.T.);
#10087=ORIENTED_EDGE('',*,*,#7128,.F.);
#10088=ORIENTED_EDGE('',*,*,#7402,.F.);
#10089=ORIENTED_EDGE('',*,*,#7393,.F.);
#10090=ORIENTED_EDGE('',*,*,#7401,.T.);
#10091=ORIENTED_EDGE('',*,*,#7307,.F.);
#10092=ORIENTED_EDGE('',*,*,#7402,.T.);
#10093=ORIENTED_EDGE('',*,*,#7127,.F.);
#10094=ORIENTED_EDGE('',*,*,#7403,.F.);
#10095=ORIENTED_EDGE('',*,*,#7107,.F.);
#10096=ORIENTED_EDGE('',*,*,#7404,.F.);
#10097=ORIENTED_EDGE('',*,*,#7137,.F.);
#10098=ORIENTED_EDGE('',*,*,#7404,.T.);
#10099=ORIENTED_EDGE('',*,*,#7116,.F.);
#10100=ORIENTED_EDGE('',*,*,#7405,.F.);
#10101=ORIENTED_EDGE('',*,*,#7134,.F.);
#10102=ORIENTED_EDGE('',*,*,#7403,.T.);
#10103=ORIENTED_EDGE('',*,*,#7136,.F.);
#10104=ORIENTED_EDGE('',*,*,#7406,.F.);
#10105=ORIENTED_EDGE('',*,*,#7114,.F.);
#10106=ORIENTED_EDGE('',*,*,#7405,.T.);
#10107=ORIENTED_EDGE('',*,*,#7111,.F.);
#10108=ORIENTED_EDGE('',*,*,#7406,.T.);
#10109=ORIENTED_EDGE('',*,*,#7135,.F.);
#10110=ORIENTED_EDGE('',*,*,#7407,.F.);
#10111=ORIENTED_EDGE('',*,*,#7260,.F.);
#10112=ORIENTED_EDGE('',*,*,#7408,.F.);
#10113=ORIENTED_EDGE('',*,*,#7143,.F.);
#10114=ORIENTED_EDGE('',*,*,#7408,.T.);
#10115=ORIENTED_EDGE('',*,*,#7234,.F.);
#10116=ORIENTED_EDGE('',*,*,#7409,.F.);
#10117=ORIENTED_EDGE('',*,*,#7144,.F.);
#10118=ORIENTED_EDGE('',*,*,#7407,.T.);
#10119=ORIENTED_EDGE('',*,*,#7142,.F.);
#10120=ORIENTED_EDGE('',*,*,#7410,.F.);
#10121=ORIENTED_EDGE('',*,*,#7230,.F.);
#10122=ORIENTED_EDGE('',*,*,#7409,.T.);
#10123=ORIENTED_EDGE('',*,*,#7257,.F.);
#10124=ORIENTED_EDGE('',*,*,#7411,.F.);
#10125=ORIENTED_EDGE('',*,*,#7145,.F.);
#10126=ORIENTED_EDGE('',*,*,#7410,.T.);
#10127=ORIENTED_EDGE('',*,*,#7141,.F.);
#10128=ORIENTED_EDGE('',*,*,#7412,.F.);
#10129=ORIENTED_EDGE('',*,*,#7259,.F.);
#10130=ORIENTED_EDGE('',*,*,#7411,.T.);
#10131=ORIENTED_EDGE('',*,*,#7238,.F.);
#10132=ORIENTED_EDGE('',*,*,#7413,.F.);
#10133=ORIENTED_EDGE('',*,*,#7138,.F.);
#10134=ORIENTED_EDGE('',*,*,#7412,.T.);
#10135=ORIENTED_EDGE('',*,*,#7140,.F.);
#10136=ORIENTED_EDGE('',*,*,#7414,.F.);
#10137=ORIENTED_EDGE('',*,*,#7242,.F.);
#10138=ORIENTED_EDGE('',*,*,#7413,.T.);
#10139=ORIENTED_EDGE('',*,*,#7258,.F.);
#10140=ORIENTED_EDGE('',*,*,#7414,.T.);
#10141=ORIENTED_EDGE('',*,*,#7139,.F.);
#10142=ORIENTED_EDGE('',*,*,#7415,.F.);
#10143=ORIENTED_EDGE('',*,*,#7416,.T.);
#10144=ORIENTED_EDGE('',*,*,#7417,.T.);
#10145=ORIENTED_EDGE('',*,*,#7418,.F.);
#10146=ORIENTED_EDGE('',*,*,#7419,.F.);
#10147=ORIENTED_EDGE('',*,*,#7420,.T.);
#10148=ORIENTED_EDGE('',*,*,#7421,.T.);
#10149=ORIENTED_EDGE('',*,*,#7422,.F.);
#10150=ORIENTED_EDGE('',*,*,#7423,.F.);
#10151=ORIENTED_EDGE('',*,*,#7424,.T.);
#10152=ORIENTED_EDGE('',*,*,#7425,.T.);
#10153=ORIENTED_EDGE('',*,*,#7426,.F.);
#10154=ORIENTED_EDGE('',*,*,#7427,.F.);
#10155=ORIENTED_EDGE('',*,*,#7428,.T.);
#10156=ORIENTED_EDGE('',*,*,#7429,.T.);
#10157=ORIENTED_EDGE('',*,*,#7430,.F.);
#10158=ORIENTED_EDGE('',*,*,#7431,.F.);
#10159=ORIENTED_EDGE('',*,*,#7432,.T.);
#10160=ORIENTED_EDGE('',*,*,#7433,.T.);
#10161=ORIENTED_EDGE('',*,*,#7434,.F.);
#10162=ORIENTED_EDGE('',*,*,#7435,.F.);
#10163=ORIENTED_EDGE('',*,*,#7436,.T.);
#10164=ORIENTED_EDGE('',*,*,#7437,.T.);
#10165=ORIENTED_EDGE('',*,*,#7438,.F.);
#10166=ORIENTED_EDGE('',*,*,#7439,.F.);
#10167=ORIENTED_EDGE('',*,*,#7440,.T.);
#10168=ORIENTED_EDGE('',*,*,#7441,.T.);
#10169=ORIENTED_EDGE('',*,*,#7442,.F.);
#10170=ORIENTED_EDGE('',*,*,#7443,.F.);
#10171=ORIENTED_EDGE('',*,*,#7444,.T.);
#10172=ORIENTED_EDGE('',*,*,#7445,.T.);
#10173=ORIENTED_EDGE('',*,*,#7446,.F.);
#10174=ORIENTED_EDGE('',*,*,#7447,.F.);
#10175=ORIENTED_EDGE('',*,*,#7448,.T.);
#10176=ORIENTED_EDGE('',*,*,#7449,.T.);
#10177=ORIENTED_EDGE('',*,*,#7450,.F.);
#10178=ORIENTED_EDGE('',*,*,#7451,.F.);
#10179=ORIENTED_EDGE('',*,*,#7452,.T.);
#10180=ORIENTED_EDGE('',*,*,#7453,.T.);
#10181=ORIENTED_EDGE('',*,*,#7454,.F.);
#10182=ORIENTED_EDGE('',*,*,#7455,.F.);
#10183=ORIENTED_EDGE('',*,*,#7456,.T.);
#10184=ORIENTED_EDGE('',*,*,#7457,.T.);
#10185=ORIENTED_EDGE('',*,*,#7458,.F.);
#10186=ORIENTED_EDGE('',*,*,#7459,.F.);
#10187=ORIENTED_EDGE('',*,*,#7460,.T.);
#10188=ORIENTED_EDGE('',*,*,#7461,.T.);
#10189=ORIENTED_EDGE('',*,*,#7462,.F.);
#10190=ORIENTED_EDGE('',*,*,#7463,.F.);
#10191=ORIENTED_EDGE('',*,*,#7464,.T.);
#10192=ORIENTED_EDGE('',*,*,#7465,.T.);
#10193=ORIENTED_EDGE('',*,*,#7466,.F.);
#10194=ORIENTED_EDGE('',*,*,#7467,.F.);
#10195=ORIENTED_EDGE('',*,*,#7468,.T.);
#10196=ORIENTED_EDGE('',*,*,#7469,.T.);
#10197=ORIENTED_EDGE('',*,*,#7470,.F.);
#10198=ORIENTED_EDGE('',*,*,#7471,.F.);
#10199=ORIENTED_EDGE('',*,*,#7472,.T.);
#10200=ORIENTED_EDGE('',*,*,#7473,.T.);
#10201=ORIENTED_EDGE('',*,*,#7474,.F.);
#10202=ORIENTED_EDGE('',*,*,#7475,.F.);
#10203=ORIENTED_EDGE('',*,*,#7476,.T.);
#10204=ORIENTED_EDGE('',*,*,#7477,.T.);
#10205=ORIENTED_EDGE('',*,*,#7478,.F.);
#10206=ORIENTED_EDGE('',*,*,#7479,.F.);
#10207=ORIENTED_EDGE('',*,*,#7480,.T.);
#10208=ORIENTED_EDGE('',*,*,#7481,.T.);
#10209=ORIENTED_EDGE('',*,*,#7482,.F.);
#10210=ORIENTED_EDGE('',*,*,#7483,.F.);
#10211=ORIENTED_EDGE('',*,*,#7484,.T.);
#10212=ORIENTED_EDGE('',*,*,#7485,.T.);
#10213=ORIENTED_EDGE('',*,*,#7486,.F.);
#10214=ORIENTED_EDGE('',*,*,#7487,.F.);
#10215=ORIENTED_EDGE('',*,*,#7488,.T.);
#10216=ORIENTED_EDGE('',*,*,#7489,.T.);
#10217=ORIENTED_EDGE('',*,*,#7490,.F.);
#10218=ORIENTED_EDGE('',*,*,#7491,.F.);
#10219=ORIENTED_EDGE('',*,*,#7492,.T.);
#10220=ORIENTED_EDGE('',*,*,#7493,.T.);
#10221=ORIENTED_EDGE('',*,*,#7494,.F.);
#10222=ORIENTED_EDGE('',*,*,#7495,.F.);
#10223=ORIENTED_EDGE('',*,*,#7496,.T.);
#10224=ORIENTED_EDGE('',*,*,#7497,.T.);
#10225=ORIENTED_EDGE('',*,*,#7498,.F.);
#10226=ORIENTED_EDGE('',*,*,#7499,.F.);
#10227=ORIENTED_EDGE('',*,*,#7500,.T.);
#10228=ORIENTED_EDGE('',*,*,#7501,.T.);
#10229=ORIENTED_EDGE('',*,*,#7502,.F.);
#10230=ORIENTED_EDGE('',*,*,#7503,.F.);
#10231=ORIENTED_EDGE('',*,*,#7504,.T.);
#10232=ORIENTED_EDGE('',*,*,#7505,.T.);
#10233=ORIENTED_EDGE('',*,*,#7506,.F.);
#10234=ORIENTED_EDGE('',*,*,#7507,.F.);
#10235=ORIENTED_EDGE('',*,*,#7508,.T.);
#10236=ORIENTED_EDGE('',*,*,#7509,.T.);
#10237=ORIENTED_EDGE('',*,*,#7510,.F.);
#10238=ORIENTED_EDGE('',*,*,#7511,.F.);
#10239=ORIENTED_EDGE('',*,*,#7512,.T.);
#10240=ORIENTED_EDGE('',*,*,#7513,.T.);
#10241=ORIENTED_EDGE('',*,*,#7514,.F.);
#10242=ORIENTED_EDGE('',*,*,#7515,.F.);
#10243=ORIENTED_EDGE('',*,*,#7516,.T.);
#10244=ORIENTED_EDGE('',*,*,#7517,.T.);
#10245=ORIENTED_EDGE('',*,*,#7518,.F.);
#10246=ORIENTED_EDGE('',*,*,#7519,.F.);
#10247=ORIENTED_EDGE('',*,*,#7520,.T.);
#10248=ORIENTED_EDGE('',*,*,#7521,.T.);
#10249=ORIENTED_EDGE('',*,*,#7522,.F.);
#10250=ORIENTED_EDGE('',*,*,#7523,.F.);
#10251=ORIENTED_EDGE('',*,*,#7524,.T.);
#10252=ORIENTED_EDGE('',*,*,#7525,.T.);
#10253=ORIENTED_EDGE('',*,*,#7526,.F.);
#10254=ORIENTED_EDGE('',*,*,#7527,.F.);
#10255=ORIENTED_EDGE('',*,*,#7528,.T.);
#10256=ORIENTED_EDGE('',*,*,#7529,.T.);
#10257=ORIENTED_EDGE('',*,*,#7530,.F.);
#10258=ORIENTED_EDGE('',*,*,#7531,.F.);
#10259=ORIENTED_EDGE('',*,*,#7532,.T.);
#10260=ORIENTED_EDGE('',*,*,#7533,.T.);
#10261=ORIENTED_EDGE('',*,*,#7534,.F.);
#10262=ORIENTED_EDGE('',*,*,#7535,.F.);
#10263=ORIENTED_EDGE('',*,*,#7536,.T.);
#10264=ORIENTED_EDGE('',*,*,#7537,.T.);
#10265=ORIENTED_EDGE('',*,*,#7538,.F.);
#10266=ORIENTED_EDGE('',*,*,#7539,.F.);
#10267=ORIENTED_EDGE('',*,*,#7540,.T.);
#10268=ORIENTED_EDGE('',*,*,#7541,.T.);
#10269=ORIENTED_EDGE('',*,*,#7542,.F.);
#10270=ORIENTED_EDGE('',*,*,#7543,.F.);
#10271=ORIENTED_EDGE('',*,*,#7544,.T.);
#10272=ORIENTED_EDGE('',*,*,#7545,.T.);
#10273=ORIENTED_EDGE('',*,*,#7546,.F.);
#10274=ORIENTED_EDGE('',*,*,#7547,.F.);
#10275=ORIENTED_EDGE('',*,*,#7548,.T.);
#10276=ORIENTED_EDGE('',*,*,#7549,.T.);
#10277=ORIENTED_EDGE('',*,*,#7550,.F.);
#10278=ORIENTED_EDGE('',*,*,#7551,.F.);
#10279=ORIENTED_EDGE('',*,*,#7552,.T.);
#10280=ORIENTED_EDGE('',*,*,#7553,.T.);
#10281=ORIENTED_EDGE('',*,*,#7554,.F.);
#10282=ORIENTED_EDGE('',*,*,#7555,.F.);
#10283=ORIENTED_EDGE('',*,*,#7556,.T.);
#10284=ORIENTED_EDGE('',*,*,#7557,.T.);
#10285=ORIENTED_EDGE('',*,*,#7558,.F.);
#10286=ORIENTED_EDGE('',*,*,#7559,.F.);
#10287=ORIENTED_EDGE('',*,*,#7560,.T.);
#10288=ORIENTED_EDGE('',*,*,#7561,.T.);
#10289=ORIENTED_EDGE('',*,*,#7562,.F.);
#10290=ORIENTED_EDGE('',*,*,#7563,.F.);
#10291=ORIENTED_EDGE('',*,*,#7564,.T.);
#10292=ORIENTED_EDGE('',*,*,#7565,.T.);
#10293=ORIENTED_EDGE('',*,*,#7566,.F.);
#10294=ORIENTED_EDGE('',*,*,#7567,.F.);
#10295=ORIENTED_EDGE('',*,*,#7568,.T.);
#10296=ORIENTED_EDGE('',*,*,#7569,.T.);
#10297=ORIENTED_EDGE('',*,*,#7570,.F.);
#10298=ORIENTED_EDGE('',*,*,#7571,.F.);
#10299=ORIENTED_EDGE('',*,*,#7572,.T.);
#10300=ORIENTED_EDGE('',*,*,#7573,.T.);
#10301=ORIENTED_EDGE('',*,*,#7574,.F.);
#10302=ORIENTED_EDGE('',*,*,#7575,.F.);
#10303=ORIENTED_EDGE('',*,*,#7576,.T.);
#10304=ORIENTED_EDGE('',*,*,#7577,.T.);
#10305=ORIENTED_EDGE('',*,*,#7578,.F.);
#10306=ORIENTED_EDGE('',*,*,#7579,.F.);
#10307=ORIENTED_EDGE('',*,*,#7580,.T.);
#10308=ORIENTED_EDGE('',*,*,#7581,.T.);
#10309=ORIENTED_EDGE('',*,*,#7582,.F.);
#10310=ORIENTED_EDGE('',*,*,#7583,.F.);
#10311=ORIENTED_EDGE('',*,*,#7584,.T.);
#10312=ORIENTED_EDGE('',*,*,#7585,.T.);
#10313=ORIENTED_EDGE('',*,*,#7586,.F.);
#10314=ORIENTED_EDGE('',*,*,#7587,.F.);
#10315=ORIENTED_EDGE('',*,*,#7588,.T.);
#10316=ORIENTED_EDGE('',*,*,#7589,.T.);
#10317=ORIENTED_EDGE('',*,*,#7590,.F.);
#10318=ORIENTED_EDGE('',*,*,#7591,.F.);
#10319=ORIENTED_EDGE('',*,*,#7592,.T.);
#10320=ORIENTED_EDGE('',*,*,#7593,.T.);
#10321=ORIENTED_EDGE('',*,*,#7594,.F.);
#10322=ORIENTED_EDGE('',*,*,#7595,.F.);
#10323=ORIENTED_EDGE('',*,*,#7596,.T.);
#10324=ORIENTED_EDGE('',*,*,#7597,.T.);
#10325=ORIENTED_EDGE('',*,*,#7598,.F.);
#10326=ORIENTED_EDGE('',*,*,#7599,.F.);
#10327=ORIENTED_EDGE('',*,*,#7600,.T.);
#10328=ORIENTED_EDGE('',*,*,#7601,.T.);
#10329=ORIENTED_EDGE('',*,*,#7602,.F.);
#10330=ORIENTED_EDGE('',*,*,#7603,.F.);
#10331=ORIENTED_EDGE('',*,*,#7604,.T.);
#10332=ORIENTED_EDGE('',*,*,#7605,.T.);
#10333=ORIENTED_EDGE('',*,*,#7606,.F.);
#10334=ORIENTED_EDGE('',*,*,#7607,.F.);
#10335=ORIENTED_EDGE('',*,*,#7608,.T.);
#10336=ORIENTED_EDGE('',*,*,#7609,.T.);
#10337=ORIENTED_EDGE('',*,*,#7610,.F.);
#10338=ORIENTED_EDGE('',*,*,#7611,.F.);
#10339=ORIENTED_EDGE('',*,*,#7612,.T.);
#10340=ORIENTED_EDGE('',*,*,#7613,.T.);
#10341=ORIENTED_EDGE('',*,*,#7614,.F.);
#10342=ORIENTED_EDGE('',*,*,#7615,.F.);
#10343=ORIENTED_EDGE('',*,*,#7616,.F.);
#10344=ORIENTED_EDGE('',*,*,#7617,.T.);
#10345=ORIENTED_EDGE('',*,*,#7618,.T.);
#10346=ORIENTED_EDGE('',*,*,#7619,.F.);
#10347=ORIENTED_EDGE('',*,*,#7620,.F.);
#10348=ORIENTED_EDGE('',*,*,#7621,.T.);
#10349=ORIENTED_EDGE('',*,*,#7616,.T.);
#10350=ORIENTED_EDGE('',*,*,#7622,.T.);
#10351=ORIENTED_EDGE('',*,*,#7623,.F.);
#10352=ORIENTED_EDGE('',*,*,#7624,.F.);
#10353=ORIENTED_EDGE('',*,*,#7620,.T.);
#10354=ORIENTED_EDGE('',*,*,#7625,.T.);
#10355=ORIENTED_EDGE('',*,*,#7626,.F.);
#10356=ORIENTED_EDGE('',*,*,#7627,.F.);
#10357=ORIENTED_EDGE('',*,*,#7623,.T.);
#10358=ORIENTED_EDGE('',*,*,#7628,.T.);
#10359=ORIENTED_EDGE('',*,*,#7629,.F.);
#10360=ORIENTED_EDGE('',*,*,#7630,.F.);
#10361=ORIENTED_EDGE('',*,*,#7626,.T.);
#10362=ORIENTED_EDGE('',*,*,#7631,.T.);
#10363=ORIENTED_EDGE('',*,*,#7632,.F.);
#10364=ORIENTED_EDGE('',*,*,#7633,.F.);
#10365=ORIENTED_EDGE('',*,*,#7629,.T.);
#10366=ORIENTED_EDGE('',*,*,#7634,.F.);
#10367=ORIENTED_EDGE('',*,*,#7635,.F.);
#10368=ORIENTED_EDGE('',*,*,#7636,.T.);
#10369=ORIENTED_EDGE('',*,*,#7632,.T.);
#10370=ORIENTED_EDGE('',*,*,#7637,.F.);
#10371=ORIENTED_EDGE('',*,*,#7638,.F.);
#10372=ORIENTED_EDGE('',*,*,#7639,.T.);
#10373=ORIENTED_EDGE('',*,*,#7614,.T.);
#10374=ORIENTED_EDGE('',*,*,#7640,.F.);
#10375=ORIENTED_EDGE('',*,*,#7608,.F.);
#10376=ORIENTED_EDGE('',*,*,#7641,.T.);
#10377=ORIENTED_EDGE('',*,*,#7638,.T.);
#10378=ORIENTED_EDGE('',*,*,#7642,.T.);
#10379=ORIENTED_EDGE('',*,*,#7643,.F.);
#10380=ORIENTED_EDGE('',*,*,#7644,.F.);
#10381=ORIENTED_EDGE('',*,*,#7610,.T.);
#10382=ORIENTED_EDGE('',*,*,#7645,.T.);
#10383=ORIENTED_EDGE('',*,*,#7646,.F.);
#10384=ORIENTED_EDGE('',*,*,#7647,.F.);
#10385=ORIENTED_EDGE('',*,*,#7606,.T.);
#10386=ORIENTED_EDGE('',*,*,#7648,.F.);
#10387=ORIENTED_EDGE('',*,*,#7600,.F.);
#10388=ORIENTED_EDGE('',*,*,#7649,.T.);
#10389=ORIENTED_EDGE('',*,*,#7646,.T.);
#10390=ORIENTED_EDGE('',*,*,#7650,.F.);
#10391=ORIENTED_EDGE('',*,*,#7651,.F.);
#10392=ORIENTED_EDGE('',*,*,#7652,.T.);
#10393=ORIENTED_EDGE('',*,*,#7602,.T.);
#10394=ORIENTED_EDGE('',*,*,#7653,.T.);
#10395=ORIENTED_EDGE('',*,*,#7654,.F.);
#10396=ORIENTED_EDGE('',*,*,#7655,.F.);
#10397=ORIENTED_EDGE('',*,*,#7656,.T.);
#10398=ORIENTED_EDGE('',*,*,#7657,.T.);
#10399=ORIENTED_EDGE('',*,*,#7658,.F.);
#10400=ORIENTED_EDGE('',*,*,#7659,.F.);
#10401=ORIENTED_EDGE('',*,*,#7654,.T.);
#10402=ORIENTED_EDGE('',*,*,#7660,.F.);
#10403=ORIENTED_EDGE('',*,*,#7596,.F.);
#10404=ORIENTED_EDGE('',*,*,#7661,.T.);
#10405=ORIENTED_EDGE('',*,*,#7658,.T.);
#10406=ORIENTED_EDGE('',*,*,#7662,.T.);
#10407=ORIENTED_EDGE('',*,*,#7663,.F.);
#10408=ORIENTED_EDGE('',*,*,#7664,.F.);
#10409=ORIENTED_EDGE('',*,*,#7598,.T.);
#10410=ORIENTED_EDGE('',*,*,#7665,.F.);
#10411=ORIENTED_EDGE('',*,*,#7592,.F.);
#10412=ORIENTED_EDGE('',*,*,#7666,.T.);
#10413=ORIENTED_EDGE('',*,*,#7663,.T.);
#10414=ORIENTED_EDGE('',*,*,#7667,.T.);
#10415=ORIENTED_EDGE('',*,*,#7668,.F.);
#10416=ORIENTED_EDGE('',*,*,#7669,.F.);
#10417=ORIENTED_EDGE('',*,*,#7594,.T.);
#10418=ORIENTED_EDGE('',*,*,#7670,.T.);
#10419=ORIENTED_EDGE('',*,*,#7671,.F.);
#10420=ORIENTED_EDGE('',*,*,#7672,.F.);
#10421=ORIENTED_EDGE('',*,*,#7673,.T.);
#10422=ORIENTED_EDGE('',*,*,#7674,.T.);
#10423=ORIENTED_EDGE('',*,*,#7675,.F.);
#10424=ORIENTED_EDGE('',*,*,#7676,.F.);
#10425=ORIENTED_EDGE('',*,*,#7671,.T.);
#10426=ORIENTED_EDGE('',*,*,#7677,.F.);
#10427=ORIENTED_EDGE('',*,*,#7588,.F.);
#10428=ORIENTED_EDGE('',*,*,#7678,.T.);
#10429=ORIENTED_EDGE('',*,*,#7675,.T.);
#10430=ORIENTED_EDGE('',*,*,#7679,.T.);
#10431=ORIENTED_EDGE('',*,*,#7680,.F.);
#10432=ORIENTED_EDGE('',*,*,#7681,.F.);
#10433=ORIENTED_EDGE('',*,*,#7590,.T.);
#10434=ORIENTED_EDGE('',*,*,#7682,.F.);
#10435=ORIENTED_EDGE('',*,*,#7584,.F.);
#10436=ORIENTED_EDGE('',*,*,#7683,.T.);
#10437=ORIENTED_EDGE('',*,*,#7680,.T.);
#10438=ORIENTED_EDGE('',*,*,#7684,.T.);
#10439=ORIENTED_EDGE('',*,*,#7685,.F.);
#10440=ORIENTED_EDGE('',*,*,#7686,.F.);
#10441=ORIENTED_EDGE('',*,*,#7586,.T.);
#10442=ORIENTED_EDGE('',*,*,#7687,.T.);
#10443=ORIENTED_EDGE('',*,*,#7688,.F.);
#10444=ORIENTED_EDGE('',*,*,#7689,.F.);
#10445=ORIENTED_EDGE('',*,*,#7690,.T.);
#10446=ORIENTED_EDGE('',*,*,#7691,.T.);
#10447=ORIENTED_EDGE('',*,*,#7692,.F.);
#10448=ORIENTED_EDGE('',*,*,#7693,.F.);
#10449=ORIENTED_EDGE('',*,*,#7688,.T.);
#10450=ORIENTED_EDGE('',*,*,#7694,.F.);
#10451=ORIENTED_EDGE('',*,*,#7580,.F.);
#10452=ORIENTED_EDGE('',*,*,#7695,.T.);
#10453=ORIENTED_EDGE('',*,*,#7692,.T.);
#10454=ORIENTED_EDGE('',*,*,#7696,.T.);
#10455=ORIENTED_EDGE('',*,*,#7697,.F.);
#10456=ORIENTED_EDGE('',*,*,#7698,.F.);
#10457=ORIENTED_EDGE('',*,*,#7582,.T.);
#10458=ORIENTED_EDGE('',*,*,#7699,.F.);
#10459=ORIENTED_EDGE('',*,*,#7576,.F.);
#10460=ORIENTED_EDGE('',*,*,#7700,.T.);
#10461=ORIENTED_EDGE('',*,*,#7697,.T.);
#10462=ORIENTED_EDGE('',*,*,#7701,.T.);
#10463=ORIENTED_EDGE('',*,*,#7702,.F.);
#10464=ORIENTED_EDGE('',*,*,#7703,.F.);
#10465=ORIENTED_EDGE('',*,*,#7578,.T.);
#10466=ORIENTED_EDGE('',*,*,#7704,.T.);
#10467=ORIENTED_EDGE('',*,*,#7705,.F.);
#10468=ORIENTED_EDGE('',*,*,#7706,.F.);
#10469=ORIENTED_EDGE('',*,*,#7707,.T.);
#10470=ORIENTED_EDGE('',*,*,#7708,.T.);
#10471=ORIENTED_EDGE('',*,*,#7709,.F.);
#10472=ORIENTED_EDGE('',*,*,#7710,.F.);
#10473=ORIENTED_EDGE('',*,*,#7705,.T.);
#10474=ORIENTED_EDGE('',*,*,#7711,.F.);
#10475=ORIENTED_EDGE('',*,*,#7572,.F.);
#10476=ORIENTED_EDGE('',*,*,#7712,.T.);
#10477=ORIENTED_EDGE('',*,*,#7709,.T.);
#10478=ORIENTED_EDGE('',*,*,#7713,.T.);
#10479=ORIENTED_EDGE('',*,*,#7714,.F.);
#10480=ORIENTED_EDGE('',*,*,#7715,.F.);
#10481=ORIENTED_EDGE('',*,*,#7574,.T.);
#10482=ORIENTED_EDGE('',*,*,#7716,.F.);
#10483=ORIENTED_EDGE('',*,*,#7568,.F.);
#10484=ORIENTED_EDGE('',*,*,#7717,.T.);
#10485=ORIENTED_EDGE('',*,*,#7714,.T.);
#10486=ORIENTED_EDGE('',*,*,#7718,.T.);
#10487=ORIENTED_EDGE('',*,*,#7719,.F.);
#10488=ORIENTED_EDGE('',*,*,#7720,.F.);
#10489=ORIENTED_EDGE('',*,*,#7570,.T.);
#10490=ORIENTED_EDGE('',*,*,#7721,.T.);
#10491=ORIENTED_EDGE('',*,*,#7722,.F.);
#10492=ORIENTED_EDGE('',*,*,#7723,.F.);
#10493=ORIENTED_EDGE('',*,*,#7724,.T.);
#10494=ORIENTED_EDGE('',*,*,#7725,.T.);
#10495=ORIENTED_EDGE('',*,*,#7726,.F.);
#10496=ORIENTED_EDGE('',*,*,#7727,.F.);
#10497=ORIENTED_EDGE('',*,*,#7722,.T.);
#10498=ORIENTED_EDGE('',*,*,#7728,.F.);
#10499=ORIENTED_EDGE('',*,*,#7564,.F.);
#10500=ORIENTED_EDGE('',*,*,#7729,.T.);
#10501=ORIENTED_EDGE('',*,*,#7726,.T.);
#10502=ORIENTED_EDGE('',*,*,#7730,.T.);
#10503=ORIENTED_EDGE('',*,*,#7731,.F.);
#10504=ORIENTED_EDGE('',*,*,#7732,.F.);
#10505=ORIENTED_EDGE('',*,*,#7566,.T.);
#10506=ORIENTED_EDGE('',*,*,#7733,.F.);
#10507=ORIENTED_EDGE('',*,*,#7560,.F.);
#10508=ORIENTED_EDGE('',*,*,#7734,.T.);
#10509=ORIENTED_EDGE('',*,*,#7731,.T.);
#10510=ORIENTED_EDGE('',*,*,#7735,.T.);
#10511=ORIENTED_EDGE('',*,*,#7736,.F.);
#10512=ORIENTED_EDGE('',*,*,#7737,.F.);
#10513=ORIENTED_EDGE('',*,*,#7562,.T.);
#10514=ORIENTED_EDGE('',*,*,#7738,.T.);
#10515=ORIENTED_EDGE('',*,*,#7739,.F.);
#10516=ORIENTED_EDGE('',*,*,#7740,.F.);
#10517=ORIENTED_EDGE('',*,*,#7741,.T.);
#10518=ORIENTED_EDGE('',*,*,#7742,.T.);
#10519=ORIENTED_EDGE('',*,*,#7743,.F.);
#10520=ORIENTED_EDGE('',*,*,#7744,.F.);
#10521=ORIENTED_EDGE('',*,*,#7739,.T.);
#10522=ORIENTED_EDGE('',*,*,#7745,.F.);
#10523=ORIENTED_EDGE('',*,*,#7556,.F.);
#10524=ORIENTED_EDGE('',*,*,#7746,.T.);
#10525=ORIENTED_EDGE('',*,*,#7743,.T.);
#10526=ORIENTED_EDGE('',*,*,#7747,.T.);
#10527=ORIENTED_EDGE('',*,*,#7748,.F.);
#10528=ORIENTED_EDGE('',*,*,#7749,.F.);
#10529=ORIENTED_EDGE('',*,*,#7558,.T.);
#10530=ORIENTED_EDGE('',*,*,#7750,.F.);
#10531=ORIENTED_EDGE('',*,*,#7552,.F.);
#10532=ORIENTED_EDGE('',*,*,#7751,.T.);
#10533=ORIENTED_EDGE('',*,*,#7748,.T.);
#10534=ORIENTED_EDGE('',*,*,#7752,.T.);
#10535=ORIENTED_EDGE('',*,*,#7753,.F.);
#10536=ORIENTED_EDGE('',*,*,#7754,.F.);
#10537=ORIENTED_EDGE('',*,*,#7554,.T.);
#10538=ORIENTED_EDGE('',*,*,#7755,.T.);
#10539=ORIENTED_EDGE('',*,*,#7756,.F.);
#10540=ORIENTED_EDGE('',*,*,#7757,.F.);
#10541=ORIENTED_EDGE('',*,*,#7758,.T.);
#10542=ORIENTED_EDGE('',*,*,#7759,.T.);
#10543=ORIENTED_EDGE('',*,*,#7760,.F.);
#10544=ORIENTED_EDGE('',*,*,#7761,.F.);
#10545=ORIENTED_EDGE('',*,*,#7756,.T.);
#10546=ORIENTED_EDGE('',*,*,#7762,.F.);
#10547=ORIENTED_EDGE('',*,*,#7548,.F.);
#10548=ORIENTED_EDGE('',*,*,#7763,.T.);
#10549=ORIENTED_EDGE('',*,*,#7760,.T.);
#10550=ORIENTED_EDGE('',*,*,#7764,.T.);
#10551=ORIENTED_EDGE('',*,*,#7765,.F.);
#10552=ORIENTED_EDGE('',*,*,#7766,.F.);
#10553=ORIENTED_EDGE('',*,*,#7550,.T.);
#10554=ORIENTED_EDGE('',*,*,#7767,.F.);
#10555=ORIENTED_EDGE('',*,*,#7544,.F.);
#10556=ORIENTED_EDGE('',*,*,#7768,.T.);
#10557=ORIENTED_EDGE('',*,*,#7765,.T.);
#10558=ORIENTED_EDGE('',*,*,#7769,.T.);
#10559=ORIENTED_EDGE('',*,*,#7770,.F.);
#10560=ORIENTED_EDGE('',*,*,#7771,.F.);
#10561=ORIENTED_EDGE('',*,*,#7546,.T.);
#10562=ORIENTED_EDGE('',*,*,#7772,.T.);
#10563=ORIENTED_EDGE('',*,*,#7773,.F.);
#10564=ORIENTED_EDGE('',*,*,#7774,.F.);
#10565=ORIENTED_EDGE('',*,*,#7775,.T.);
#10566=ORIENTED_EDGE('',*,*,#7776,.T.);
#10567=ORIENTED_EDGE('',*,*,#7777,.F.);
#10568=ORIENTED_EDGE('',*,*,#7778,.F.);
#10569=ORIENTED_EDGE('',*,*,#7773,.T.);
#10570=ORIENTED_EDGE('',*,*,#7779,.F.);
#10571=ORIENTED_EDGE('',*,*,#7540,.F.);
#10572=ORIENTED_EDGE('',*,*,#7780,.T.);
#10573=ORIENTED_EDGE('',*,*,#7777,.T.);
#10574=ORIENTED_EDGE('',*,*,#7781,.T.);
#10575=ORIENTED_EDGE('',*,*,#7782,.F.);
#10576=ORIENTED_EDGE('',*,*,#7783,.F.);
#10577=ORIENTED_EDGE('',*,*,#7542,.T.);
#10578=ORIENTED_EDGE('',*,*,#7784,.F.);
#10579=ORIENTED_EDGE('',*,*,#7536,.F.);
#10580=ORIENTED_EDGE('',*,*,#7785,.T.);
#10581=ORIENTED_EDGE('',*,*,#7782,.T.);
#10582=ORIENTED_EDGE('',*,*,#7786,.T.);
#10583=ORIENTED_EDGE('',*,*,#7787,.F.);
#10584=ORIENTED_EDGE('',*,*,#7788,.F.);
#10585=ORIENTED_EDGE('',*,*,#7538,.T.);
#10586=ORIENTED_EDGE('',*,*,#7789,.T.);
#10587=ORIENTED_EDGE('',*,*,#7790,.F.);
#10588=ORIENTED_EDGE('',*,*,#7791,.F.);
#10589=ORIENTED_EDGE('',*,*,#7792,.T.);
#10590=ORIENTED_EDGE('',*,*,#7793,.T.);
#10591=ORIENTED_EDGE('',*,*,#7794,.F.);
#10592=ORIENTED_EDGE('',*,*,#7795,.F.);
#10593=ORIENTED_EDGE('',*,*,#7790,.T.);
#10594=ORIENTED_EDGE('',*,*,#7796,.F.);
#10595=ORIENTED_EDGE('',*,*,#7532,.F.);
#10596=ORIENTED_EDGE('',*,*,#7797,.T.);
#10597=ORIENTED_EDGE('',*,*,#7794,.T.);
#10598=ORIENTED_EDGE('',*,*,#7798,.T.);
#10599=ORIENTED_EDGE('',*,*,#7799,.F.);
#10600=ORIENTED_EDGE('',*,*,#7800,.F.);
#10601=ORIENTED_EDGE('',*,*,#7534,.T.);
#10602=ORIENTED_EDGE('',*,*,#7801,.F.);
#10603=ORIENTED_EDGE('',*,*,#7528,.F.);
#10604=ORIENTED_EDGE('',*,*,#7802,.T.);
#10605=ORIENTED_EDGE('',*,*,#7799,.T.);
#10606=ORIENTED_EDGE('',*,*,#7803,.T.);
#10607=ORIENTED_EDGE('',*,*,#7804,.F.);
#10608=ORIENTED_EDGE('',*,*,#7805,.F.);
#10609=ORIENTED_EDGE('',*,*,#7530,.T.);
#10610=ORIENTED_EDGE('',*,*,#7806,.T.);
#10611=ORIENTED_EDGE('',*,*,#7807,.F.);
#10612=ORIENTED_EDGE('',*,*,#7808,.F.);
#10613=ORIENTED_EDGE('',*,*,#7809,.T.);
#10614=ORIENTED_EDGE('',*,*,#7810,.T.);
#10615=ORIENTED_EDGE('',*,*,#7811,.F.);
#10616=ORIENTED_EDGE('',*,*,#7812,.F.);
#10617=ORIENTED_EDGE('',*,*,#7807,.T.);
#10618=ORIENTED_EDGE('',*,*,#7813,.F.);
#10619=ORIENTED_EDGE('',*,*,#7524,.F.);
#10620=ORIENTED_EDGE('',*,*,#7814,.T.);
#10621=ORIENTED_EDGE('',*,*,#7811,.T.);
#10622=ORIENTED_EDGE('',*,*,#7815,.T.);
#10623=ORIENTED_EDGE('',*,*,#7816,.F.);
#10624=ORIENTED_EDGE('',*,*,#7817,.F.);
#10625=ORIENTED_EDGE('',*,*,#7526,.T.);
#10626=ORIENTED_EDGE('',*,*,#7818,.F.);
#10627=ORIENTED_EDGE('',*,*,#7520,.F.);
#10628=ORIENTED_EDGE('',*,*,#7819,.T.);
#10629=ORIENTED_EDGE('',*,*,#7816,.T.);
#10630=ORIENTED_EDGE('',*,*,#7820,.T.);
#10631=ORIENTED_EDGE('',*,*,#7821,.F.);
#10632=ORIENTED_EDGE('',*,*,#7822,.F.);
#10633=ORIENTED_EDGE('',*,*,#7522,.T.);
#10634=ORIENTED_EDGE('',*,*,#7823,.T.);
#10635=ORIENTED_EDGE('',*,*,#7824,.F.);
#10636=ORIENTED_EDGE('',*,*,#7825,.F.);
#10637=ORIENTED_EDGE('',*,*,#7826,.T.);
#10638=ORIENTED_EDGE('',*,*,#7827,.T.);
#10639=ORIENTED_EDGE('',*,*,#7828,.F.);
#10640=ORIENTED_EDGE('',*,*,#7829,.F.);
#10641=ORIENTED_EDGE('',*,*,#7824,.T.);
#10642=ORIENTED_EDGE('',*,*,#7830,.F.);
#10643=ORIENTED_EDGE('',*,*,#7516,.F.);
#10644=ORIENTED_EDGE('',*,*,#7831,.T.);
#10645=ORIENTED_EDGE('',*,*,#7828,.T.);
#10646=ORIENTED_EDGE('',*,*,#7832,.T.);
#10647=ORIENTED_EDGE('',*,*,#7833,.F.);
#10648=ORIENTED_EDGE('',*,*,#7834,.F.);
#10649=ORIENTED_EDGE('',*,*,#7518,.T.);
#10650=ORIENTED_EDGE('',*,*,#7835,.F.);
#10651=ORIENTED_EDGE('',*,*,#7512,.F.);
#10652=ORIENTED_EDGE('',*,*,#7836,.T.);
#10653=ORIENTED_EDGE('',*,*,#7833,.T.);
#10654=ORIENTED_EDGE('',*,*,#7837,.T.);
#10655=ORIENTED_EDGE('',*,*,#7838,.F.);
#10656=ORIENTED_EDGE('',*,*,#7839,.F.);
#10657=ORIENTED_EDGE('',*,*,#7514,.T.);
#10658=ORIENTED_EDGE('',*,*,#7840,.T.);
#10659=ORIENTED_EDGE('',*,*,#7841,.F.);
#10660=ORIENTED_EDGE('',*,*,#7842,.F.);
#10661=ORIENTED_EDGE('',*,*,#7843,.T.);
#10662=ORIENTED_EDGE('',*,*,#7844,.T.);
#10663=ORIENTED_EDGE('',*,*,#7845,.F.);
#10664=ORIENTED_EDGE('',*,*,#7846,.F.);
#10665=ORIENTED_EDGE('',*,*,#7841,.T.);
#10666=ORIENTED_EDGE('',*,*,#7847,.F.);
#10667=ORIENTED_EDGE('',*,*,#7508,.F.);
#10668=ORIENTED_EDGE('',*,*,#7848,.T.);
#10669=ORIENTED_EDGE('',*,*,#7845,.T.);
#10670=ORIENTED_EDGE('',*,*,#7849,.T.);
#10671=ORIENTED_EDGE('',*,*,#7850,.F.);
#10672=ORIENTED_EDGE('',*,*,#7851,.F.);
#10673=ORIENTED_EDGE('',*,*,#7510,.T.);
#10674=ORIENTED_EDGE('',*,*,#7852,.F.);
#10675=ORIENTED_EDGE('',*,*,#7504,.F.);
#10676=ORIENTED_EDGE('',*,*,#7853,.T.);
#10677=ORIENTED_EDGE('',*,*,#7850,.T.);
#10678=ORIENTED_EDGE('',*,*,#7854,.T.);
#10679=ORIENTED_EDGE('',*,*,#7855,.F.);
#10680=ORIENTED_EDGE('',*,*,#7856,.F.);
#10681=ORIENTED_EDGE('',*,*,#7506,.T.);
#10682=ORIENTED_EDGE('',*,*,#7857,.T.);
#10683=ORIENTED_EDGE('',*,*,#7858,.F.);
#10684=ORIENTED_EDGE('',*,*,#7859,.F.);
#10685=ORIENTED_EDGE('',*,*,#7860,.T.);
#10686=ORIENTED_EDGE('',*,*,#7861,.T.);
#10687=ORIENTED_EDGE('',*,*,#7862,.F.);
#10688=ORIENTED_EDGE('',*,*,#7863,.F.);
#10689=ORIENTED_EDGE('',*,*,#7858,.T.);
#10690=ORIENTED_EDGE('',*,*,#7864,.F.);
#10691=ORIENTED_EDGE('',*,*,#7500,.F.);
#10692=ORIENTED_EDGE('',*,*,#7865,.T.);
#10693=ORIENTED_EDGE('',*,*,#7862,.T.);
#10694=ORIENTED_EDGE('',*,*,#7866,.T.);
#10695=ORIENTED_EDGE('',*,*,#7867,.F.);
#10696=ORIENTED_EDGE('',*,*,#7868,.F.);
#10697=ORIENTED_EDGE('',*,*,#7502,.T.);
#10698=ORIENTED_EDGE('',*,*,#7869,.F.);
#10699=ORIENTED_EDGE('',*,*,#7496,.F.);
#10700=ORIENTED_EDGE('',*,*,#7870,.T.);
#10701=ORIENTED_EDGE('',*,*,#7867,.T.);
#10702=ORIENTED_EDGE('',*,*,#7871,.T.);
#10703=ORIENTED_EDGE('',*,*,#7872,.F.);
#10704=ORIENTED_EDGE('',*,*,#7873,.F.);
#10705=ORIENTED_EDGE('',*,*,#7498,.T.);
#10706=ORIENTED_EDGE('',*,*,#7874,.T.);
#10707=ORIENTED_EDGE('',*,*,#7875,.F.);
#10708=ORIENTED_EDGE('',*,*,#7876,.F.);
#10709=ORIENTED_EDGE('',*,*,#7877,.T.);
#10710=ORIENTED_EDGE('',*,*,#7878,.T.);
#10711=ORIENTED_EDGE('',*,*,#7879,.F.);
#10712=ORIENTED_EDGE('',*,*,#7880,.F.);
#10713=ORIENTED_EDGE('',*,*,#7875,.T.);
#10714=ORIENTED_EDGE('',*,*,#7881,.F.);
#10715=ORIENTED_EDGE('',*,*,#7492,.F.);
#10716=ORIENTED_EDGE('',*,*,#7882,.T.);
#10717=ORIENTED_EDGE('',*,*,#7879,.T.);
#10718=ORIENTED_EDGE('',*,*,#7883,.T.);
#10719=ORIENTED_EDGE('',*,*,#7884,.F.);
#10720=ORIENTED_EDGE('',*,*,#7885,.F.);
#10721=ORIENTED_EDGE('',*,*,#7494,.T.);
#10722=ORIENTED_EDGE('',*,*,#7886,.F.);
#10723=ORIENTED_EDGE('',*,*,#7488,.F.);
#10724=ORIENTED_EDGE('',*,*,#7887,.T.);
#10725=ORIENTED_EDGE('',*,*,#7884,.T.);
#10726=ORIENTED_EDGE('',*,*,#7888,.T.);
#10727=ORIENTED_EDGE('',*,*,#7889,.F.);
#10728=ORIENTED_EDGE('',*,*,#7890,.F.);
#10729=ORIENTED_EDGE('',*,*,#7490,.T.);
#10730=ORIENTED_EDGE('',*,*,#7891,.T.);
#10731=ORIENTED_EDGE('',*,*,#7892,.F.);
#10732=ORIENTED_EDGE('',*,*,#7893,.F.);
#10733=ORIENTED_EDGE('',*,*,#7894,.T.);
#10734=ORIENTED_EDGE('',*,*,#7895,.T.);
#10735=ORIENTED_EDGE('',*,*,#7896,.F.);
#10736=ORIENTED_EDGE('',*,*,#7897,.F.);
#10737=ORIENTED_EDGE('',*,*,#7892,.T.);
#10738=ORIENTED_EDGE('',*,*,#7898,.F.);
#10739=ORIENTED_EDGE('',*,*,#7484,.F.);
#10740=ORIENTED_EDGE('',*,*,#7899,.T.);
#10741=ORIENTED_EDGE('',*,*,#7896,.T.);
#10742=ORIENTED_EDGE('',*,*,#7900,.T.);
#10743=ORIENTED_EDGE('',*,*,#7901,.F.);
#10744=ORIENTED_EDGE('',*,*,#7902,.F.);
#10745=ORIENTED_EDGE('',*,*,#7486,.T.);
#10746=ORIENTED_EDGE('',*,*,#7903,.F.);
#10747=ORIENTED_EDGE('',*,*,#7480,.F.);
#10748=ORIENTED_EDGE('',*,*,#7904,.T.);
#10749=ORIENTED_EDGE('',*,*,#7901,.T.);
#10750=ORIENTED_EDGE('',*,*,#7905,.T.);
#10751=ORIENTED_EDGE('',*,*,#7906,.F.);
#10752=ORIENTED_EDGE('',*,*,#7907,.F.);
#10753=ORIENTED_EDGE('',*,*,#7482,.T.);
#10754=ORIENTED_EDGE('',*,*,#7908,.T.);
#10755=ORIENTED_EDGE('',*,*,#7909,.F.);
#10756=ORIENTED_EDGE('',*,*,#7910,.F.);
#10757=ORIENTED_EDGE('',*,*,#7911,.T.);
#10758=ORIENTED_EDGE('',*,*,#7912,.T.);
#10759=ORIENTED_EDGE('',*,*,#7913,.F.);
#10760=ORIENTED_EDGE('',*,*,#7914,.F.);
#10761=ORIENTED_EDGE('',*,*,#7909,.T.);
#10762=ORIENTED_EDGE('',*,*,#7915,.F.);
#10763=ORIENTED_EDGE('',*,*,#7476,.F.);
#10764=ORIENTED_EDGE('',*,*,#7916,.T.);
#10765=ORIENTED_EDGE('',*,*,#7913,.T.);
#10766=ORIENTED_EDGE('',*,*,#7917,.T.);
#10767=ORIENTED_EDGE('',*,*,#7918,.F.);
#10768=ORIENTED_EDGE('',*,*,#7919,.F.);
#10769=ORIENTED_EDGE('',*,*,#7478,.T.);
#10770=ORIENTED_EDGE('',*,*,#7920,.F.);
#10771=ORIENTED_EDGE('',*,*,#7472,.F.);
#10772=ORIENTED_EDGE('',*,*,#7921,.T.);
#10773=ORIENTED_EDGE('',*,*,#7918,.T.);
#10774=ORIENTED_EDGE('',*,*,#7922,.T.);
#10775=ORIENTED_EDGE('',*,*,#7923,.F.);
#10776=ORIENTED_EDGE('',*,*,#7924,.F.);
#10777=ORIENTED_EDGE('',*,*,#7474,.T.);
#10778=ORIENTED_EDGE('',*,*,#7925,.T.);
#10779=ORIENTED_EDGE('',*,*,#7926,.F.);
#10780=ORIENTED_EDGE('',*,*,#7927,.F.);
#10781=ORIENTED_EDGE('',*,*,#7928,.T.);
#10782=ORIENTED_EDGE('',*,*,#7929,.T.);
#10783=ORIENTED_EDGE('',*,*,#7930,.F.);
#10784=ORIENTED_EDGE('',*,*,#7931,.F.);
#10785=ORIENTED_EDGE('',*,*,#7926,.T.);
#10786=ORIENTED_EDGE('',*,*,#7932,.F.);
#10787=ORIENTED_EDGE('',*,*,#7468,.F.);
#10788=ORIENTED_EDGE('',*,*,#7933,.T.);
#10789=ORIENTED_EDGE('',*,*,#7930,.T.);
#10790=ORIENTED_EDGE('',*,*,#7934,.T.);
#10791=ORIENTED_EDGE('',*,*,#7935,.F.);
#10792=ORIENTED_EDGE('',*,*,#7936,.F.);
#10793=ORIENTED_EDGE('',*,*,#7470,.T.);
#10794=ORIENTED_EDGE('',*,*,#7937,.F.);
#10795=ORIENTED_EDGE('',*,*,#7464,.F.);
#10796=ORIENTED_EDGE('',*,*,#7938,.T.);
#10797=ORIENTED_EDGE('',*,*,#7935,.T.);
#10798=ORIENTED_EDGE('',*,*,#7939,.T.);
#10799=ORIENTED_EDGE('',*,*,#7940,.F.);
#10800=ORIENTED_EDGE('',*,*,#7941,.F.);
#10801=ORIENTED_EDGE('',*,*,#7466,.T.);
#10802=ORIENTED_EDGE('',*,*,#7942,.T.);
#10803=ORIENTED_EDGE('',*,*,#7943,.F.);
#10804=ORIENTED_EDGE('',*,*,#7944,.F.);
#10805=ORIENTED_EDGE('',*,*,#7945,.T.);
#10806=ORIENTED_EDGE('',*,*,#7946,.T.);
#10807=ORIENTED_EDGE('',*,*,#7947,.F.);
#10808=ORIENTED_EDGE('',*,*,#7948,.F.);
#10809=ORIENTED_EDGE('',*,*,#7943,.T.);
#10810=ORIENTED_EDGE('',*,*,#7949,.F.);
#10811=ORIENTED_EDGE('',*,*,#7460,.F.);
#10812=ORIENTED_EDGE('',*,*,#7950,.T.);
#10813=ORIENTED_EDGE('',*,*,#7947,.T.);
#10814=ORIENTED_EDGE('',*,*,#7951,.T.);
#10815=ORIENTED_EDGE('',*,*,#7952,.F.);
#10816=ORIENTED_EDGE('',*,*,#7953,.F.);
#10817=ORIENTED_EDGE('',*,*,#7462,.T.);
#10818=ORIENTED_EDGE('',*,*,#7954,.F.);
#10819=ORIENTED_EDGE('',*,*,#7456,.F.);
#10820=ORIENTED_EDGE('',*,*,#7955,.T.);
#10821=ORIENTED_EDGE('',*,*,#7952,.T.);
#10822=ORIENTED_EDGE('',*,*,#7956,.T.);
#10823=ORIENTED_EDGE('',*,*,#7957,.F.);
#10824=ORIENTED_EDGE('',*,*,#7958,.F.);
#10825=ORIENTED_EDGE('',*,*,#7458,.T.);
#10826=ORIENTED_EDGE('',*,*,#7959,.T.);
#10827=ORIENTED_EDGE('',*,*,#7960,.F.);
#10828=ORIENTED_EDGE('',*,*,#7961,.F.);
#10829=ORIENTED_EDGE('',*,*,#7962,.T.);
#10830=ORIENTED_EDGE('',*,*,#7963,.T.);
#10831=ORIENTED_EDGE('',*,*,#7964,.F.);
#10832=ORIENTED_EDGE('',*,*,#7965,.F.);
#10833=ORIENTED_EDGE('',*,*,#7960,.T.);
#10834=ORIENTED_EDGE('',*,*,#7966,.F.);
#10835=ORIENTED_EDGE('',*,*,#7452,.F.);
#10836=ORIENTED_EDGE('',*,*,#7967,.T.);
#10837=ORIENTED_EDGE('',*,*,#7964,.T.);
#10838=ORIENTED_EDGE('',*,*,#7968,.T.);
#10839=ORIENTED_EDGE('',*,*,#7969,.F.);
#10840=ORIENTED_EDGE('',*,*,#7970,.F.);
#10841=ORIENTED_EDGE('',*,*,#7454,.T.);
#10842=ORIENTED_EDGE('',*,*,#7971,.F.);
#10843=ORIENTED_EDGE('',*,*,#7448,.F.);
#10844=ORIENTED_EDGE('',*,*,#7972,.T.);
#10845=ORIENTED_EDGE('',*,*,#7969,.T.);
#10846=ORIENTED_EDGE('',*,*,#7973,.T.);
#10847=ORIENTED_EDGE('',*,*,#7974,.F.);
#10848=ORIENTED_EDGE('',*,*,#7975,.F.);
#10849=ORIENTED_EDGE('',*,*,#7450,.T.);
#10850=ORIENTED_EDGE('',*,*,#7976,.T.);
#10851=ORIENTED_EDGE('',*,*,#7977,.F.);
#10852=ORIENTED_EDGE('',*,*,#7978,.F.);
#10853=ORIENTED_EDGE('',*,*,#7979,.T.);
#10854=ORIENTED_EDGE('',*,*,#7980,.T.);
#10855=ORIENTED_EDGE('',*,*,#7981,.F.);
#10856=ORIENTED_EDGE('',*,*,#7982,.F.);
#10857=ORIENTED_EDGE('',*,*,#7977,.T.);
#10858=ORIENTED_EDGE('',*,*,#7983,.F.);
#10859=ORIENTED_EDGE('',*,*,#7444,.F.);
#10860=ORIENTED_EDGE('',*,*,#7984,.T.);
#10861=ORIENTED_EDGE('',*,*,#7981,.T.);
#10862=ORIENTED_EDGE('',*,*,#7985,.T.);
#10863=ORIENTED_EDGE('',*,*,#7986,.F.);
#10864=ORIENTED_EDGE('',*,*,#7987,.F.);
#10865=ORIENTED_EDGE('',*,*,#7446,.T.);
#10866=ORIENTED_EDGE('',*,*,#7988,.F.);
#10867=ORIENTED_EDGE('',*,*,#7440,.F.);
#10868=ORIENTED_EDGE('',*,*,#7989,.T.);
#10869=ORIENTED_EDGE('',*,*,#7986,.T.);
#10870=ORIENTED_EDGE('',*,*,#7990,.T.);
#10871=ORIENTED_EDGE('',*,*,#7991,.F.);
#10872=ORIENTED_EDGE('',*,*,#7992,.F.);
#10873=ORIENTED_EDGE('',*,*,#7442,.T.);
#10874=ORIENTED_EDGE('',*,*,#7993,.T.);
#10875=ORIENTED_EDGE('',*,*,#7994,.F.);
#10876=ORIENTED_EDGE('',*,*,#7995,.F.);
#10877=ORIENTED_EDGE('',*,*,#7996,.T.);
#10878=ORIENTED_EDGE('',*,*,#7997,.T.);
#10879=ORIENTED_EDGE('',*,*,#7998,.F.);
#10880=ORIENTED_EDGE('',*,*,#7999,.F.);
#10881=ORIENTED_EDGE('',*,*,#7994,.T.);
#10882=ORIENTED_EDGE('',*,*,#8000,.F.);
#10883=ORIENTED_EDGE('',*,*,#7436,.F.);
#10884=ORIENTED_EDGE('',*,*,#8001,.T.);
#10885=ORIENTED_EDGE('',*,*,#7998,.T.);
#10886=ORIENTED_EDGE('',*,*,#8002,.T.);
#10887=ORIENTED_EDGE('',*,*,#8003,.F.);
#10888=ORIENTED_EDGE('',*,*,#8004,.F.);
#10889=ORIENTED_EDGE('',*,*,#7438,.T.);
#10890=ORIENTED_EDGE('',*,*,#8005,.F.);
#10891=ORIENTED_EDGE('',*,*,#7432,.F.);
#10892=ORIENTED_EDGE('',*,*,#8006,.T.);
#10893=ORIENTED_EDGE('',*,*,#8003,.T.);
#10894=ORIENTED_EDGE('',*,*,#8007,.T.);
#10895=ORIENTED_EDGE('',*,*,#8008,.F.);
#10896=ORIENTED_EDGE('',*,*,#8009,.F.);
#10897=ORIENTED_EDGE('',*,*,#7434,.T.);
#10898=ORIENTED_EDGE('',*,*,#8010,.T.);
#10899=ORIENTED_EDGE('',*,*,#8011,.F.);
#10900=ORIENTED_EDGE('',*,*,#8012,.F.);
#10901=ORIENTED_EDGE('',*,*,#8013,.T.);
#10902=ORIENTED_EDGE('',*,*,#8014,.T.);
#10903=ORIENTED_EDGE('',*,*,#8015,.F.);
#10904=ORIENTED_EDGE('',*,*,#8016,.F.);
#10905=ORIENTED_EDGE('',*,*,#8011,.T.);
#10906=ORIENTED_EDGE('',*,*,#8017,.F.);
#10907=ORIENTED_EDGE('',*,*,#7428,.F.);
#10908=ORIENTED_EDGE('',*,*,#8018,.T.);
#10909=ORIENTED_EDGE('',*,*,#8015,.T.);
#10910=ORIENTED_EDGE('',*,*,#8019,.T.);
#10911=ORIENTED_EDGE('',*,*,#8020,.F.);
#10912=ORIENTED_EDGE('',*,*,#8021,.F.);
#10913=ORIENTED_EDGE('',*,*,#7430,.T.);
#10914=ORIENTED_EDGE('',*,*,#8022,.F.);
#10915=ORIENTED_EDGE('',*,*,#7424,.F.);
#10916=ORIENTED_EDGE('',*,*,#8023,.T.);
#10917=ORIENTED_EDGE('',*,*,#8020,.T.);
#10918=ORIENTED_EDGE('',*,*,#8024,.T.);
#10919=ORIENTED_EDGE('',*,*,#8025,.F.);
#10920=ORIENTED_EDGE('',*,*,#8026,.F.);
#10921=ORIENTED_EDGE('',*,*,#7426,.T.);
#10922=ORIENTED_EDGE('',*,*,#8027,.T.);
#10923=ORIENTED_EDGE('',*,*,#8028,.F.);
#10924=ORIENTED_EDGE('',*,*,#8029,.F.);
#10925=ORIENTED_EDGE('',*,*,#8030,.T.);
#10926=ORIENTED_EDGE('',*,*,#8031,.T.);
#10927=ORIENTED_EDGE('',*,*,#8032,.F.);
#10928=ORIENTED_EDGE('',*,*,#8033,.F.);
#10929=ORIENTED_EDGE('',*,*,#8028,.T.);
#10930=ORIENTED_EDGE('',*,*,#8034,.F.);
#10931=ORIENTED_EDGE('',*,*,#7420,.F.);
#10932=ORIENTED_EDGE('',*,*,#8035,.T.);
#10933=ORIENTED_EDGE('',*,*,#8032,.T.);
#10934=ORIENTED_EDGE('',*,*,#8036,.T.);
#10935=ORIENTED_EDGE('',*,*,#8037,.F.);
#10936=ORIENTED_EDGE('',*,*,#8038,.F.);
#10937=ORIENTED_EDGE('',*,*,#7422,.T.);
#10938=ORIENTED_EDGE('',*,*,#8039,.F.);
#10939=ORIENTED_EDGE('',*,*,#7416,.F.);
#10940=ORIENTED_EDGE('',*,*,#8040,.T.);
#10941=ORIENTED_EDGE('',*,*,#8037,.T.);
#10942=ORIENTED_EDGE('',*,*,#8041,.T.);
#10943=ORIENTED_EDGE('',*,*,#8042,.F.);
#10944=ORIENTED_EDGE('',*,*,#8043,.F.);
#10945=ORIENTED_EDGE('',*,*,#7418,.T.);
#10946=ORIENTED_EDGE('',*,*,#8044,.F.);
#10947=ORIENTED_EDGE('',*,*,#7612,.F.);
#10948=ORIENTED_EDGE('',*,*,#8045,.T.);
#10949=ORIENTED_EDGE('',*,*,#7643,.T.);
#10950=ORIENTED_EDGE('',*,*,#8046,.F.);
#10951=ORIENTED_EDGE('',*,*,#7604,.F.);
#10952=ORIENTED_EDGE('',*,*,#8047,.T.);
#10953=ORIENTED_EDGE('',*,*,#7651,.T.);
#10954=ORIENTED_EDGE('',*,*,#8048,.F.);
#10955=ORIENTED_EDGE('',*,*,#7656,.F.);
#10956=ORIENTED_EDGE('',*,*,#8049,.T.);
#10957=ORIENTED_EDGE('',*,*,#7668,.T.);
#10958=ORIENTED_EDGE('',*,*,#8050,.F.);
#10959=ORIENTED_EDGE('',*,*,#7673,.F.);
#10960=ORIENTED_EDGE('',*,*,#8051,.T.);
#10961=ORIENTED_EDGE('',*,*,#7685,.T.);
#10962=ORIENTED_EDGE('',*,*,#8052,.F.);
#10963=ORIENTED_EDGE('',*,*,#7690,.F.);
#10964=ORIENTED_EDGE('',*,*,#8053,.T.);
#10965=ORIENTED_EDGE('',*,*,#7702,.T.);
#10966=ORIENTED_EDGE('',*,*,#8054,.F.);
#10967=ORIENTED_EDGE('',*,*,#7707,.F.);
#10968=ORIENTED_EDGE('',*,*,#8055,.T.);
#10969=ORIENTED_EDGE('',*,*,#7719,.T.);
#10970=ORIENTED_EDGE('',*,*,#8056,.F.);
#10971=ORIENTED_EDGE('',*,*,#7724,.F.);
#10972=ORIENTED_EDGE('',*,*,#8057,.T.);
#10973=ORIENTED_EDGE('',*,*,#7736,.T.);
#10974=ORIENTED_EDGE('',*,*,#8058,.F.);
#10975=ORIENTED_EDGE('',*,*,#7741,.F.);
#10976=ORIENTED_EDGE('',*,*,#8059,.T.);
#10977=ORIENTED_EDGE('',*,*,#7753,.T.);
#10978=ORIENTED_EDGE('',*,*,#8060,.F.);
#10979=ORIENTED_EDGE('',*,*,#7758,.F.);
#10980=ORIENTED_EDGE('',*,*,#8061,.T.);
#10981=ORIENTED_EDGE('',*,*,#7770,.T.);
#10982=ORIENTED_EDGE('',*,*,#8062,.F.);
#10983=ORIENTED_EDGE('',*,*,#7775,.F.);
#10984=ORIENTED_EDGE('',*,*,#8063,.T.);
#10985=ORIENTED_EDGE('',*,*,#7787,.T.);
#10986=ORIENTED_EDGE('',*,*,#8064,.F.);
#10987=ORIENTED_EDGE('',*,*,#7792,.F.);
#10988=ORIENTED_EDGE('',*,*,#8065,.T.);
#10989=ORIENTED_EDGE('',*,*,#7804,.T.);
#10990=ORIENTED_EDGE('',*,*,#8066,.F.);
#10991=ORIENTED_EDGE('',*,*,#7809,.F.);
#10992=ORIENTED_EDGE('',*,*,#8067,.T.);
#10993=ORIENTED_EDGE('',*,*,#7821,.T.);
#10994=ORIENTED_EDGE('',*,*,#8068,.F.);
#10995=ORIENTED_EDGE('',*,*,#7826,.F.);
#10996=ORIENTED_EDGE('',*,*,#8069,.T.);
#10997=ORIENTED_EDGE('',*,*,#7838,.T.);
#10998=ORIENTED_EDGE('',*,*,#8070,.F.);
#10999=ORIENTED_EDGE('',*,*,#7843,.F.);
#11000=ORIENTED_EDGE('',*,*,#8071,.T.);
#11001=ORIENTED_EDGE('',*,*,#7855,.T.);
#11002=ORIENTED_EDGE('',*,*,#8072,.F.);
#11003=ORIENTED_EDGE('',*,*,#7860,.F.);
#11004=ORIENTED_EDGE('',*,*,#8073,.T.);
#11005=ORIENTED_EDGE('',*,*,#7872,.T.);
#11006=ORIENTED_EDGE('',*,*,#8074,.F.);
#11007=ORIENTED_EDGE('',*,*,#7877,.F.);
#11008=ORIENTED_EDGE('',*,*,#8075,.T.);
#11009=ORIENTED_EDGE('',*,*,#7889,.T.);
#11010=ORIENTED_EDGE('',*,*,#8076,.F.);
#11011=ORIENTED_EDGE('',*,*,#7894,.F.);
#11012=ORIENTED_EDGE('',*,*,#8077,.T.);
#11013=ORIENTED_EDGE('',*,*,#7906,.T.);
#11014=ORIENTED_EDGE('',*,*,#8078,.F.);
#11015=ORIENTED_EDGE('',*,*,#7911,.F.);
#11016=ORIENTED_EDGE('',*,*,#8079,.T.);
#11017=ORIENTED_EDGE('',*,*,#7923,.T.);
#11018=ORIENTED_EDGE('',*,*,#8080,.F.);
#11019=ORIENTED_EDGE('',*,*,#7928,.F.);
#11020=ORIENTED_EDGE('',*,*,#8081,.T.);
#11021=ORIENTED_EDGE('',*,*,#7940,.T.);
#11022=ORIENTED_EDGE('',*,*,#8082,.F.);
#11023=ORIENTED_EDGE('',*,*,#7945,.F.);
#11024=ORIENTED_EDGE('',*,*,#8083,.T.);
#11025=ORIENTED_EDGE('',*,*,#7957,.T.);
#11026=ORIENTED_EDGE('',*,*,#8084,.F.);
#11027=ORIENTED_EDGE('',*,*,#7962,.F.);
#11028=ORIENTED_EDGE('',*,*,#8085,.T.);
#11029=ORIENTED_EDGE('',*,*,#7974,.T.);
#11030=ORIENTED_EDGE('',*,*,#8086,.F.);
#11031=ORIENTED_EDGE('',*,*,#7979,.F.);
#11032=ORIENTED_EDGE('',*,*,#8087,.T.);
#11033=ORIENTED_EDGE('',*,*,#7991,.T.);
#11034=ORIENTED_EDGE('',*,*,#8088,.F.);
#11035=ORIENTED_EDGE('',*,*,#7996,.F.);
#11036=ORIENTED_EDGE('',*,*,#8089,.T.);
#11037=ORIENTED_EDGE('',*,*,#8008,.T.);
#11038=ORIENTED_EDGE('',*,*,#8090,.F.);
#11039=ORIENTED_EDGE('',*,*,#8013,.F.);
#11040=ORIENTED_EDGE('',*,*,#8091,.T.);
#11041=ORIENTED_EDGE('',*,*,#8025,.T.);
#11042=ORIENTED_EDGE('',*,*,#8092,.F.);
#11043=ORIENTED_EDGE('',*,*,#8030,.F.);
#11044=ORIENTED_EDGE('',*,*,#8093,.T.);
#11045=ORIENTED_EDGE('',*,*,#8042,.T.);
#11046=ORIENTED_EDGE('',*,*,#8094,.F.);
#11047=ORIENTED_EDGE('',*,*,#7618,.F.);
#11048=ORIENTED_EDGE('',*,*,#8095,.T.);
#11049=ORIENTED_EDGE('',*,*,#7635,.T.);
#11050=ORIENTED_EDGE('',*,*,#7617,.F.);
#11051=ORIENTED_EDGE('',*,*,#7621,.F.);
#11052=ORIENTED_EDGE('',*,*,#7624,.T.);
#11053=ORIENTED_EDGE('',*,*,#7627,.T.);
#11054=ORIENTED_EDGE('',*,*,#7630,.T.);
#11055=ORIENTED_EDGE('',*,*,#7633,.T.);
#11056=ORIENTED_EDGE('',*,*,#7636,.F.);
#11057=ORIENTED_EDGE('',*,*,#8095,.F.);
#11058=ORIENTED_EDGE('',*,*,#8029,.T.);
#11059=ORIENTED_EDGE('',*,*,#8033,.T.);
#11060=ORIENTED_EDGE('',*,*,#8035,.F.);
#11061=ORIENTED_EDGE('',*,*,#7419,.T.);
#11062=ORIENTED_EDGE('',*,*,#8038,.T.);
#11063=ORIENTED_EDGE('',*,*,#8040,.F.);
#11064=ORIENTED_EDGE('',*,*,#7415,.T.);
#11065=ORIENTED_EDGE('',*,*,#8043,.T.);
#11066=ORIENTED_EDGE('',*,*,#8093,.F.);
#11067=ORIENTED_EDGE('',*,*,#8012,.T.);
#11068=ORIENTED_EDGE('',*,*,#8016,.T.);
#11069=ORIENTED_EDGE('',*,*,#8018,.F.);
#11070=ORIENTED_EDGE('',*,*,#7427,.T.);
#11071=ORIENTED_EDGE('',*,*,#8021,.T.);
#11072=ORIENTED_EDGE('',*,*,#8023,.F.);
#11073=ORIENTED_EDGE('',*,*,#7423,.T.);
#11074=ORIENTED_EDGE('',*,*,#8026,.T.);
#11075=ORIENTED_EDGE('',*,*,#8091,.F.);
#11076=ORIENTED_EDGE('',*,*,#7995,.T.);
#11077=ORIENTED_EDGE('',*,*,#7999,.T.);
#11078=ORIENTED_EDGE('',*,*,#8001,.F.);
#11079=ORIENTED_EDGE('',*,*,#7435,.T.);
#11080=ORIENTED_EDGE('',*,*,#8004,.T.);
#11081=ORIENTED_EDGE('',*,*,#8006,.F.);
#11082=ORIENTED_EDGE('',*,*,#7431,.T.);
#11083=ORIENTED_EDGE('',*,*,#8009,.T.);
#11084=ORIENTED_EDGE('',*,*,#8089,.F.);
#11085=ORIENTED_EDGE('',*,*,#7978,.T.);
#11086=ORIENTED_EDGE('',*,*,#7982,.T.);
#11087=ORIENTED_EDGE('',*,*,#7984,.F.);
#11088=ORIENTED_EDGE('',*,*,#7443,.T.);
#11089=ORIENTED_EDGE('',*,*,#7987,.T.);
#11090=ORIENTED_EDGE('',*,*,#7989,.F.);
#11091=ORIENTED_EDGE('',*,*,#7439,.T.);
#11092=ORIENTED_EDGE('',*,*,#7992,.T.);
#11093=ORIENTED_EDGE('',*,*,#8087,.F.);
#11094=ORIENTED_EDGE('',*,*,#7961,.T.);
#11095=ORIENTED_EDGE('',*,*,#7965,.T.);
#11096=ORIENTED_EDGE('',*,*,#7967,.F.);
#11097=ORIENTED_EDGE('',*,*,#7451,.T.);
#11098=ORIENTED_EDGE('',*,*,#7970,.T.);
#11099=ORIENTED_EDGE('',*,*,#7972,.F.);
#11100=ORIENTED_EDGE('',*,*,#7447,.T.);
#11101=ORIENTED_EDGE('',*,*,#7975,.T.);
#11102=ORIENTED_EDGE('',*,*,#8085,.F.);
#11103=ORIENTED_EDGE('',*,*,#7944,.T.);
#11104=ORIENTED_EDGE('',*,*,#7948,.T.);
#11105=ORIENTED_EDGE('',*,*,#7950,.F.);
#11106=ORIENTED_EDGE('',*,*,#7459,.T.);
#11107=ORIENTED_EDGE('',*,*,#7953,.T.);
#11108=ORIENTED_EDGE('',*,*,#7955,.F.);
#11109=ORIENTED_EDGE('',*,*,#7455,.T.);
#11110=ORIENTED_EDGE('',*,*,#7958,.T.);
#11111=ORIENTED_EDGE('',*,*,#8083,.F.);
#11112=ORIENTED_EDGE('',*,*,#7927,.T.);
#11113=ORIENTED_EDGE('',*,*,#7931,.T.);
#11114=ORIENTED_EDGE('',*,*,#7933,.F.);
#11115=ORIENTED_EDGE('',*,*,#7467,.T.);
#11116=ORIENTED_EDGE('',*,*,#7936,.T.);
#11117=ORIENTED_EDGE('',*,*,#7938,.F.);
#11118=ORIENTED_EDGE('',*,*,#7463,.T.);
#11119=ORIENTED_EDGE('',*,*,#7941,.T.);
#11120=ORIENTED_EDGE('',*,*,#8081,.F.);
#11121=ORIENTED_EDGE('',*,*,#7910,.T.);
#11122=ORIENTED_EDGE('',*,*,#7914,.T.);
#11123=ORIENTED_EDGE('',*,*,#7916,.F.);
#11124=ORIENTED_EDGE('',*,*,#7475,.T.);
#11125=ORIENTED_EDGE('',*,*,#7919,.T.);
#11126=ORIENTED_EDGE('',*,*,#7921,.F.);
#11127=ORIENTED_EDGE('',*,*,#7471,.T.);
#11128=ORIENTED_EDGE('',*,*,#7924,.T.);
#11129=ORIENTED_EDGE('',*,*,#8079,.F.);
#11130=ORIENTED_EDGE('',*,*,#7893,.T.);
#11131=ORIENTED_EDGE('',*,*,#7897,.T.);
#11132=ORIENTED_EDGE('',*,*,#7899,.F.);
#11133=ORIENTED_EDGE('',*,*,#7483,.T.);
#11134=ORIENTED_EDGE('',*,*,#7902,.T.);
#11135=ORIENTED_EDGE('',*,*,#7904,.F.);
#11136=ORIENTED_EDGE('',*,*,#7479,.T.);
#11137=ORIENTED_EDGE('',*,*,#7907,.T.);
#11138=ORIENTED_EDGE('',*,*,#8077,.F.);
#11139=ORIENTED_EDGE('',*,*,#7876,.T.);
#11140=ORIENTED_EDGE('',*,*,#7880,.T.);
#11141=ORIENTED_EDGE('',*,*,#7882,.F.);
#11142=ORIENTED_EDGE('',*,*,#7491,.T.);
#11143=ORIENTED_EDGE('',*,*,#7885,.T.);
#11144=ORIENTED_EDGE('',*,*,#7887,.F.);
#11145=ORIENTED_EDGE('',*,*,#7487,.T.);
#11146=ORIENTED_EDGE('',*,*,#7890,.T.);
#11147=ORIENTED_EDGE('',*,*,#8075,.F.);
#11148=ORIENTED_EDGE('',*,*,#7859,.T.);
#11149=ORIENTED_EDGE('',*,*,#7863,.T.);
#11150=ORIENTED_EDGE('',*,*,#7865,.F.);
#11151=ORIENTED_EDGE('',*,*,#7499,.T.);
#11152=ORIENTED_EDGE('',*,*,#7868,.T.);
#11153=ORIENTED_EDGE('',*,*,#7870,.F.);
#11154=ORIENTED_EDGE('',*,*,#7495,.T.);
#11155=ORIENTED_EDGE('',*,*,#7873,.T.);
#11156=ORIENTED_EDGE('',*,*,#8073,.F.);
#11157=ORIENTED_EDGE('',*,*,#7842,.T.);
#11158=ORIENTED_EDGE('',*,*,#7846,.T.);
#11159=ORIENTED_EDGE('',*,*,#7848,.F.);
#11160=ORIENTED_EDGE('',*,*,#7507,.T.);
#11161=ORIENTED_EDGE('',*,*,#7851,.T.);
#11162=ORIENTED_EDGE('',*,*,#7853,.F.);
#11163=ORIENTED_EDGE('',*,*,#7503,.T.);
#11164=ORIENTED_EDGE('',*,*,#7856,.T.);
#11165=ORIENTED_EDGE('',*,*,#8071,.F.);
#11166=ORIENTED_EDGE('',*,*,#7825,.T.);
#11167=ORIENTED_EDGE('',*,*,#7829,.T.);
#11168=ORIENTED_EDGE('',*,*,#7831,.F.);
#11169=ORIENTED_EDGE('',*,*,#7515,.T.);
#11170=ORIENTED_EDGE('',*,*,#7834,.T.);
#11171=ORIENTED_EDGE('',*,*,#7836,.F.);
#11172=ORIENTED_EDGE('',*,*,#7511,.T.);
#11173=ORIENTED_EDGE('',*,*,#7839,.T.);
#11174=ORIENTED_EDGE('',*,*,#8069,.F.);
#11175=ORIENTED_EDGE('',*,*,#7808,.T.);
#11176=ORIENTED_EDGE('',*,*,#7812,.T.);
#11177=ORIENTED_EDGE('',*,*,#7814,.F.);
#11178=ORIENTED_EDGE('',*,*,#7523,.T.);
#11179=ORIENTED_EDGE('',*,*,#7817,.T.);
#11180=ORIENTED_EDGE('',*,*,#7819,.F.);
#11181=ORIENTED_EDGE('',*,*,#7519,.T.);
#11182=ORIENTED_EDGE('',*,*,#7822,.T.);
#11183=ORIENTED_EDGE('',*,*,#8067,.F.);
#11184=ORIENTED_EDGE('',*,*,#7791,.T.);
#11185=ORIENTED_EDGE('',*,*,#7795,.T.);
#11186=ORIENTED_EDGE('',*,*,#7797,.F.);
#11187=ORIENTED_EDGE('',*,*,#7531,.T.);
#11188=ORIENTED_EDGE('',*,*,#7800,.T.);
#11189=ORIENTED_EDGE('',*,*,#7802,.F.);
#11190=ORIENTED_EDGE('',*,*,#7527,.T.);
#11191=ORIENTED_EDGE('',*,*,#7805,.T.);
#11192=ORIENTED_EDGE('',*,*,#8065,.F.);
#11193=ORIENTED_EDGE('',*,*,#7774,.T.);
#11194=ORIENTED_EDGE('',*,*,#7778,.T.);
#11195=ORIENTED_EDGE('',*,*,#7780,.F.);
#11196=ORIENTED_EDGE('',*,*,#7539,.T.);
#11197=ORIENTED_EDGE('',*,*,#7783,.T.);
#11198=ORIENTED_EDGE('',*,*,#7785,.F.);
#11199=ORIENTED_EDGE('',*,*,#7535,.T.);
#11200=ORIENTED_EDGE('',*,*,#7788,.T.);
#11201=ORIENTED_EDGE('',*,*,#8063,.F.);
#11202=ORIENTED_EDGE('',*,*,#7757,.T.);
#11203=ORIENTED_EDGE('',*,*,#7761,.T.);
#11204=ORIENTED_EDGE('',*,*,#7763,.F.);
#11205=ORIENTED_EDGE('',*,*,#7547,.T.);
#11206=ORIENTED_EDGE('',*,*,#7766,.T.);
#11207=ORIENTED_EDGE('',*,*,#7768,.F.);
#11208=ORIENTED_EDGE('',*,*,#7543,.T.);
#11209=ORIENTED_EDGE('',*,*,#7771,.T.);
#11210=ORIENTED_EDGE('',*,*,#8061,.F.);
#11211=ORIENTED_EDGE('',*,*,#7740,.T.);
#11212=ORIENTED_EDGE('',*,*,#7744,.T.);
#11213=ORIENTED_EDGE('',*,*,#7746,.F.);
#11214=ORIENTED_EDGE('',*,*,#7555,.T.);
#11215=ORIENTED_EDGE('',*,*,#7749,.T.);
#11216=ORIENTED_EDGE('',*,*,#7751,.F.);
#11217=ORIENTED_EDGE('',*,*,#7551,.T.);
#11218=ORIENTED_EDGE('',*,*,#7754,.T.);
#11219=ORIENTED_EDGE('',*,*,#8059,.F.);
#11220=ORIENTED_EDGE('',*,*,#7723,.T.);
#11221=ORIENTED_EDGE('',*,*,#7727,.T.);
#11222=ORIENTED_EDGE('',*,*,#7729,.F.);
#11223=ORIENTED_EDGE('',*,*,#7563,.T.);
#11224=ORIENTED_EDGE('',*,*,#7732,.T.);
#11225=ORIENTED_EDGE('',*,*,#7734,.F.);
#11226=ORIENTED_EDGE('',*,*,#7559,.T.);
#11227=ORIENTED_EDGE('',*,*,#7737,.T.);
#11228=ORIENTED_EDGE('',*,*,#8057,.F.);
#11229=ORIENTED_EDGE('',*,*,#7706,.T.);
#11230=ORIENTED_EDGE('',*,*,#7710,.T.);
#11231=ORIENTED_EDGE('',*,*,#7712,.F.);
#11232=ORIENTED_EDGE('',*,*,#7571,.T.);
#11233=ORIENTED_EDGE('',*,*,#7715,.T.);
#11234=ORIENTED_EDGE('',*,*,#7717,.F.);
#11235=ORIENTED_EDGE('',*,*,#7567,.T.);
#11236=ORIENTED_EDGE('',*,*,#7720,.T.);
#11237=ORIENTED_EDGE('',*,*,#8055,.F.);
#11238=ORIENTED_EDGE('',*,*,#7689,.T.);
#11239=ORIENTED_EDGE('',*,*,#7693,.T.);
#11240=ORIENTED_EDGE('',*,*,#7695,.F.);
#11241=ORIENTED_EDGE('',*,*,#7579,.T.);
#11242=ORIENTED_EDGE('',*,*,#7698,.T.);
#11243=ORIENTED_EDGE('',*,*,#7700,.F.);
#11244=ORIENTED_EDGE('',*,*,#7575,.T.);
#11245=ORIENTED_EDGE('',*,*,#7703,.T.);
#11246=ORIENTED_EDGE('',*,*,#8053,.F.);
#11247=ORIENTED_EDGE('',*,*,#7672,.T.);
#11248=ORIENTED_EDGE('',*,*,#7676,.T.);
#11249=ORIENTED_EDGE('',*,*,#7678,.F.);
#11250=ORIENTED_EDGE('',*,*,#7587,.T.);
#11251=ORIENTED_EDGE('',*,*,#7681,.T.);
#11252=ORIENTED_EDGE('',*,*,#7683,.F.);
#11253=ORIENTED_EDGE('',*,*,#7583,.T.);
#11254=ORIENTED_EDGE('',*,*,#7686,.T.);
#11255=ORIENTED_EDGE('',*,*,#8051,.F.);
#11256=ORIENTED_EDGE('',*,*,#7655,.T.);
#11257=ORIENTED_EDGE('',*,*,#7659,.T.);
#11258=ORIENTED_EDGE('',*,*,#7661,.F.);
#11259=ORIENTED_EDGE('',*,*,#7595,.T.);
#11260=ORIENTED_EDGE('',*,*,#7664,.T.);
#11261=ORIENTED_EDGE('',*,*,#7666,.F.);
#11262=ORIENTED_EDGE('',*,*,#7591,.T.);
#11263=ORIENTED_EDGE('',*,*,#7669,.T.);
#11264=ORIENTED_EDGE('',*,*,#8049,.F.);
#11265=ORIENTED_EDGE('',*,*,#7603,.T.);
#11266=ORIENTED_EDGE('',*,*,#7647,.T.);
#11267=ORIENTED_EDGE('',*,*,#7649,.F.);
#11268=ORIENTED_EDGE('',*,*,#7599,.T.);
#11269=ORIENTED_EDGE('',*,*,#7652,.F.);
#11270=ORIENTED_EDGE('',*,*,#8047,.F.);
#11271=ORIENTED_EDGE('',*,*,#7611,.T.);
#11272=ORIENTED_EDGE('',*,*,#7639,.F.);
#11273=ORIENTED_EDGE('',*,*,#7641,.F.);
#11274=ORIENTED_EDGE('',*,*,#7607,.T.);
#11275=ORIENTED_EDGE('',*,*,#7644,.T.);
#11276=ORIENTED_EDGE('',*,*,#8045,.F.);
#11277=ORIENTED_EDGE('',*,*,#7615,.T.);
#11278=ORIENTED_EDGE('',*,*,#8094,.T.);
#11279=ORIENTED_EDGE('',*,*,#7634,.T.);
#11280=ORIENTED_EDGE('',*,*,#7631,.F.);
#11281=ORIENTED_EDGE('',*,*,#7628,.F.);
#11282=ORIENTED_EDGE('',*,*,#7625,.F.);
#11283=ORIENTED_EDGE('',*,*,#7622,.F.);
#11284=ORIENTED_EDGE('',*,*,#7619,.T.);
#11285=ORIENTED_EDGE('',*,*,#8027,.F.);
#11286=ORIENTED_EDGE('',*,*,#8092,.T.);
#11287=ORIENTED_EDGE('',*,*,#8041,.F.);
#11288=ORIENTED_EDGE('',*,*,#7417,.F.);
#11289=ORIENTED_EDGE('',*,*,#8039,.T.);
#11290=ORIENTED_EDGE('',*,*,#8036,.F.);
#11291=ORIENTED_EDGE('',*,*,#7421,.F.);
#11292=ORIENTED_EDGE('',*,*,#8034,.T.);
#11293=ORIENTED_EDGE('',*,*,#8031,.F.);
#11294=ORIENTED_EDGE('',*,*,#8010,.F.);
#11295=ORIENTED_EDGE('',*,*,#8090,.T.);
#11296=ORIENTED_EDGE('',*,*,#8024,.F.);
#11297=ORIENTED_EDGE('',*,*,#7425,.F.);
#11298=ORIENTED_EDGE('',*,*,#8022,.T.);
#11299=ORIENTED_EDGE('',*,*,#8019,.F.);
#11300=ORIENTED_EDGE('',*,*,#7429,.F.);
#11301=ORIENTED_EDGE('',*,*,#8017,.T.);
#11302=ORIENTED_EDGE('',*,*,#8014,.F.);
#11303=ORIENTED_EDGE('',*,*,#7993,.F.);
#11304=ORIENTED_EDGE('',*,*,#8088,.T.);
#11305=ORIENTED_EDGE('',*,*,#8007,.F.);
#11306=ORIENTED_EDGE('',*,*,#7433,.F.);
#11307=ORIENTED_EDGE('',*,*,#8005,.T.);
#11308=ORIENTED_EDGE('',*,*,#8002,.F.);
#11309=ORIENTED_EDGE('',*,*,#7437,.F.);
#11310=ORIENTED_EDGE('',*,*,#8000,.T.);
#11311=ORIENTED_EDGE('',*,*,#7997,.F.);
#11312=ORIENTED_EDGE('',*,*,#7976,.F.);
#11313=ORIENTED_EDGE('',*,*,#8086,.T.);
#11314=ORIENTED_EDGE('',*,*,#7990,.F.);
#11315=ORIENTED_EDGE('',*,*,#7441,.F.);
#11316=ORIENTED_EDGE('',*,*,#7988,.T.);
#11317=ORIENTED_EDGE('',*,*,#7985,.F.);
#11318=ORIENTED_EDGE('',*,*,#7445,.F.);
#11319=ORIENTED_EDGE('',*,*,#7983,.T.);
#11320=ORIENTED_EDGE('',*,*,#7980,.F.);
#11321=ORIENTED_EDGE('',*,*,#7959,.F.);
#11322=ORIENTED_EDGE('',*,*,#8084,.T.);
#11323=ORIENTED_EDGE('',*,*,#7973,.F.);
#11324=ORIENTED_EDGE('',*,*,#7449,.F.);
#11325=ORIENTED_EDGE('',*,*,#7971,.T.);
#11326=ORIENTED_EDGE('',*,*,#7968,.F.);
#11327=ORIENTED_EDGE('',*,*,#7453,.F.);
#11328=ORIENTED_EDGE('',*,*,#7966,.T.);
#11329=ORIENTED_EDGE('',*,*,#7963,.F.);
#11330=ORIENTED_EDGE('',*,*,#7942,.F.);
#11331=ORIENTED_EDGE('',*,*,#8082,.T.);
#11332=ORIENTED_EDGE('',*,*,#7956,.F.);
#11333=ORIENTED_EDGE('',*,*,#7457,.F.);
#11334=ORIENTED_EDGE('',*,*,#7954,.T.);
#11335=ORIENTED_EDGE('',*,*,#7951,.F.);
#11336=ORIENTED_EDGE('',*,*,#7461,.F.);
#11337=ORIENTED_EDGE('',*,*,#7949,.T.);
#11338=ORIENTED_EDGE('',*,*,#7946,.F.);
#11339=ORIENTED_EDGE('',*,*,#7925,.F.);
#11340=ORIENTED_EDGE('',*,*,#8080,.T.);
#11341=ORIENTED_EDGE('',*,*,#7939,.F.);
#11342=ORIENTED_EDGE('',*,*,#7465,.F.);
#11343=ORIENTED_EDGE('',*,*,#7937,.T.);
#11344=ORIENTED_EDGE('',*,*,#7934,.F.);
#11345=ORIENTED_EDGE('',*,*,#7469,.F.);
#11346=ORIENTED_EDGE('',*,*,#7932,.T.);
#11347=ORIENTED_EDGE('',*,*,#7929,.F.);
#11348=ORIENTED_EDGE('',*,*,#7908,.F.);
#11349=ORIENTED_EDGE('',*,*,#8078,.T.);
#11350=ORIENTED_EDGE('',*,*,#7922,.F.);
#11351=ORIENTED_EDGE('',*,*,#7473,.F.);
#11352=ORIENTED_EDGE('',*,*,#7920,.T.);
#11353=ORIENTED_EDGE('',*,*,#7917,.F.);
#11354=ORIENTED_EDGE('',*,*,#7477,.F.);
#11355=ORIENTED_EDGE('',*,*,#7915,.T.);
#11356=ORIENTED_EDGE('',*,*,#7912,.F.);
#11357=ORIENTED_EDGE('',*,*,#7891,.F.);
#11358=ORIENTED_EDGE('',*,*,#8076,.T.);
#11359=ORIENTED_EDGE('',*,*,#7905,.F.);
#11360=ORIENTED_EDGE('',*,*,#7481,.F.);
#11361=ORIENTED_EDGE('',*,*,#7903,.T.);
#11362=ORIENTED_EDGE('',*,*,#7900,.F.);
#11363=ORIENTED_EDGE('',*,*,#7485,.F.);
#11364=ORIENTED_EDGE('',*,*,#7898,.T.);
#11365=ORIENTED_EDGE('',*,*,#7895,.F.);
#11366=ORIENTED_EDGE('',*,*,#7874,.F.);
#11367=ORIENTED_EDGE('',*,*,#8074,.T.);
#11368=ORIENTED_EDGE('',*,*,#7888,.F.);
#11369=ORIENTED_EDGE('',*,*,#7489,.F.);
#11370=ORIENTED_EDGE('',*,*,#7886,.T.);
#11371=ORIENTED_EDGE('',*,*,#7883,.F.);
#11372=ORIENTED_EDGE('',*,*,#7493,.F.);
#11373=ORIENTED_EDGE('',*,*,#7881,.T.);
#11374=ORIENTED_EDGE('',*,*,#7878,.F.);
#11375=ORIENTED_EDGE('',*,*,#7857,.F.);
#11376=ORIENTED_EDGE('',*,*,#8072,.T.);
#11377=ORIENTED_EDGE('',*,*,#7871,.F.);
#11378=ORIENTED_EDGE('',*,*,#7497,.F.);
#11379=ORIENTED_EDGE('',*,*,#7869,.T.);
#11380=ORIENTED_EDGE('',*,*,#7866,.F.);
#11381=ORIENTED_EDGE('',*,*,#7501,.F.);
#11382=ORIENTED_EDGE('',*,*,#7864,.T.);
#11383=ORIENTED_EDGE('',*,*,#7861,.F.);
#11384=ORIENTED_EDGE('',*,*,#7840,.F.);
#11385=ORIENTED_EDGE('',*,*,#8070,.T.);
#11386=ORIENTED_EDGE('',*,*,#7854,.F.);
#11387=ORIENTED_EDGE('',*,*,#7505,.F.);
#11388=ORIENTED_EDGE('',*,*,#7852,.T.);
#11389=ORIENTED_EDGE('',*,*,#7849,.F.);
#11390=ORIENTED_EDGE('',*,*,#7509,.F.);
#11391=ORIENTED_EDGE('',*,*,#7847,.T.);
#11392=ORIENTED_EDGE('',*,*,#7844,.F.);
#11393=ORIENTED_EDGE('',*,*,#7823,.F.);
#11394=ORIENTED_EDGE('',*,*,#8068,.T.);
#11395=ORIENTED_EDGE('',*,*,#7837,.F.);
#11396=ORIENTED_EDGE('',*,*,#7513,.F.);
#11397=ORIENTED_EDGE('',*,*,#7835,.T.);
#11398=ORIENTED_EDGE('',*,*,#7832,.F.);
#11399=ORIENTED_EDGE('',*,*,#7517,.F.);
#11400=ORIENTED_EDGE('',*,*,#7830,.T.);
#11401=ORIENTED_EDGE('',*,*,#7827,.F.);
#11402=ORIENTED_EDGE('',*,*,#7806,.F.);
#11403=ORIENTED_EDGE('',*,*,#8066,.T.);
#11404=ORIENTED_EDGE('',*,*,#7820,.F.);
#11405=ORIENTED_EDGE('',*,*,#7521,.F.);
#11406=ORIENTED_EDGE('',*,*,#7818,.T.);
#11407=ORIENTED_EDGE('',*,*,#7815,.F.);
#11408=ORIENTED_EDGE('',*,*,#7525,.F.);
#11409=ORIENTED_EDGE('',*,*,#7813,.T.);
#11410=ORIENTED_EDGE('',*,*,#7810,.F.);
#11411=ORIENTED_EDGE('',*,*,#7789,.F.);
#11412=ORIENTED_EDGE('',*,*,#8064,.T.);
#11413=ORIENTED_EDGE('',*,*,#7803,.F.);
#11414=ORIENTED_EDGE('',*,*,#7529,.F.);
#11415=ORIENTED_EDGE('',*,*,#7801,.T.);
#11416=ORIENTED_EDGE('',*,*,#7798,.F.);
#11417=ORIENTED_EDGE('',*,*,#7533,.F.);
#11418=ORIENTED_EDGE('',*,*,#7796,.T.);
#11419=ORIENTED_EDGE('',*,*,#7793,.F.);
#11420=ORIENTED_EDGE('',*,*,#7772,.F.);
#11421=ORIENTED_EDGE('',*,*,#8062,.T.);
#11422=ORIENTED_EDGE('',*,*,#7786,.F.);
#11423=ORIENTED_EDGE('',*,*,#7537,.F.);
#11424=ORIENTED_EDGE('',*,*,#7784,.T.);
#11425=ORIENTED_EDGE('',*,*,#7781,.F.);
#11426=ORIENTED_EDGE('',*,*,#7541,.F.);
#11427=ORIENTED_EDGE('',*,*,#7779,.T.);
#11428=ORIENTED_EDGE('',*,*,#7776,.F.);
#11429=ORIENTED_EDGE('',*,*,#7755,.F.);
#11430=ORIENTED_EDGE('',*,*,#8060,.T.);
#11431=ORIENTED_EDGE('',*,*,#7769,.F.);
#11432=ORIENTED_EDGE('',*,*,#7545,.F.);
#11433=ORIENTED_EDGE('',*,*,#7767,.T.);
#11434=ORIENTED_EDGE('',*,*,#7764,.F.);
#11435=ORIENTED_EDGE('',*,*,#7549,.F.);
#11436=ORIENTED_EDGE('',*,*,#7762,.T.);
#11437=ORIENTED_EDGE('',*,*,#7759,.F.);
#11438=ORIENTED_EDGE('',*,*,#7738,.F.);
#11439=ORIENTED_EDGE('',*,*,#8058,.T.);
#11440=ORIENTED_EDGE('',*,*,#7752,.F.);
#11441=ORIENTED_EDGE('',*,*,#7553,.F.);
#11442=ORIENTED_EDGE('',*,*,#7750,.T.);
#11443=ORIENTED_EDGE('',*,*,#7747,.F.);
#11444=ORIENTED_EDGE('',*,*,#7557,.F.);
#11445=ORIENTED_EDGE('',*,*,#7745,.T.);
#11446=ORIENTED_EDGE('',*,*,#7742,.F.);
#11447=ORIENTED_EDGE('',*,*,#7721,.F.);
#11448=ORIENTED_EDGE('',*,*,#8056,.T.);
#11449=ORIENTED_EDGE('',*,*,#7735,.F.);
#11450=ORIENTED_EDGE('',*,*,#7561,.F.);
#11451=ORIENTED_EDGE('',*,*,#7733,.T.);
#11452=ORIENTED_EDGE('',*,*,#7730,.F.);
#11453=ORIENTED_EDGE('',*,*,#7565,.F.);
#11454=ORIENTED_EDGE('',*,*,#7728,.T.);
#11455=ORIENTED_EDGE('',*,*,#7725,.F.);
#11456=ORIENTED_EDGE('',*,*,#7704,.F.);
#11457=ORIENTED_EDGE('',*,*,#8054,.T.);
#11458=ORIENTED_EDGE('',*,*,#7718,.F.);
#11459=ORIENTED_EDGE('',*,*,#7569,.F.);
#11460=ORIENTED_EDGE('',*,*,#7716,.T.);
#11461=ORIENTED_EDGE('',*,*,#7713,.F.);
#11462=ORIENTED_EDGE('',*,*,#7573,.F.);
#11463=ORIENTED_EDGE('',*,*,#7711,.T.);
#11464=ORIENTED_EDGE('',*,*,#7708,.F.);
#11465=ORIENTED_EDGE('',*,*,#7687,.F.);
#11466=ORIENTED_EDGE('',*,*,#8052,.T.);
#11467=ORIENTED_EDGE('',*,*,#7701,.F.);
#11468=ORIENTED_EDGE('',*,*,#7577,.F.);
#11469=ORIENTED_EDGE('',*,*,#7699,.T.);
#11470=ORIENTED_EDGE('',*,*,#7696,.F.);
#11471=ORIENTED_EDGE('',*,*,#7581,.F.);
#11472=ORIENTED_EDGE('',*,*,#7694,.T.);
#11473=ORIENTED_EDGE('',*,*,#7691,.F.);
#11474=ORIENTED_EDGE('',*,*,#7670,.F.);
#11475=ORIENTED_EDGE('',*,*,#8050,.T.);
#11476=ORIENTED_EDGE('',*,*,#7684,.F.);
#11477=ORIENTED_EDGE('',*,*,#7585,.F.);
#11478=ORIENTED_EDGE('',*,*,#7682,.T.);
#11479=ORIENTED_EDGE('',*,*,#7679,.F.);
#11480=ORIENTED_EDGE('',*,*,#7589,.F.);
#11481=ORIENTED_EDGE('',*,*,#7677,.T.);
#11482=ORIENTED_EDGE('',*,*,#7674,.F.);
#11483=ORIENTED_EDGE('',*,*,#7653,.F.);
#11484=ORIENTED_EDGE('',*,*,#8048,.T.);
#11485=ORIENTED_EDGE('',*,*,#7667,.F.);
#11486=ORIENTED_EDGE('',*,*,#7593,.F.);
#11487=ORIENTED_EDGE('',*,*,#7665,.T.);
#11488=ORIENTED_EDGE('',*,*,#7662,.F.);
#11489=ORIENTED_EDGE('',*,*,#7597,.F.);
#11490=ORIENTED_EDGE('',*,*,#7660,.T.);
#11491=ORIENTED_EDGE('',*,*,#7657,.F.);
#11492=ORIENTED_EDGE('',*,*,#7605,.F.);
#11493=ORIENTED_EDGE('',*,*,#8046,.T.);
#11494=ORIENTED_EDGE('',*,*,#7650,.T.);
#11495=ORIENTED_EDGE('',*,*,#7601,.F.);
#11496=ORIENTED_EDGE('',*,*,#7648,.T.);
#11497=ORIENTED_EDGE('',*,*,#7645,.F.);
#11498=ORIENTED_EDGE('',*,*,#7613,.F.);
#11499=ORIENTED_EDGE('',*,*,#8044,.T.);
#11500=ORIENTED_EDGE('',*,*,#7642,.F.);
#11501=ORIENTED_EDGE('',*,*,#7609,.F.);
#11502=ORIENTED_EDGE('',*,*,#7640,.T.);
#11503=ORIENTED_EDGE('',*,*,#7637,.T.);
#11504=ORIENTED_EDGE('',*,*,#8096,.F.);
#11505=ORIENTED_EDGE('',*,*,#8097,.T.);
#11506=ORIENTED_EDGE('',*,*,#8098,.T.);
#11507=ORIENTED_EDGE('',*,*,#8099,.F.);
#11508=ORIENTED_EDGE('',*,*,#8100,.T.);
#11509=ORIENTED_EDGE('',*,*,#8101,.T.);
#11510=ORIENTED_EDGE('',*,*,#8102,.T.);
#11511=ORIENTED_EDGE('',*,*,#8103,.F.);
#11512=ORIENTED_EDGE('',*,*,#8104,.T.);
#11513=ORIENTED_EDGE('',*,*,#8105,.F.);
#11514=ORIENTED_EDGE('',*,*,#8106,.T.);
#11515=ORIENTED_EDGE('',*,*,#8107,.F.);
#11516=ORIENTED_EDGE('',*,*,#8108,.T.);
#11517=ORIENTED_EDGE('',*,*,#8109,.F.);
#11518=ORIENTED_EDGE('',*,*,#8110,.T.);
#11519=ORIENTED_EDGE('',*,*,#8111,.F.);
#11520=ORIENTED_EDGE('',*,*,#8112,.T.);
#11521=ORIENTED_EDGE('',*,*,#8113,.T.);
#11522=ORIENTED_EDGE('',*,*,#8114,.T.);
#11523=ORIENTED_EDGE('',*,*,#8115,.F.);
#11524=ORIENTED_EDGE('',*,*,#8116,.T.);
#11525=ORIENTED_EDGE('',*,*,#8117,.T.);
#11526=ORIENTED_EDGE('',*,*,#8118,.F.);
#11527=ORIENTED_EDGE('',*,*,#8119,.F.);
#11528=ORIENTED_EDGE('',*,*,#8120,.F.);
#11529=ORIENTED_EDGE('',*,*,#8121,.T.);
#11530=ORIENTED_EDGE('',*,*,#8122,.T.);
#11531=ORIENTED_EDGE('',*,*,#8123,.T.);
#11532=ORIENTED_EDGE('',*,*,#8124,.T.);
#11533=ORIENTED_EDGE('',*,*,#8125,.T.);
#11534=ORIENTED_EDGE('',*,*,#8126,.T.);
#11535=ORIENTED_EDGE('',*,*,#8127,.F.);
#11536=ORIENTED_EDGE('',*,*,#8128,.F.);
#11537=ORIENTED_EDGE('',*,*,#8129,.T.);
#11538=ORIENTED_EDGE('',*,*,#8130,.T.);
#11539=ORIENTED_EDGE('',*,*,#8131,.T.);
#11540=ORIENTED_EDGE('',*,*,#8132,.T.);
#11541=ORIENTED_EDGE('',*,*,#8133,.T.);
#11542=ORIENTED_EDGE('',*,*,#8134,.T.);
#11543=ORIENTED_EDGE('',*,*,#8135,.F.);
#11544=ORIENTED_EDGE('',*,*,#8136,.T.);
#11545=ORIENTED_EDGE('',*,*,#8137,.F.);
#11546=ORIENTED_EDGE('',*,*,#8138,.T.);
#11547=ORIENTED_EDGE('',*,*,#8139,.T.);
#11548=ORIENTED_EDGE('',*,*,#8140,.T.);
#11549=ORIENTED_EDGE('',*,*,#8141,.T.);
#11550=ORIENTED_EDGE('',*,*,#8142,.T.);
#11551=ORIENTED_EDGE('',*,*,#8143,.F.);
#11552=ORIENTED_EDGE('',*,*,#8144,.T.);
#11553=ORIENTED_EDGE('',*,*,#8145,.F.);
#11554=ORIENTED_EDGE('',*,*,#8146,.T.);
#11555=ORIENTED_EDGE('',*,*,#8147,.T.);
#11556=ORIENTED_EDGE('',*,*,#8148,.T.);
#11557=ORIENTED_EDGE('',*,*,#8149,.T.);
#11558=ORIENTED_EDGE('',*,*,#8150,.F.);
#11559=ORIENTED_EDGE('',*,*,#8151,.T.);
#11560=ORIENTED_EDGE('',*,*,#8152,.F.);
#11561=ORIENTED_EDGE('',*,*,#8153,.T.);
#11562=ORIENTED_EDGE('',*,*,#8154,.T.);
#11563=ORIENTED_EDGE('',*,*,#8155,.T.);
#11564=ORIENTED_EDGE('',*,*,#8156,.F.);
#11565=ORIENTED_EDGE('',*,*,#8157,.T.);
#11566=ORIENTED_EDGE('',*,*,#8158,.T.);
#11567=ORIENTED_EDGE('',*,*,#8159,.T.);
#11568=ORIENTED_EDGE('',*,*,#8160,.F.);
#11569=ORIENTED_EDGE('',*,*,#8161,.T.);
#11570=ORIENTED_EDGE('',*,*,#8162,.T.);
#11571=ORIENTED_EDGE('',*,*,#8163,.T.);
#11572=ORIENTED_EDGE('',*,*,#8164,.F.);
#11573=ORIENTED_EDGE('',*,*,#8165,.T.);
#11574=ORIENTED_EDGE('',*,*,#8166,.T.);
#11575=ORIENTED_EDGE('',*,*,#8167,.T.);
#11576=ORIENTED_EDGE('',*,*,#8168,.T.);
#11577=ORIENTED_EDGE('',*,*,#8169,.T.);
#11578=ORIENTED_EDGE('',*,*,#8170,.T.);
#11579=ORIENTED_EDGE('',*,*,#8171,.F.);
#11580=ORIENTED_EDGE('',*,*,#8172,.T.);
#11581=ORIENTED_EDGE('',*,*,#8173,.T.);
#11582=ORIENTED_EDGE('',*,*,#8174,.F.);
#11583=ORIENTED_EDGE('',*,*,#8175,.T.);
#11584=ORIENTED_EDGE('',*,*,#8176,.F.);
#11585=ORIENTED_EDGE('',*,*,#8177,.T.);
#11586=ORIENTED_EDGE('',*,*,#8178,.T.);
#11587=ORIENTED_EDGE('',*,*,#8179,.T.);
#11588=ORIENTED_EDGE('',*,*,#8180,.T.);
#11589=ORIENTED_EDGE('',*,*,#8181,.T.);
#11590=ORIENTED_EDGE('',*,*,#8182,.T.);
#11591=ORIENTED_EDGE('',*,*,#8183,.T.);
#11592=ORIENTED_EDGE('',*,*,#8184,.T.);
#11593=ORIENTED_EDGE('',*,*,#8185,.F.);
#11594=ORIENTED_EDGE('',*,*,#8186,.F.);
#11595=ORIENTED_EDGE('',*,*,#8187,.T.);
#11596=ORIENTED_EDGE('',*,*,#8188,.F.);
#11597=ORIENTED_EDGE('',*,*,#8189,.T.);
#11598=ORIENTED_EDGE('',*,*,#8190,.F.);
#11599=ORIENTED_EDGE('',*,*,#8191,.T.);
#11600=ORIENTED_EDGE('',*,*,#8192,.F.);
#11601=ORIENTED_EDGE('',*,*,#8193,.T.);
#11602=ORIENTED_EDGE('',*,*,#8194,.F.);
#11603=ORIENTED_EDGE('',*,*,#8195,.T.);
#11604=ORIENTED_EDGE('',*,*,#8196,.T.);
#11605=ORIENTED_EDGE('',*,*,#8197,.T.);
#11606=ORIENTED_EDGE('',*,*,#8198,.T.);
#11607=ORIENTED_EDGE('',*,*,#8199,.T.);
#11608=ORIENTED_EDGE('',*,*,#8200,.T.);
#11609=ORIENTED_EDGE('',*,*,#8201,.T.);
#11610=ORIENTED_EDGE('',*,*,#8202,.T.);
#11611=ORIENTED_EDGE('',*,*,#8203,.F.);
#11612=ORIENTED_EDGE('',*,*,#8204,.F.);
#11613=ORIENTED_EDGE('',*,*,#8205,.T.);
#11614=ORIENTED_EDGE('',*,*,#8206,.T.);
#11615=ORIENTED_EDGE('',*,*,#8207,.T.);
#11616=ORIENTED_EDGE('',*,*,#8208,.T.);
#11617=ORIENTED_EDGE('',*,*,#8209,.T.);
#11618=ORIENTED_EDGE('',*,*,#8210,.T.);
#11619=ORIENTED_EDGE('',*,*,#8211,.F.);
#11620=ORIENTED_EDGE('',*,*,#8212,.F.);
#11621=ORIENTED_EDGE('',*,*,#8213,.T.);
#11622=ORIENTED_EDGE('',*,*,#8214,.T.);
#11623=ORIENTED_EDGE('',*,*,#8215,.T.);
#11624=ORIENTED_EDGE('',*,*,#8216,.F.);
#11625=ORIENTED_EDGE('',*,*,#8217,.T.);
#11626=ORIENTED_EDGE('',*,*,#8218,.T.);
#11627=ORIENTED_EDGE('',*,*,#8219,.T.);
#11628=ORIENTED_EDGE('',*,*,#8220,.F.);
#11629=ORIENTED_EDGE('',*,*,#8221,.T.);
#11630=ORIENTED_EDGE('',*,*,#8222,.T.);
#11631=ORIENTED_EDGE('',*,*,#8223,.T.);
#11632=ORIENTED_EDGE('',*,*,#8224,.T.);
#11633=ORIENTED_EDGE('',*,*,#8225,.T.);
#11634=ORIENTED_EDGE('',*,*,#8226,.T.);
#11635=ORIENTED_EDGE('',*,*,#8227,.F.);
#11636=ORIENTED_EDGE('',*,*,#8228,.F.);
#11637=ORIENTED_EDGE('',*,*,#8229,.T.);
#11638=ORIENTED_EDGE('',*,*,#8230,.T.);
#11639=ORIENTED_EDGE('',*,*,#8231,.T.);
#11640=ORIENTED_EDGE('',*,*,#8232,.F.);
#11641=ORIENTED_EDGE('',*,*,#8233,.T.);
#11642=ORIENTED_EDGE('',*,*,#8234,.T.);
#11643=ORIENTED_EDGE('',*,*,#8235,.T.);
#11644=ORIENTED_EDGE('',*,*,#8236,.F.);
#11645=ORIENTED_EDGE('',*,*,#8237,.T.);
#11646=ORIENTED_EDGE('',*,*,#8238,.T.);
#11647=ORIENTED_EDGE('',*,*,#8239,.T.);
#11648=ORIENTED_EDGE('',*,*,#8240,.F.);
#11649=ORIENTED_EDGE('',*,*,#8241,.T.);
#11650=ORIENTED_EDGE('',*,*,#8242,.F.);
#11651=ORIENTED_EDGE('',*,*,#8243,.F.);
#11652=ORIENTED_EDGE('',*,*,#8194,.T.);
#11653=ORIENTED_EDGE('',*,*,#8244,.T.);
#11654=ORIENTED_EDGE('',*,*,#8245,.F.);
#11655=ORIENTED_EDGE('',*,*,#8246,.T.);
#11656=ORIENTED_EDGE('',*,*,#8190,.T.);
#11657=ORIENTED_EDGE('',*,*,#8247,.T.);
#11658=ORIENTED_EDGE('',*,*,#8248,.F.);
#11659=ORIENTED_EDGE('',*,*,#8249,.T.);
#11660=ORIENTED_EDGE('',*,*,#8186,.T.);
#11661=ORIENTED_EDGE('',*,*,#8250,.T.);
#11662=ORIENTED_EDGE('',*,*,#8251,.F.);
#11663=ORIENTED_EDGE('',*,*,#8252,.T.);
#11664=ORIENTED_EDGE('',*,*,#8253,.F.);
#11665=ORIENTED_EDGE('',*,*,#8254,.T.);
#11666=ORIENTED_EDGE('',*,*,#8255,.F.);
#11667=ORIENTED_EDGE('',*,*,#8256,.T.);
#11668=ORIENTED_EDGE('',*,*,#8257,.F.);
#11669=ORIENTED_EDGE('',*,*,#8258,.T.);
#11670=ORIENTED_EDGE('',*,*,#8255,.T.);
#11671=ORIENTED_EDGE('',*,*,#8259,.T.);
#11672=ORIENTED_EDGE('',*,*,#8260,.F.);
#11673=ORIENTED_EDGE('',*,*,#8261,.T.);
#11674=ORIENTED_EDGE('',*,*,#8251,.T.);
#11675=ORIENTED_EDGE('',*,*,#8262,.T.);
#11676=ORIENTED_EDGE('',*,*,#8263,.F.);
#11677=ORIENTED_EDGE('',*,*,#8257,.T.);
#11678=ORIENTED_EDGE('',*,*,#8264,.T.);
#11679=ORIENTED_EDGE('',*,*,#8265,.F.);
#11680=ORIENTED_EDGE('',*,*,#8266,.F.);
#11681=ORIENTED_EDGE('',*,*,#8260,.T.);
#11682=ORIENTED_EDGE('',*,*,#8267,.T.);
#11683=ORIENTED_EDGE('',*,*,#8268,.F.);
#11684=ORIENTED_EDGE('',*,*,#8269,.T.);
#11685=ORIENTED_EDGE('',*,*,#8270,.T.);
#11686=ORIENTED_EDGE('',*,*,#8271,.T.);
#11687=ORIENTED_EDGE('',*,*,#8272,.T.);
#11688=ORIENTED_EDGE('',*,*,#8265,.T.);
#11689=ORIENTED_EDGE('',*,*,#8273,.T.);
#11690=ORIENTED_EDGE('',*,*,#8274,.T.);
#11691=ORIENTED_EDGE('',*,*,#8275,.T.);
#11692=ORIENTED_EDGE('',*,*,#8268,.T.);
#11693=ORIENTED_EDGE('',*,*,#8276,.F.);
#11694=ORIENTED_EDGE('',*,*,#8277,.F.);
#11695=ORIENTED_EDGE('',*,*,#8278,.T.);
#11696=ORIENTED_EDGE('',*,*,#8279,.F.);
#11697=ORIENTED_EDGE('',*,*,#8280,.T.);
#11698=ORIENTED_EDGE('',*,*,#8281,.T.);
#11699=ORIENTED_EDGE('',*,*,#8282,.T.);
#11700=ORIENTED_EDGE('',*,*,#8283,.F.);
#11701=ORIENTED_EDGE('',*,*,#8284,.T.);
#11702=ORIENTED_EDGE('',*,*,#8285,.T.);
#11703=ORIENTED_EDGE('',*,*,#8286,.T.);
#11704=ORIENTED_EDGE('',*,*,#8287,.F.);
#11705=ORIENTED_EDGE('',*,*,#8288,.F.);
#11706=ORIENTED_EDGE('',*,*,#8289,.T.);
#11707=ORIENTED_EDGE('',*,*,#8290,.T.);
#11708=ORIENTED_EDGE('',*,*,#8291,.F.);
#11709=ORIENTED_EDGE('',*,*,#8292,.T.);
#11710=ORIENTED_EDGE('',*,*,#8279,.T.);
#11711=ORIENTED_EDGE('',*,*,#8293,.F.);
#11712=ORIENTED_EDGE('',*,*,#8294,.F.);
#11713=ORIENTED_EDGE('',*,*,#8295,.F.);
#11714=ORIENTED_EDGE('',*,*,#8296,.T.);
#11715=ORIENTED_EDGE('',*,*,#8283,.T.);
#11716=ORIENTED_EDGE('',*,*,#8297,.F.);
#11717=ORIENTED_EDGE('',*,*,#8298,.T.);
#11718=ORIENTED_EDGE('',*,*,#8291,.T.);
#11719=ORIENTED_EDGE('',*,*,#8299,.F.);
#11720=ORIENTED_EDGE('',*,*,#8295,.T.);
#11721=ORIENTED_EDGE('',*,*,#8300,.T.);
#11722=ORIENTED_EDGE('',*,*,#8301,.F.);
#11723=ORIENTED_EDGE('',*,*,#8302,.T.);
#11724=ORIENTED_EDGE('',*,*,#8184,.F.);
#11725=ORIENTED_EDGE('',*,*,#8303,.T.);
#11726=ORIENTED_EDGE('',*,*,#8304,.F.);
#11727=ORIENTED_EDGE('',*,*,#8305,.T.);
#11728=ORIENTED_EDGE('',*,*,#8180,.F.);
#11729=ORIENTED_EDGE('',*,*,#8306,.T.);
#11730=ORIENTED_EDGE('',*,*,#8307,.F.);
#11731=ORIENTED_EDGE('',*,*,#8308,.T.);
#11732=ORIENTED_EDGE('',*,*,#8196,.F.);
#11733=ORIENTED_EDGE('',*,*,#8309,.T.);
#11734=ORIENTED_EDGE('',*,*,#8310,.T.);
#11735=ORIENTED_EDGE('',*,*,#8311,.T.);
#11736=ORIENTED_EDGE('',*,*,#8312,.F.);
#11737=ORIENTED_EDGE('',*,*,#8313,.T.);
#11738=ORIENTED_EDGE('',*,*,#8301,.T.);
#11739=ORIENTED_EDGE('',*,*,#8314,.T.);
#11740=ORIENTED_EDGE('',*,*,#8315,.F.);
#11741=ORIENTED_EDGE('',*,*,#8316,.T.);
#11742=ORIENTED_EDGE('',*,*,#8297,.T.);
#11743=ORIENTED_EDGE('',*,*,#8317,.F.);
#11744=ORIENTED_EDGE('',*,*,#8318,.T.);
#11745=ORIENTED_EDGE('',*,*,#8319,.T.);
#11746=ORIENTED_EDGE('',*,*,#8320,.F.);
#11747=ORIENTED_EDGE('',*,*,#8321,.T.);
#11748=ORIENTED_EDGE('',*,*,#8320,.T.);
#11749=ORIENTED_EDGE('',*,*,#8322,.T.);
#11750=ORIENTED_EDGE('',*,*,#8113,.F.);
#11751=ORIENTED_EDGE('',*,*,#8323,.T.);
#11752=ORIENTED_EDGE('',*,*,#8324,.F.);
#11753=ORIENTED_EDGE('',*,*,#8325,.T.);
#11754=ORIENTED_EDGE('',*,*,#8097,.F.);
#11755=ORIENTED_EDGE('',*,*,#8326,.F.);
#11756=ORIENTED_EDGE('',*,*,#8111,.T.);
#11757=ORIENTED_EDGE('',*,*,#8327,.T.);
#11758=ORIENTED_EDGE('',*,*,#8107,.T.);
#11759=ORIENTED_EDGE('',*,*,#8328,.T.);
#11760=ORIENTED_EDGE('',*,*,#8329,.F.);
#11761=ORIENTED_EDGE('',*,*,#8330,.F.);
#11762=ORIENTED_EDGE('',*,*,#8331,.F.);
#11763=ORIENTED_EDGE('',*,*,#8332,.F.);
#11764=ORIENTED_EDGE('',*,*,#8333,.F.);
#11765=ORIENTED_EDGE('',*,*,#8329,.T.);
#11766=ORIENTED_EDGE('',*,*,#8334,.F.);
#11767=ORIENTED_EDGE('',*,*,#8335,.T.);
#11768=ORIENTED_EDGE('',*,*,#8336,.T.);
#11769=ORIENTED_EDGE('',*,*,#8337,.T.);
#11770=ORIENTED_EDGE('',*,*,#8338,.T.);
#11771=ORIENTED_EDGE('',*,*,#8339,.T.);
#11772=ORIENTED_EDGE('',*,*,#8340,.F.);
#11773=ORIENTED_EDGE('',*,*,#8341,.T.);
#11774=ORIENTED_EDGE('',*,*,#8242,.T.);
#11775=ORIENTED_EDGE('',*,*,#8342,.T.);
#11776=ORIENTED_EDGE('',*,*,#8343,.F.);
#11777=ORIENTED_EDGE('',*,*,#8344,.F.);
#11778=ORIENTED_EDGE('',*,*,#8343,.T.);
#11779=ORIENTED_EDGE('',*,*,#8345,.T.);
#11780=ORIENTED_EDGE('',*,*,#8269,.F.);
#11781=ORIENTED_EDGE('',*,*,#8346,.F.);
#11782=ORIENTED_EDGE('',*,*,#8347,.F.);
#11783=ORIENTED_EDGE('',*,*,#8348,.F.);
#11784=ORIENTED_EDGE('',*,*,#8349,.T.);
#11785=ORIENTED_EDGE('',*,*,#8277,.T.);
#11786=ORIENTED_EDGE('',*,*,#8350,.F.);
#11787=ORIENTED_EDGE('',*,*,#8351,.T.);
#11788=ORIENTED_EDGE('',*,*,#8352,.T.);
#11789=ORIENTED_EDGE('',*,*,#8353,.T.);
#11790=ORIENTED_EDGE('',*,*,#8318,.F.);
#11791=ORIENTED_EDGE('',*,*,#8354,.F.);
#11792=ORIENTED_EDGE('',*,*,#8348,.T.);
#11793=ORIENTED_EDGE('',*,*,#8355,.T.);
#11794=ORIENTED_EDGE('',*,*,#8356,.F.);
#11795=ORIENTED_EDGE('',*,*,#8350,.T.);
#11796=ORIENTED_EDGE('',*,*,#8357,.F.);
#11797=ORIENTED_EDGE('',*,*,#8358,.F.);
#11798=ORIENTED_EDGE('',*,*,#8117,.F.);
#11799=ORIENTED_EDGE('',*,*,#8359,.T.);
#11800=ORIENTED_EDGE('',*,*,#8358,.T.);
#11801=ORIENTED_EDGE('',*,*,#8360,.F.);
#11802=ORIENTED_EDGE('',*,*,#8101,.F.);
#11803=ORIENTED_EDGE('',*,*,#8361,.T.);
#11804=ORIENTED_EDGE('',*,*,#8362,.T.);
#11805=ORIENTED_EDGE('',*,*,#8363,.T.);
#11806=ORIENTED_EDGE('',*,*,#8119,.T.);
#11807=ORIENTED_EDGE('',*,*,#8364,.T.);
#11808=ORIENTED_EDGE('',*,*,#8365,.F.);
#11809=ORIENTED_EDGE('',*,*,#8366,.T.);
#11810=ORIENTED_EDGE('',*,*,#8103,.T.);
#11811=ORIENTED_EDGE('',*,*,#8367,.T.);
#11812=ORIENTED_EDGE('',*,*,#8368,.F.);
#11813=ORIENTED_EDGE('',*,*,#8369,.T.);
#11814=ORIENTED_EDGE('',*,*,#8365,.T.);
#11815=ORIENTED_EDGE('',*,*,#8370,.T.);
#11816=ORIENTED_EDGE('',*,*,#8371,.T.);
#11817=ORIENTED_EDGE('',*,*,#8372,.T.);
#11818=ORIENTED_EDGE('',*,*,#8368,.T.);
#11819=ORIENTED_EDGE('',*,*,#8373,.F.);
#11820=ORIENTED_EDGE('',*,*,#8374,.F.);
#11821=ORIENTED_EDGE('',*,*,#8375,.T.);
#11822=ORIENTED_EDGE('',*,*,#8332,.T.);
#11823=ORIENTED_EDGE('',*,*,#8376,.T.);
#11824=ORIENTED_EDGE('',*,*,#8377,.T.);
#11825=ORIENTED_EDGE('',*,*,#8289,.F.);
#11826=ORIENTED_EDGE('',*,*,#8378,.F.);
#11827=ORIENTED_EDGE('',*,*,#8374,.T.);
#11828=ORIENTED_EDGE('',*,*,#8379,.F.);
#11829=ORIENTED_EDGE('',*,*,#8380,.F.);
#11830=ORIENTED_EDGE('',*,*,#8381,.T.);
#11831=ORIENTED_EDGE('',*,*,#8287,.T.);
#11832=ORIENTED_EDGE('',*,*,#8380,.T.);
#11833=ORIENTED_EDGE('',*,*,#8382,.T.);
#11834=ORIENTED_EDGE('',*,*,#8310,.F.);
#11835=ORIENTED_EDGE('',*,*,#8383,.T.);
#11836=ORIENTED_EDGE('',*,*,#8384,.F.);
#11837=ORIENTED_EDGE('',*,*,#8385,.T.);
#11838=ORIENTED_EDGE('',*,*,#8386,.T.);
#11839=ORIENTED_EDGE('',*,*,#8387,.T.);
#11840=ORIENTED_EDGE('',*,*,#8388,.T.);
#11841=ORIENTED_EDGE('',*,*,#8389,.F.);
#11842=ORIENTED_EDGE('',*,*,#8390,.F.);
#11843=ORIENTED_EDGE('',*,*,#8391,.F.);
#11844=ORIENTED_EDGE('',*,*,#8392,.F.);
#11845=ORIENTED_EDGE('',*,*,#8393,.F.);
#11846=ORIENTED_EDGE('',*,*,#8394,.F.);
#11847=ORIENTED_EDGE('',*,*,#8395,.F.);
#11848=ORIENTED_EDGE('',*,*,#8386,.F.);
#11849=ORIENTED_EDGE('',*,*,#8396,.T.);
#11850=ORIENTED_EDGE('',*,*,#8334,.T.);
#11851=ORIENTED_EDGE('',*,*,#8397,.T.);
#11852=ORIENTED_EDGE('',*,*,#8120,.T.);
#11853=ORIENTED_EDGE('',*,*,#8398,.T.);
#11854=ORIENTED_EDGE('',*,*,#8338,.F.);
#11855=ORIENTED_EDGE('',*,*,#8399,.T.);
#11856=ORIENTED_EDGE('',*,*,#8195,.F.);
#11857=ORIENTED_EDGE('',*,*,#8243,.T.);
#11858=ORIENTED_EDGE('',*,*,#8344,.T.);
#11859=ORIENTED_EDGE('',*,*,#8346,.T.);
#11860=ORIENTED_EDGE('',*,*,#8278,.F.);
#11861=ORIENTED_EDGE('',*,*,#8349,.F.);
#11862=ORIENTED_EDGE('',*,*,#8354,.T.);
#11863=ORIENTED_EDGE('',*,*,#8321,.F.);
#11864=ORIENTED_EDGE('',*,*,#8323,.F.);
#11865=ORIENTED_EDGE('',*,*,#8112,.F.);
#11866=ORIENTED_EDGE('',*,*,#8326,.T.);
#11867=ORIENTED_EDGE('',*,*,#8096,.T.);
#11868=ORIENTED_EDGE('',*,*,#8330,.T.);
#11869=ORIENTED_EDGE('',*,*,#8333,.T.);
#11870=ORIENTED_EDGE('',*,*,#8375,.F.);
#11871=ORIENTED_EDGE('',*,*,#8378,.T.);
#11872=ORIENTED_EDGE('',*,*,#8288,.T.);
#11873=ORIENTED_EDGE('',*,*,#8381,.F.);
#11874=ORIENTED_EDGE('',*,*,#8383,.F.);
#11875=ORIENTED_EDGE('',*,*,#8309,.F.);
#11876=ORIENTED_EDGE('',*,*,#8336,.F.);
#11877=ORIENTED_EDGE('',*,*,#8400,.T.);
#11878=ORIENTED_EDGE('',*,*,#8384,.T.);
#11879=ORIENTED_EDGE('',*,*,#8401,.T.);
#11880=ORIENTED_EDGE('',*,*,#8340,.T.);
#11881=ORIENTED_EDGE('',*,*,#8402,.T.);
#11882=ORIENTED_EDGE('',*,*,#8122,.F.);
#11883=ORIENTED_EDGE('',*,*,#8403,.T.);
#11884=ORIENTED_EDGE('',*,*,#8185,.T.);
#11885=ORIENTED_EDGE('',*,*,#8317,.T.);
#11886=ORIENTED_EDGE('',*,*,#8299,.T.);
#11887=ORIENTED_EDGE('',*,*,#8293,.T.);
#11888=ORIENTED_EDGE('',*,*,#8290,.F.);
#11889=ORIENTED_EDGE('',*,*,#8377,.F.);
#11890=ORIENTED_EDGE('',*,*,#8373,.T.);
#11891=ORIENTED_EDGE('',*,*,#8370,.F.);
#11892=ORIENTED_EDGE('',*,*,#8367,.F.);
#11893=ORIENTED_EDGE('',*,*,#8102,.F.);
#11894=ORIENTED_EDGE('',*,*,#8364,.F.);
#11895=ORIENTED_EDGE('',*,*,#8118,.T.);
#11896=ORIENTED_EDGE('',*,*,#8360,.T.);
#11897=ORIENTED_EDGE('',*,*,#8357,.T.);
#11898=ORIENTED_EDGE('',*,*,#8355,.F.);
#11899=ORIENTED_EDGE('',*,*,#8347,.T.);
#11900=ORIENTED_EDGE('',*,*,#8276,.T.);
#11901=ORIENTED_EDGE('',*,*,#8267,.F.);
#11902=ORIENTED_EDGE('',*,*,#8262,.F.);
#11903=ORIENTED_EDGE('',*,*,#8250,.F.);
#11904=ORIENTED_EDGE('',*,*,#8396,.F.);
#11905=ORIENTED_EDGE('',*,*,#8385,.F.);
#11906=ORIENTED_EDGE('',*,*,#8400,.F.);
#11907=ORIENTED_EDGE('',*,*,#8335,.F.);
#11908=ORIENTED_EDGE('',*,*,#8397,.F.);
#11909=ORIENTED_EDGE('',*,*,#8337,.F.);
#11910=ORIENTED_EDGE('',*,*,#8403,.F.);
#11911=ORIENTED_EDGE('',*,*,#8121,.F.);
#11912=ORIENTED_EDGE('',*,*,#8398,.F.);
#11913=ORIENTED_EDGE('',*,*,#8123,.F.);
#11914=ORIENTED_EDGE('',*,*,#8402,.F.);
#11915=ORIENTED_EDGE('',*,*,#8339,.F.);
#11916=ORIENTED_EDGE('',*,*,#8399,.F.);
#11917=ORIENTED_EDGE('',*,*,#8341,.F.);
#11918=ORIENTED_EDGE('',*,*,#8401,.F.);
#11919=ORIENTED_EDGE('',*,*,#8387,.F.);
#11920=ORIENTED_EDGE('',*,*,#8404,.T.);
#11921=ORIENTED_EDGE('',*,*,#8405,.F.);
#11922=ORIENTED_EDGE('',*,*,#8406,.T.);
#11923=ORIENTED_EDGE('',*,*,#8392,.T.);
#11924=ORIENTED_EDGE('',*,*,#8407,.F.);
#11925=ORIENTED_EDGE('',*,*,#8408,.F.);
#11926=ORIENTED_EDGE('',*,*,#8409,.T.);
#11927=ORIENTED_EDGE('',*,*,#8109,.T.);
#11928=ORIENTED_EDGE('',*,*,#8410,.F.);
#11929=ORIENTED_EDGE('',*,*,#8411,.T.);
#11930=ORIENTED_EDGE('',*,*,#8324,.T.);
#11931=ORIENTED_EDGE('',*,*,#8412,.T.);
#11932=ORIENTED_EDGE('',*,*,#8413,.T.);
#11933=ORIENTED_EDGE('',*,*,#8414,.F.);
#11934=ORIENTED_EDGE('',*,*,#8415,.T.);
#11935=ORIENTED_EDGE('',*,*,#8388,.F.);
#11936=ORIENTED_EDGE('',*,*,#8416,.F.);
#11937=ORIENTED_EDGE('',*,*,#8417,.F.);
#11938=ORIENTED_EDGE('',*,*,#8418,.T.);
#11939=ORIENTED_EDGE('',*,*,#8099,.T.);
#11940=ORIENTED_EDGE('',*,*,#8419,.T.);
#11941=ORIENTED_EDGE('',*,*,#8420,.T.);
#11942=ORIENTED_EDGE('',*,*,#8421,.T.);
#11943=ORIENTED_EDGE('',*,*,#8362,.F.);
#11944=ORIENTED_EDGE('',*,*,#8105,.T.);
#11945=ORIENTED_EDGE('',*,*,#8422,.T.);
#11946=ORIENTED_EDGE('',*,*,#8371,.F.);
#11947=ORIENTED_EDGE('',*,*,#8423,.T.);
#11948=ORIENTED_EDGE('',*,*,#8352,.F.);
#11949=ORIENTED_EDGE('',*,*,#8424,.T.);
#11950=ORIENTED_EDGE('',*,*,#8115,.T.);
#11951=ORIENTED_EDGE('',*,*,#8425,.T.);
#11952=ORIENTED_EDGE('',*,*,#8418,.F.);
#11953=ORIENTED_EDGE('',*,*,#8426,.T.);
#11954=ORIENTED_EDGE('',*,*,#8419,.F.);
#11955=ORIENTED_EDGE('',*,*,#8361,.F.);
#11956=ORIENTED_EDGE('',*,*,#8100,.F.);
#11957=ORIENTED_EDGE('',*,*,#8372,.F.);
#11958=ORIENTED_EDGE('',*,*,#8422,.F.);
#11959=ORIENTED_EDGE('',*,*,#8104,.F.);
#11960=ORIENTED_EDGE('',*,*,#8366,.F.);
#11961=ORIENTED_EDGE('',*,*,#8369,.F.);
#11962=ORIENTED_EDGE('',*,*,#8421,.F.);
#11963=ORIENTED_EDGE('',*,*,#8427,.T.);
#11964=ORIENTED_EDGE('',*,*,#8404,.F.);
#11965=ORIENTED_EDGE('',*,*,#8108,.F.);
#11966=ORIENTED_EDGE('',*,*,#8363,.F.);
#11967=ORIENTED_EDGE('',*,*,#8351,.F.);
#11968=ORIENTED_EDGE('',*,*,#8356,.T.);
#11969=ORIENTED_EDGE('',*,*,#8359,.F.);
#11970=ORIENTED_EDGE('',*,*,#8116,.F.);
#11971=ORIENTED_EDGE('',*,*,#8424,.F.);
#11972=ORIENTED_EDGE('',*,*,#8376,.F.);
#11973=ORIENTED_EDGE('',*,*,#8331,.T.);
#11974=ORIENTED_EDGE('',*,*,#8328,.F.);
#11975=ORIENTED_EDGE('',*,*,#8106,.F.);
#11976=ORIENTED_EDGE('',*,*,#8423,.F.);
#11977=ORIENTED_EDGE('',*,*,#8411,.F.);
#11978=ORIENTED_EDGE('',*,*,#8428,.T.);
#11979=ORIENTED_EDGE('',*,*,#8413,.F.);
#11980=ORIENTED_EDGE('',*,*,#8098,.F.);
#11981=ORIENTED_EDGE('',*,*,#8325,.F.);
#11982=ORIENTED_EDGE('',*,*,#8353,.F.);
#11983=ORIENTED_EDGE('',*,*,#8425,.F.);
#11984=ORIENTED_EDGE('',*,*,#8114,.F.);
#11985=ORIENTED_EDGE('',*,*,#8322,.F.);
#11986=ORIENTED_EDGE('',*,*,#8319,.F.);
#11987=ORIENTED_EDGE('',*,*,#8409,.F.);
#11988=ORIENTED_EDGE('',*,*,#8429,.T.);
#11989=ORIENTED_EDGE('',*,*,#8412,.F.);
#11990=ORIENTED_EDGE('',*,*,#8327,.F.);
#11991=ORIENTED_EDGE('',*,*,#8110,.F.);
#11992=ORIENTED_EDGE('',*,*,#8285,.F.);
#11993=ORIENTED_EDGE('',*,*,#8430,.T.);
#11994=ORIENTED_EDGE('',*,*,#8312,.T.);
#11995=ORIENTED_EDGE('',*,*,#8431,.T.);
#11996=ORIENTED_EDGE('',*,*,#8307,.T.);
#11997=ORIENTED_EDGE('',*,*,#8432,.T.);
#11998=ORIENTED_EDGE('',*,*,#8176,.T.);
#11999=ORIENTED_EDGE('',*,*,#8433,.T.);
#12000=ORIENTED_EDGE('',*,*,#8178,.F.);
#12001=ORIENTED_EDGE('',*,*,#8434,.T.);
#12002=ORIENTED_EDGE('',*,*,#8198,.F.);
#12003=ORIENTED_EDGE('',*,*,#8435,.T.);
#12004=ORIENTED_EDGE('',*,*,#8281,.F.);
#12005=ORIENTED_EDGE('',*,*,#8436,.T.);
#12006=ORIENTED_EDGE('',*,*,#8315,.T.);
#12007=ORIENTED_EDGE('',*,*,#8437,.T.);
#12008=ORIENTED_EDGE('',*,*,#8304,.T.);
#12009=ORIENTED_EDGE('',*,*,#8438,.T.);
#12010=ORIENTED_EDGE('',*,*,#8143,.T.);
#12011=ORIENTED_EDGE('',*,*,#8439,.T.);
#12012=ORIENTED_EDGE('',*,*,#8141,.F.);
#12013=ORIENTED_EDGE('',*,*,#8440,.T.);
#12014=ORIENTED_EDGE('',*,*,#8182,.F.);
#12015=ORIENTED_EDGE('',*,*,#8441,.T.);
#12016=ORIENTED_EDGE('',*,*,#8253,.T.);
#12017=ORIENTED_EDGE('',*,*,#8442,.T.);
#12018=ORIENTED_EDGE('',*,*,#8274,.F.);
#12019=ORIENTED_EDGE('',*,*,#8443,.T.);
#12020=ORIENTED_EDGE('',*,*,#8271,.F.);
#12021=ORIENTED_EDGE('',*,*,#8444,.T.);
#12022=ORIENTED_EDGE('',*,*,#8240,.T.);
#12023=ORIENTED_EDGE('',*,*,#8445,.T.);
#12024=ORIENTED_EDGE('',*,*,#8172,.F.);
#12025=ORIENTED_EDGE('',*,*,#8446,.T.);
#12026=ORIENTED_EDGE('',*,*,#8248,.T.);
#12027=ORIENTED_EDGE('',*,*,#8447,.T.);
#12028=ORIENTED_EDGE('',*,*,#8188,.T.);
#12029=ORIENTED_EDGE('',*,*,#8448,.T.);
#12030=ORIENTED_EDGE('',*,*,#8174,.T.);
#12031=ORIENTED_EDGE('',*,*,#8449,.T.);
#12032=ORIENTED_EDGE('',*,*,#8245,.T.);
#12033=ORIENTED_EDGE('',*,*,#8450,.T.);
#12034=ORIENTED_EDGE('',*,*,#8169,.F.);
#12035=ORIENTED_EDGE('',*,*,#8451,.T.);
#12036=ORIENTED_EDGE('',*,*,#8171,.T.);
#12037=ORIENTED_EDGE('',*,*,#8452,.T.);
#12038=ORIENTED_EDGE('',*,*,#8192,.T.);
#12039=ORIENTED_EDGE('',*,*,#8453,.T.);
#12040=ORIENTED_EDGE('',*,*,#8125,.F.);
#12041=ORIENTED_EDGE('',*,*,#8454,.T.);
#12042=ORIENTED_EDGE('',*,*,#8222,.F.);
#12043=ORIENTED_EDGE('',*,*,#8455,.T.);
#12044=ORIENTED_EDGE('',*,*,#8220,.T.);
#12045=ORIENTED_EDGE('',*,*,#8456,.T.);
#12046=ORIENTED_EDGE('',*,*,#8127,.T.);
#12047=ORIENTED_EDGE('',*,*,#8457,.T.);
#12048=ORIENTED_EDGE('',*,*,#8130,.F.);
#12049=ORIENTED_EDGE('',*,*,#8458,.T.);
#12050=ORIENTED_EDGE('',*,*,#8225,.F.);
#12051=ORIENTED_EDGE('',*,*,#8459,.T.);
#12052=ORIENTED_EDGE('',*,*,#8227,.T.);
#12053=ORIENTED_EDGE('',*,*,#8460,.T.);
#12054=ORIENTED_EDGE('',*,*,#8128,.T.);
#12055=ORIENTED_EDGE('',*,*,#8461,.T.);
#12056=ORIENTED_EDGE('',*,*,#8166,.F.);
#12057=ORIENTED_EDGE('',*,*,#8462,.T.);
#12058=ORIENTED_EDGE('',*,*,#8230,.F.);
#12059=ORIENTED_EDGE('',*,*,#8463,.T.);
#12060=ORIENTED_EDGE('',*,*,#8228,.T.);
#12061=ORIENTED_EDGE('',*,*,#8464,.T.);
#12062=ORIENTED_EDGE('',*,*,#8164,.T.);
#12063=ORIENTED_EDGE('',*,*,#8465,.T.);
#12064=ORIENTED_EDGE('',*,*,#8234,.F.);
#12065=ORIENTED_EDGE('',*,*,#8466,.T.);
#12066=ORIENTED_EDGE('',*,*,#8133,.F.);
#12067=ORIENTED_EDGE('',*,*,#8467,.T.);
#12068=ORIENTED_EDGE('',*,*,#8135,.T.);
#12069=ORIENTED_EDGE('',*,*,#8468,.T.);
#12070=ORIENTED_EDGE('',*,*,#8232,.T.);
#12071=ORIENTED_EDGE('',*,*,#8469,.T.);
#12072=ORIENTED_EDGE('',*,*,#8162,.F.);
#12073=ORIENTED_EDGE('',*,*,#8470,.T.);
#12074=ORIENTED_EDGE('',*,*,#8238,.F.);
#12075=ORIENTED_EDGE('',*,*,#8471,.T.);
#12076=ORIENTED_EDGE('',*,*,#8236,.T.);
#12077=ORIENTED_EDGE('',*,*,#8472,.T.);
#12078=ORIENTED_EDGE('',*,*,#8160,.T.);
#12079=ORIENTED_EDGE('',*,*,#8473,.T.);
#12080=ORIENTED_EDGE('',*,*,#8216,.T.);
#12081=ORIENTED_EDGE('',*,*,#8474,.T.);
#12082=ORIENTED_EDGE('',*,*,#8137,.T.);
#12083=ORIENTED_EDGE('',*,*,#8475,.T.);
#12084=ORIENTED_EDGE('',*,*,#8139,.F.);
#12085=ORIENTED_EDGE('',*,*,#8476,.T.);
#12086=ORIENTED_EDGE('',*,*,#8218,.F.);
#12087=ORIENTED_EDGE('',*,*,#8477,.T.);
#12088=ORIENTED_EDGE('',*,*,#8158,.F.);
#12089=ORIENTED_EDGE('',*,*,#8478,.T.);
#12090=ORIENTED_EDGE('',*,*,#8201,.F.);
#12091=ORIENTED_EDGE('',*,*,#8479,.T.);
#12092=ORIENTED_EDGE('',*,*,#8203,.T.);
#12093=ORIENTED_EDGE('',*,*,#8480,.T.);
#12094=ORIENTED_EDGE('',*,*,#8156,.T.);
#12095=ORIENTED_EDGE('',*,*,#8481,.T.);
#12096=ORIENTED_EDGE('',*,*,#8212,.T.);
#12097=ORIENTED_EDGE('',*,*,#8482,.T.);
#12098=ORIENTED_EDGE('',*,*,#8145,.T.);
#12099=ORIENTED_EDGE('',*,*,#8483,.T.);
#12100=ORIENTED_EDGE('',*,*,#8147,.F.);
#12101=ORIENTED_EDGE('',*,*,#8484,.T.);
#12102=ORIENTED_EDGE('',*,*,#8214,.F.);
#12103=ORIENTED_EDGE('',*,*,#8485,.T.);
#12104=ORIENTED_EDGE('',*,*,#8150,.T.);
#12105=ORIENTED_EDGE('',*,*,#8486,.T.);
#12106=ORIENTED_EDGE('',*,*,#8211,.T.);
#12107=ORIENTED_EDGE('',*,*,#8487,.T.);
#12108=ORIENTED_EDGE('',*,*,#8209,.F.);
#12109=ORIENTED_EDGE('',*,*,#8488,.T.);
#12110=ORIENTED_EDGE('',*,*,#8148,.F.);
#12111=ORIENTED_EDGE('',*,*,#8489,.T.);
#12112=ORIENTED_EDGE('',*,*,#8154,.F.);
#12113=ORIENTED_EDGE('',*,*,#8490,.T.);
#12114=ORIENTED_EDGE('',*,*,#8206,.F.);
#12115=ORIENTED_EDGE('',*,*,#8491,.T.);
#12116=ORIENTED_EDGE('',*,*,#8152,.T.);
#12117=ORIENTED_EDGE('',*,*,#8492,.T.);
#12118=ORIENTED_EDGE('',*,*,#8204,.T.);
#12119=ORIENTED_EDGE('',*,*,#8493,.T.);
#12120=ORIENTED_EDGE('',*,*,#8464,.F.);
#12121=ORIENTED_EDGE('',*,*,#8231,.F.);
#12122=ORIENTED_EDGE('',*,*,#8462,.F.);
#12123=ORIENTED_EDGE('',*,*,#8165,.F.);
#12124=ORIENTED_EDGE('',*,*,#8229,.F.);
#12125=ORIENTED_EDGE('',*,*,#8465,.F.);
#12126=ORIENTED_EDGE('',*,*,#8167,.F.);
#12127=ORIENTED_EDGE('',*,*,#8463,.F.);
#12128=ORIENTED_EDGE('',*,*,#8223,.F.);
#12129=ORIENTED_EDGE('',*,*,#8454,.F.);
#12130=ORIENTED_EDGE('',*,*,#8124,.F.);
#12131=ORIENTED_EDGE('',*,*,#8456,.F.);
#12132=ORIENTED_EDGE('',*,*,#8221,.F.);
#12133=ORIENTED_EDGE('',*,*,#8457,.F.);
#12134=ORIENTED_EDGE('',*,*,#8126,.F.);
#12135=ORIENTED_EDGE('',*,*,#8455,.F.);
#12136=ORIENTED_EDGE('',*,*,#8215,.F.);
#12137=ORIENTED_EDGE('',*,*,#8484,.F.);
#12138=ORIENTED_EDGE('',*,*,#8146,.F.);
#12139=ORIENTED_EDGE('',*,*,#8482,.F.);
#12140=ORIENTED_EDGE('',*,*,#8480,.F.);
#12141=ORIENTED_EDGE('',*,*,#8202,.F.);
#12142=ORIENTED_EDGE('',*,*,#8478,.F.);
#12143=ORIENTED_EDGE('',*,*,#8157,.F.);
#12144=ORIENTED_EDGE('',*,*,#8249,.F.);
#12145=ORIENTED_EDGE('',*,*,#8446,.F.);
#12146=ORIENTED_EDGE('',*,*,#8175,.F.);
#12147=ORIENTED_EDGE('',*,*,#8448,.F.);
#12148=ORIENTED_EDGE('',*,*,#8187,.F.);
#12149=ORIENTED_EDGE('',*,*,#8275,.F.);
#12150=ORIENTED_EDGE('',*,*,#8442,.F.);
#12151=ORIENTED_EDGE('',*,*,#8252,.F.);
#12152=ORIENTED_EDGE('',*,*,#8261,.F.);
#12153=ORIENTED_EDGE('',*,*,#8266,.T.);
#12154=ORIENTED_EDGE('',*,*,#8460,.F.);
#12155=ORIENTED_EDGE('',*,*,#8226,.F.);
#12156=ORIENTED_EDGE('',*,*,#8458,.F.);
#12157=ORIENTED_EDGE('',*,*,#8129,.F.);
#12158=ORIENTED_EDGE('',*,*,#8280,.F.);
#12159=ORIENTED_EDGE('',*,*,#8292,.F.);
#12160=ORIENTED_EDGE('',*,*,#8298,.F.);
#12161=ORIENTED_EDGE('',*,*,#8316,.F.);
#12162=ORIENTED_EDGE('',*,*,#8436,.F.);
#12163=ORIENTED_EDGE('',*,*,#8282,.F.);
#12164=ORIENTED_EDGE('',*,*,#8437,.F.);
#12165=ORIENTED_EDGE('',*,*,#8314,.F.);
#12166=ORIENTED_EDGE('',*,*,#8300,.F.);
#12167=ORIENTED_EDGE('',*,*,#8294,.T.);
#12168=ORIENTED_EDGE('',*,*,#8284,.F.);
#12169=ORIENTED_EDGE('',*,*,#8296,.F.);
#12170=ORIENTED_EDGE('',*,*,#8302,.F.);
#12171=ORIENTED_EDGE('',*,*,#8313,.F.);
#12172=ORIENTED_EDGE('',*,*,#8430,.F.);
#12173=ORIENTED_EDGE('',*,*,#8286,.F.);
#12174=ORIENTED_EDGE('',*,*,#8431,.F.);
#12175=ORIENTED_EDGE('',*,*,#8311,.F.);
#12176=ORIENTED_EDGE('',*,*,#8382,.F.);
#12177=ORIENTED_EDGE('',*,*,#8379,.T.);
#12178=ORIENTED_EDGE('',*,*,#8270,.F.);
#12179=ORIENTED_EDGE('',*,*,#8345,.F.);
#12180=ORIENTED_EDGE('',*,*,#8342,.F.);
#12181=ORIENTED_EDGE('',*,*,#8241,.F.);
#12182=ORIENTED_EDGE('',*,*,#8444,.F.);
#12183=ORIENTED_EDGE('',*,*,#8272,.F.);
#12184=ORIENTED_EDGE('',*,*,#8445,.F.);
#12185=ORIENTED_EDGE('',*,*,#8256,.F.);
#12186=ORIENTED_EDGE('',*,*,#8258,.F.);
#12187=ORIENTED_EDGE('',*,*,#8263,.T.);
#12188=ORIENTED_EDGE('',*,*,#8273,.F.);
#12189=ORIENTED_EDGE('',*,*,#8264,.F.);
#12190=ORIENTED_EDGE('',*,*,#8259,.F.);
#12191=ORIENTED_EDGE('',*,*,#8254,.F.);
#12192=ORIENTED_EDGE('',*,*,#8443,.F.);
#12193=ORIENTED_EDGE('',*,*,#8488,.F.);
#12194=ORIENTED_EDGE('',*,*,#8208,.F.);
#12195=ORIENTED_EDGE('',*,*,#8486,.F.);
#12196=ORIENTED_EDGE('',*,*,#8149,.F.);
#12197=ORIENTED_EDGE('',*,*,#8487,.F.);
#12198=ORIENTED_EDGE('',*,*,#8210,.F.);
#12199=ORIENTED_EDGE('',*,*,#8489,.F.);
#12200=ORIENTED_EDGE('',*,*,#8151,.F.);
#12201=ORIENTED_EDGE('',*,*,#8213,.F.);
#12202=ORIENTED_EDGE('',*,*,#8483,.F.);
#12203=ORIENTED_EDGE('',*,*,#8144,.F.);
#12204=ORIENTED_EDGE('',*,*,#8485,.F.);
#12205=ORIENTED_EDGE('',*,*,#8479,.F.);
#12206=ORIENTED_EDGE('',*,*,#8200,.F.);
#12207=ORIENTED_EDGE('',*,*,#8481,.F.);
#12208=ORIENTED_EDGE('',*,*,#8159,.F.);
#12209=ORIENTED_EDGE('',*,*,#8459,.F.);
#12210=ORIENTED_EDGE('',*,*,#8224,.F.);
#12211=ORIENTED_EDGE('',*,*,#8461,.F.);
#12212=ORIENTED_EDGE('',*,*,#8131,.F.);
#12213=ORIENTED_EDGE('',*,*,#8244,.F.);
#12214=ORIENTED_EDGE('',*,*,#8193,.F.);
#12215=ORIENTED_EDGE('',*,*,#8452,.F.);
#12216=ORIENTED_EDGE('',*,*,#8170,.F.);
#12217=ORIENTED_EDGE('',*,*,#8450,.F.);
#12218=ORIENTED_EDGE('',*,*,#8246,.F.);
#12219=ORIENTED_EDGE('',*,*,#8451,.F.);
#12220=ORIENTED_EDGE('',*,*,#8168,.F.);
#12221=ORIENTED_EDGE('',*,*,#8453,.F.);
#12222=ORIENTED_EDGE('',*,*,#8191,.F.);
#12223=ORIENTED_EDGE('',*,*,#8447,.F.);
#12224=ORIENTED_EDGE('',*,*,#8247,.F.);
#12225=ORIENTED_EDGE('',*,*,#8189,.F.);
#12226=ORIENTED_EDGE('',*,*,#8449,.F.);
#12227=ORIENTED_EDGE('',*,*,#8173,.F.);
#12228=ORIENTED_EDGE('',*,*,#8233,.F.);
#12229=ORIENTED_EDGE('',*,*,#8468,.F.);
#12230=ORIENTED_EDGE('',*,*,#8134,.F.);
#12231=ORIENTED_EDGE('',*,*,#8466,.F.);
#12232=ORIENTED_EDGE('',*,*,#8235,.F.);
#12233=ORIENTED_EDGE('',*,*,#8467,.F.);
#12234=ORIENTED_EDGE('',*,*,#8132,.F.);
#12235=ORIENTED_EDGE('',*,*,#8469,.F.);
#12236=ORIENTED_EDGE('',*,*,#8493,.F.);
#12237=ORIENTED_EDGE('',*,*,#8207,.F.);
#12238=ORIENTED_EDGE('',*,*,#8490,.F.);
#12239=ORIENTED_EDGE('',*,*,#8153,.F.);
#12240=ORIENTED_EDGE('',*,*,#8205,.F.);
#12241=ORIENTED_EDGE('',*,*,#8492,.F.);
#12242=ORIENTED_EDGE('',*,*,#8155,.F.);
#12243=ORIENTED_EDGE('',*,*,#8491,.F.);
#12244=ORIENTED_EDGE('',*,*,#8474,.F.);
#12245=ORIENTED_EDGE('',*,*,#8219,.F.);
#12246=ORIENTED_EDGE('',*,*,#8476,.F.);
#12247=ORIENTED_EDGE('',*,*,#8138,.F.);
#12248=ORIENTED_EDGE('',*,*,#8217,.F.);
#12249=ORIENTED_EDGE('',*,*,#8475,.F.);
#12250=ORIENTED_EDGE('',*,*,#8136,.F.);
#12251=ORIENTED_EDGE('',*,*,#8477,.F.);
#12252=ORIENTED_EDGE('',*,*,#8472,.F.);
#12253=ORIENTED_EDGE('',*,*,#8239,.F.);
#12254=ORIENTED_EDGE('',*,*,#8470,.F.);
#12255=ORIENTED_EDGE('',*,*,#8161,.F.);
#12256=ORIENTED_EDGE('',*,*,#8237,.F.);
#12257=ORIENTED_EDGE('',*,*,#8473,.F.);
#12258=ORIENTED_EDGE('',*,*,#8163,.F.);
#12259=ORIENTED_EDGE('',*,*,#8471,.F.);
#12260=ORIENTED_EDGE('',*,*,#8432,.F.);
#12261=ORIENTED_EDGE('',*,*,#8306,.F.);
#12262=ORIENTED_EDGE('',*,*,#8199,.F.);
#12263=ORIENTED_EDGE('',*,*,#8434,.F.);
#12264=ORIENTED_EDGE('',*,*,#8177,.F.);
#12265=ORIENTED_EDGE('',*,*,#8303,.F.);
#12266=ORIENTED_EDGE('',*,*,#8183,.F.);
#12267=ORIENTED_EDGE('',*,*,#8440,.F.);
#12268=ORIENTED_EDGE('',*,*,#8140,.F.);
#12269=ORIENTED_EDGE('',*,*,#8438,.F.);
#12270=ORIENTED_EDGE('',*,*,#8305,.F.);
#12271=ORIENTED_EDGE('',*,*,#8439,.F.);
#12272=ORIENTED_EDGE('',*,*,#8142,.F.);
#12273=ORIENTED_EDGE('',*,*,#8441,.F.);
#12274=ORIENTED_EDGE('',*,*,#8181,.F.);
#12275=ORIENTED_EDGE('',*,*,#8308,.F.);
#12276=ORIENTED_EDGE('',*,*,#8433,.F.);
#12277=ORIENTED_EDGE('',*,*,#8179,.F.);
#12278=ORIENTED_EDGE('',*,*,#8435,.F.);
#12279=ORIENTED_EDGE('',*,*,#8197,.F.);
#12280=ORIENTED_EDGE('',*,*,#8410,.T.);
#12281=ORIENTED_EDGE('',*,*,#8429,.F.);
#12282=ORIENTED_EDGE('',*,*,#8408,.T.);
#12283=ORIENTED_EDGE('',*,*,#8494,.T.);
#12284=ORIENTED_EDGE('',*,*,#8495,.T.);
#12285=ORIENTED_EDGE('',*,*,#8496,.T.);
#12286=ORIENTED_EDGE('',*,*,#8414,.T.);
#12287=ORIENTED_EDGE('',*,*,#8428,.F.);
#12288=ORIENTED_EDGE('',*,*,#8391,.T.);
#12289=ORIENTED_EDGE('',*,*,#8497,.F.);
#12290=ORIENTED_EDGE('',*,*,#8494,.F.);
#12291=ORIENTED_EDGE('',*,*,#8407,.T.);
#12292=ORIENTED_EDGE('',*,*,#8390,.T.);
#12293=ORIENTED_EDGE('',*,*,#8498,.F.);
#12294=ORIENTED_EDGE('',*,*,#8495,.F.);
#12295=ORIENTED_EDGE('',*,*,#8497,.T.);
#12296=ORIENTED_EDGE('',*,*,#8389,.T.);
#12297=ORIENTED_EDGE('',*,*,#8415,.F.);
#12298=ORIENTED_EDGE('',*,*,#8496,.F.);
#12299=ORIENTED_EDGE('',*,*,#8498,.T.);
#12300=ORIENTED_EDGE('',*,*,#8417,.T.);
#12301=ORIENTED_EDGE('',*,*,#8499,.T.);
#12302=ORIENTED_EDGE('',*,*,#8500,.T.);
#12303=ORIENTED_EDGE('',*,*,#8501,.T.);
#12304=ORIENTED_EDGE('',*,*,#8405,.T.);
#12305=ORIENTED_EDGE('',*,*,#8427,.F.);
#12306=ORIENTED_EDGE('',*,*,#8420,.F.);
#12307=ORIENTED_EDGE('',*,*,#8426,.F.);
#12308=ORIENTED_EDGE('',*,*,#8395,.T.);
#12309=ORIENTED_EDGE('',*,*,#8502,.F.);
#12310=ORIENTED_EDGE('',*,*,#8499,.F.);
#12311=ORIENTED_EDGE('',*,*,#8416,.T.);
#12312=ORIENTED_EDGE('',*,*,#8393,.T.);
#12313=ORIENTED_EDGE('',*,*,#8406,.F.);
#12314=ORIENTED_EDGE('',*,*,#8501,.F.);
#12315=ORIENTED_EDGE('',*,*,#8503,.T.);
#12316=ORIENTED_EDGE('',*,*,#8394,.T.);
#12317=ORIENTED_EDGE('',*,*,#8503,.F.);
#12318=ORIENTED_EDGE('',*,*,#8500,.F.);
#12319=ORIENTED_EDGE('',*,*,#8502,.T.);
#12320=CYLINDRICAL_SURFACE('',#13266,0.5);
#12321=CYLINDRICAL_SURFACE('',#13289,1.9);
#12322=CYLINDRICAL_SURFACE('',#13292,0.800000000000002);
#12323=CYLINDRICAL_SURFACE('',#13295,1.3);
#12324=CYLINDRICAL_SURFACE('',#13297,1.3);
#12325=CYLINDRICAL_SURFACE('',#13299,1.3);
#12326=CYLINDRICAL_SURFACE('',#13301,1.3);
#12327=CYLINDRICAL_SURFACE('',#13397,2.5);
#12328=CYLINDRICAL_SURFACE('',#13400,2.5);
#12329=CYLINDRICAL_SURFACE('',#13403,2.5);
#12330=CYLINDRICAL_SURFACE('',#13406,2.5);
#12331=CYLINDRICAL_SURFACE('',#13409,1.);
#12332=CYLINDRICAL_SURFACE('',#13410,1.);
#12333=CYLINDRICAL_SURFACE('',#13411,1.);
#12334=CYLINDRICAL_SURFACE('',#13412,1.);
#12335=CYLINDRICAL_SURFACE('',#13429,1.);
#12336=CYLINDRICAL_SURFACE('',#13432,1.);
#12337=CYLINDRICAL_SURFACE('',#13435,1.);
#12338=CYLINDRICAL_SURFACE('',#13438,1.);
#12339=CYLINDRICAL_SURFACE('',#13445,1.30000000000003);
#12340=CYLINDRICAL_SURFACE('',#13449,1.3);
#12341=CYLINDRICAL_SURFACE('',#13459,0.5);
#12342=CYLINDRICAL_SURFACE('',#13463,0.5);
#12343=CYLINDRICAL_SURFACE('',#13467,0.500000000000003);
#12344=CYLINDRICAL_SURFACE('',#13471,0.499999999999996);
#12345=CYLINDRICAL_SURFACE('',#13476,1.);
#12346=CYLINDRICAL_SURFACE('',#13477,1.);
#12347=CYLINDRICAL_SURFACE('',#13478,1.);
#12348=CYLINDRICAL_SURFACE('',#13479,1.);
#12349=CYLINDRICAL_SURFACE('',#13480,1.);
#12350=CYLINDRICAL_SURFACE('',#13483,1.);
#12351=CYLINDRICAL_SURFACE('',#13486,1.);
#12352=CYLINDRICAL_SURFACE('',#13489,1.);
#12353=CYLINDRICAL_SURFACE('',#13492,1.);
#12354=CYLINDRICAL_SURFACE('',#13494,1.);
#12355=CYLINDRICAL_SURFACE('',#13496,1.);
#12356=CYLINDRICAL_SURFACE('',#13498,1.);
#12357=CYLINDRICAL_SURFACE('',#13502,0.5);
#12358=CYLINDRICAL_SURFACE('',#13505,0.5);
#12359=CYLINDRICAL_SURFACE('',#13508,0.5);
#12360=CYLINDRICAL_SURFACE('',#13511,0.5);
#12361=CYLINDRICAL_SURFACE('',#13579,0.5);
#12362=CYLINDRICAL_SURFACE('',#13581,1.025);
#12363=CYLINDRICAL_SURFACE('',#13584,1.025);
#12364=CYLINDRICAL_SURFACE('',#13587,1.02500000000001);
#12365=CYLINDRICAL_SURFACE('',#13590,1.025);
#12366=CYLINDRICAL_SURFACE('',#13621,1.3);
#12367=CYLINDRICAL_SURFACE('',#13624,1.3);
#12368=CYLINDRICAL_SURFACE('',#13694,4.5);
#12369=CYLINDRICAL_SURFACE('',#13696,4.5);
#12370=CYLINDRICAL_SURFACE('',#13698,4.5);
#12371=CYLINDRICAL_SURFACE('',#13700,4.5);
#12372=CYLINDRICAL_SURFACE('',#13702,1.);
#12373=CYLINDRICAL_SURFACE('',#13703,1.);
#12374=CYLINDRICAL_SURFACE('',#13704,1.);
#12375=CYLINDRICAL_SURFACE('',#13705,1.);
#12376=CYLINDRICAL_SURFACE('',#13706,2.5);
#12377=CYLINDRICAL_SURFACE('',#13709,2.5);
#12378=CYLINDRICAL_SURFACE('',#13712,2.5);
#12379=CYLINDRICAL_SURFACE('',#13715,2.5);
#12380=CYLINDRICAL_SURFACE('',#13747,1.);
#12381=CYLINDRICAL_SURFACE('',#13748,1.);
#12382=CYLINDRICAL_SURFACE('',#13753,2.5);
#12383=CYLINDRICAL_SURFACE('',#13755,2.5);
#12384=CYLINDRICAL_SURFACE('',#13756,2.5);
#12385=CYLINDRICAL_SURFACE('',#13757,2.5);
#12386=CYLINDRICAL_SURFACE('',#13759,0.999999999999999);
#12387=CYLINDRICAL_SURFACE('',#13760,1.);
#12388=CYLINDRICAL_SURFACE('',#13789,1.);
#12389=CYLINDRICAL_SURFACE('',#13790,1.);
#12390=CYLINDRICAL_SURFACE('',#13791,1.);
#12391=CYLINDRICAL_SURFACE('',#13792,1.);
#12392=CYLINDRICAL_SURFACE('',#13793,1.);
#12393=CYLINDRICAL_SURFACE('',#13794,1.);
#12394=CYLINDRICAL_SURFACE('',#13795,1.);
#12395=CYLINDRICAL_SURFACE('',#13804,2.);
#12396=CYLINDRICAL_SURFACE('',#13805,2.);
#12397=CYLINDRICAL_SURFACE('',#13806,2.);
#12398=CYLINDRICAL_SURFACE('',#13807,2.);
#12399=CYLINDRICAL_SURFACE('',#13808,2.);
#12400=CYLINDRICAL_SURFACE('',#13809,2.);
#12401=CYLINDRICAL_SURFACE('',#13810,2.);
#12402=CYLINDRICAL_SURFACE('',#13811,1.);
#12403=CYLINDRICAL_SURFACE('',#13813,1.);
#12404=CYLINDRICAL_SURFACE('',#13815,1.);
#12405=CYLINDRICAL_SURFACE('',#13817,1.);
#12406=CYLINDRICAL_SURFACE('',#13840,0.650000000000003);
#12407=CYLINDRICAL_SURFACE('',#13843,0.65);
#12408=CYLINDRICAL_SURFACE('',#13846,0.650000000000529);
#12409=CYLINDRICAL_SURFACE('',#13849,0.650000000000529);
#12410=CYLINDRICAL_SURFACE('',#13852,0.650000000001046);
#12411=CYLINDRICAL_SURFACE('',#13855,0.650000000001053);
#12412=CYLINDRICAL_SURFACE('',#13858,0.650000000001576);
#12413=CYLINDRICAL_SURFACE('',#13861,0.650000000001576);
#12414=CYLINDRICAL_SURFACE('',#13864,0.650000000002093);
#12415=CYLINDRICAL_SURFACE('',#13867,0.6500000000021);
#12416=CYLINDRICAL_SURFACE('',#13870,0.650000000000657);
#12417=CYLINDRICAL_SURFACE('',#13873,0.65000000000066);
#12418=CYLINDRICAL_SURFACE('',#13876,0.650000000001181);
#12419=CYLINDRICAL_SURFACE('',#13879,0.650000000001184);
#12420=CYLINDRICAL_SURFACE('',#13882,0.650000000001705);
#12421=CYLINDRICAL_SURFACE('',#13885,0.650000000001708);
#12422=CYLINDRICAL_SURFACE('',#13888,0.650000000000445);
#12423=CYLINDRICAL_SURFACE('',#13891,0.650000000000449);
#12424=CYLINDRICAL_SURFACE('',#13894,0.650000000001316);
#12425=CYLINDRICAL_SURFACE('',#13897,0.650000000001316);
#12426=CYLINDRICAL_SURFACE('',#13900,0.650000000001837);
#12427=CYLINDRICAL_SURFACE('',#13903,0.650000000001844);
#12428=CYLINDRICAL_SURFACE('',#13906,0.650000000000001);
#12429=CYLINDRICAL_SURFACE('',#13909,0.650000000000001);
#12430=CYLINDRICAL_SURFACE('',#13912,0.650000000000001);
#12431=CYLINDRICAL_SURFACE('',#13915,0.650000000000001);
#12432=CYLINDRICAL_SURFACE('',#13918,0.650000000000098);
#12433=CYLINDRICAL_SURFACE('',#13921,0.650000000000102);
#12434=CYLINDRICAL_SURFACE('',#13924,0.650000000000626);
#12435=CYLINDRICAL_SURFACE('',#13927,0.650000000000626);
#12436=CYLINDRICAL_SURFACE('',#13930,0.650000000001146);
#12437=CYLINDRICAL_SURFACE('',#13933,0.650000000001153);
#12438=CYLINDRICAL_SURFACE('',#13936,0.650000000001677);
#12439=CYLINDRICAL_SURFACE('',#13939,0.650000000001677);
#12440=CYLINDRICAL_SURFACE('',#13942,0.650000000000199);
#12441=CYLINDRICAL_SURFACE('',#13945,0.650000000000206);
#12442=CYLINDRICAL_SURFACE('',#13948,0.65000000000073);
#12443=CYLINDRICAL_SURFACE('',#13951,0.65000000000073);
#12444=CYLINDRICAL_SURFACE('',#13954,0.650000000001247);
#12445=CYLINDRICAL_SURFACE('',#13957,0.650000000001254);
#12446=CYLINDRICAL_SURFACE('',#13960,0.650000000001778);
#12447=CYLINDRICAL_SURFACE('',#13963,0.650000000001778);
#12448=CYLINDRICAL_SURFACE('',#13966,0.650000000000001);
#12449=CYLINDRICAL_SURFACE('',#13969,0.650000000000001);
#12450=CYLINDRICAL_SURFACE('',#13972,0.6500000000001);
#12451=CYLINDRICAL_SURFACE('',#13975,0.650000000000102);
#12452=CYLINDRICAL_SURFACE('',#13978,0.650000000000001);
#12453=CYLINDRICAL_SURFACE('',#13981,0.650000000000001);
#12454=CYLINDRICAL_SURFACE('',#13984,0.650000000000001);
#12455=CYLINDRICAL_SURFACE('',#13987,0.650000000000001);
#12456=CYLINDRICAL_SURFACE('',#13991,2.00000000000005);
#12457=CYLINDRICAL_SURFACE('',#13995,2.00000000000002);
#12458=CYLINDRICAL_SURFACE('',#13999,1.99999999999997);
#12459=CYLINDRICAL_SURFACE('',#14009,0.650000000000102);
#12460=CYLINDRICAL_SURFACE('',#14017,0.650000000000001);
#12461=CYLINDRICAL_SURFACE('',#14025,0.650000000001774);
#12462=CYLINDRICAL_SURFACE('',#14033,0.65000000000125);
#12463=CYLINDRICAL_SURFACE('',#14041,0.650000000000727);
#12464=CYLINDRICAL_SURFACE('',#14049,0.650000000000203);
#12465=CYLINDRICAL_SURFACE('',#14057,0.650000000001674);
#12466=CYLINDRICAL_SURFACE('',#14065,0.65000000000115);
#12467=CYLINDRICAL_SURFACE('',#14073,0.650000000000626);
#12468=CYLINDRICAL_SURFACE('',#14081,0.650000000000102);
#12469=CYLINDRICAL_SURFACE('',#14089,0.650000000000001);
#12470=CYLINDRICAL_SURFACE('',#14097,0.650000000000001);
#12471=CYLINDRICAL_SURFACE('',#14105,0.65000000000184);
#12472=CYLINDRICAL_SURFACE('',#14113,0.650000000001313);
#12473=CYLINDRICAL_SURFACE('',#14121,0.650000000000445);
#12474=CYLINDRICAL_SURFACE('',#14129,0.650000000001708);
#12475=CYLINDRICAL_SURFACE('',#14137,0.650000000001177);
#12476=CYLINDRICAL_SURFACE('',#14145,0.65000000000066);
#12477=CYLINDRICAL_SURFACE('',#14153,0.650000000002097);
#12478=CYLINDRICAL_SURFACE('',#14161,0.650000000001573);
#12479=CYLINDRICAL_SURFACE('',#14169,0.650000000001049);
#12480=CYLINDRICAL_SURFACE('',#14177,0.650000000000525);
#12481=CYLINDRICAL_SURFACE('',#14185,0.650000000000001);
#12482=CYLINDRICAL_SURFACE('',#14218,2.);
#12483=CYLINDRICAL_SURFACE('',#14223,1.05);
#12484=CYLINDRICAL_SURFACE('',#14226,1.05);
#12485=CYLINDRICAL_SURFACE('',#14287,1.05);
#12486=CYLINDRICAL_SURFACE('',#14314,1.05);
#12487=CYLINDRICAL_SURFACE('',#14366,1.);
#12488=CYLINDRICAL_SURFACE('',#14367,1.);
#12489=CYLINDRICAL_SURFACE('',#14368,1.);
#12490=CYLINDRICAL_SURFACE('',#14369,1.);
#12491=CYLINDRICAL_SURFACE('',#14376,2.);
#12492=CYLINDRICAL_SURFACE('',#14378,2.);
#12493=CYLINDRICAL_SURFACE('',#14379,2.);
#12494=CYLINDRICAL_SURFACE('',#14381,2.);
#12495=CYLINDRICAL_SURFACE('',#14382,2.);
#12496=CYLINDRICAL_SURFACE('',#14383,2.);
#12497=CYLINDRICAL_SURFACE('',#14385,2.);
#12498=CYLINDRICAL_SURFACE('',#14386,2.);
#12499=CYLINDRICAL_SURFACE('',#14420,1.);
#12500=CYLINDRICAL_SURFACE('',#14421,0.999999999999999);
#12501=CYLINDRICAL_SURFACE('',#14422,1.);
#12502=CYLINDRICAL_SURFACE('',#14423,1.);
#12503=CYLINDRICAL_SURFACE('',#14424,1.);
#12504=CYLINDRICAL_SURFACE('',#14425,1.);
#12505=CYLINDRICAL_SURFACE('',#14426,1.);
#12506=CYLINDRICAL_SURFACE('',#14427,1.);
#12507=CYLINDRICAL_SURFACE('',#14428,1.);
#12508=CYLINDRICAL_SURFACE('',#14429,1.);
#12509=CYLINDRICAL_SURFACE('',#14430,0.999999999999999);
#12510=CYLINDRICAL_SURFACE('',#14431,1.);
#12511=CYLINDRICAL_SURFACE('',#14432,1.);
#12512=CYLINDRICAL_SURFACE('',#14433,1.);
#12513=CYLINDRICAL_SURFACE('',#14434,0.999999999999999);
#12514=CYLINDRICAL_SURFACE('',#14435,0.999999999999999);
#12515=CYLINDRICAL_SURFACE('',#14436,1.);
#12516=CYLINDRICAL_SURFACE('',#14437,1.);
#12517=CYLINDRICAL_SURFACE('',#14438,1.);
#12518=CYLINDRICAL_SURFACE('',#14439,1.);
#12519=CYLINDRICAL_SURFACE('',#14440,1.);
#12520=CYLINDRICAL_SURFACE('',#14441,1.);
#12521=CYLINDRICAL_SURFACE('',#14442,1.);
#12522=CYLINDRICAL_SURFACE('',#14443,1.);
#12523=CYLINDRICAL_SURFACE('',#14444,1.);
#12524=CYLINDRICAL_SURFACE('',#14445,1.);
#12525=CYLINDRICAL_SURFACE('',#14446,1.);
#12526=CYLINDRICAL_SURFACE('',#14447,1.);
#12527=CYLINDRICAL_SURFACE('',#14448,1.);
#12528=CYLINDRICAL_SURFACE('',#14449,1.);
#12529=CYLINDRICAL_SURFACE('',#14450,1.);
#12530=CYLINDRICAL_SURFACE('',#14451,1.);
#12531=CYLINDRICAL_SURFACE('',#14452,1.);
#12532=CYLINDRICAL_SURFACE('',#14453,1.);
#12533=CYLINDRICAL_SURFACE('',#14454,1.);
#12534=CYLINDRICAL_SURFACE('',#14455,1.);
#12535=CYLINDRICAL_SURFACE('',#14459,2.);
#12536=CYLINDRICAL_SURFACE('',#14461,2.);
#12537=CYLINDRICAL_SURFACE('',#14465,2.);
#12538=CYLINDRICAL_SURFACE('',#14466,2.);
#12539=ADVANCED_FACE('',(#636),#12320,.T.);
#12540=ADVANCED_FACE('',(#637),#572,.F.);
#12541=ADVANCED_FACE('',(#638),#573,.F.);
#12542=ADVANCED_FACE('',(#639),#574,.F.);
#12543=ADVANCED_FACE('',(#640),#575,.F.);
#12544=ADVANCED_FACE('',(#641),#12321,.T.);
#12545=ADVANCED_FACE('',(#642),#12322,.F.);
#12546=ADVANCED_FACE('',(#643),#12323,.F.);
#12547=ADVANCED_FACE('',(#644),#12324,.F.);
#12548=ADVANCED_FACE('',(#645),#12325,.F.);
#12549=ADVANCED_FACE('',(#646),#12326,.F.);
#12550=ADVANCED_FACE('',(#647,#39,#40,#41,#42,#43,#44,#45,#46),#142,.T.);
#12551=ADVANCED_FACE('',(#648,#47,#48,#49,#50,#51),#143,.T.);
#12552=ADVANCED_FACE('',(#649,#52),#144,.T.);
#12553=ADVANCED_FACE('',(#650),#145,.T.);
#12554=ADVANCED_FACE('',(#651),#146,.T.);
#12555=ADVANCED_FACE('',(#652),#147,.F.);
#12556=ADVANCED_FACE('',(#653),#148,.F.);
#12557=ADVANCED_FACE('',(#654,#53),#149,.F.);
#12558=ADVANCED_FACE('',(#655),#150,.F.);
#12559=ADVANCED_FACE('',(#656),#151,.F.);
#12560=ADVANCED_FACE('',(#657),#152,.F.);
#12561=ADVANCED_FACE('',(#658),#153,.F.);
#12562=ADVANCED_FACE('',(#659),#154,.T.);
#12563=ADVANCED_FACE('',(#660),#155,.T.);
#12564=ADVANCED_FACE('',(#661),#156,.F.);
#12565=ADVANCED_FACE('',(#662),#157,.F.);
#12566=ADVANCED_FACE('',(#663),#158,.T.);
#12567=ADVANCED_FACE('',(#664,#54),#159,.T.);
#12568=ADVANCED_FACE('',(#665),#160,.T.);
#12569=ADVANCED_FACE('',(#666),#161,.F.);
#12570=ADVANCED_FACE('',(#667),#162,.T.);
#12571=ADVANCED_FACE('',(#668),#163,.F.);
#12572=ADVANCED_FACE('',(#669),#164,.F.);
#12573=ADVANCED_FACE('',(#670),#165,.T.);
#12574=ADVANCED_FACE('',(#671),#166,.F.);
#12575=ADVANCED_FACE('',(#672),#167,.T.);
#12576=ADVANCED_FACE('',(#673),#168,.T.);
#12577=ADVANCED_FACE('',(#674),#169,.F.);
#12578=ADVANCED_FACE('',(#675),#170,.T.);
#12579=ADVANCED_FACE('',(#676),#171,.T.);
#12580=ADVANCED_FACE('',(#677),#172,.T.);
#12581=ADVANCED_FACE('',(#678),#173,.T.);
#12582=ADVANCED_FACE('',(#679),#174,.T.);
#12583=ADVANCED_FACE('',(#680),#12327,.T.);
#12584=ADVANCED_FACE('',(#681),#12328,.T.);
#12585=ADVANCED_FACE('',(#682),#12329,.T.);
#12586=ADVANCED_FACE('',(#683),#12330,.T.);
#12587=ADVANCED_FACE('',(#684),#12331,.F.);
#12588=ADVANCED_FACE('',(#685),#12332,.F.);
#12589=ADVANCED_FACE('',(#686),#12333,.F.);
#12590=ADVANCED_FACE('',(#687),#12334,.F.);
#12591=ADVANCED_FACE('',(#688),#175,.T.);
#12592=ADVANCED_FACE('',(#689),#576,.T.);
#12593=ADVANCED_FACE('',(#690),#577,.T.);
#12594=ADVANCED_FACE('',(#691),#176,.F.);
#12595=ADVANCED_FACE('',(#692),#177,.T.);
#12596=ADVANCED_FACE('',(#693),#578,.T.);
#12597=ADVANCED_FACE('',(#694),#579,.T.);
#12598=ADVANCED_FACE('',(#695),#178,.F.);
#12599=ADVANCED_FACE('',(#696),#179,.T.);
#12600=ADVANCED_FACE('',(#697),#580,.T.);
#12601=ADVANCED_FACE('',(#698),#581,.T.);
#12602=ADVANCED_FACE('',(#699),#180,.F.);
#12603=ADVANCED_FACE('',(#700),#181,.T.);
#12604=ADVANCED_FACE('',(#701),#582,.T.);
#12605=ADVANCED_FACE('',(#702),#583,.T.);
#12606=ADVANCED_FACE('',(#703),#182,.F.);
#12607=ADVANCED_FACE('',(#704),#12335,.T.);
#12608=ADVANCED_FACE('',(#705),#12336,.T.);
#12609=ADVANCED_FACE('',(#706),#12337,.T.);
#12610=ADVANCED_FACE('',(#707),#12338,.T.);
#12611=ADVANCED_FACE('',(#708),#183,.F.);
#12612=ADVANCED_FACE('',(#709),#184,.T.);
#12613=ADVANCED_FACE('',(#710),#185,.T.);
#12614=ADVANCED_FACE('',(#711),#186,.F.);
#12615=ADVANCED_FACE('',(#712),#12339,.F.);
#12616=ADVANCED_FACE('',(#713),#187,.T.);
#12617=ADVANCED_FACE('',(#714),#188,.F.);
#12618=ADVANCED_FACE('',(#715),#12340,.F.);
#12619=ADVANCED_FACE('',(#716),#189,.T.);
#12620=ADVANCED_FACE('',(#717),#190,.F.);
#12621=ADVANCED_FACE('',(#718),#191,.F.);
#12622=ADVANCED_FACE('',(#719),#192,.F.);
#12623=ADVANCED_FACE('',(#720),#12341,.F.);
#12624=ADVANCED_FACE('',(#721),#193,.F.);
#12625=ADVANCED_FACE('',(#722),#12342,.F.);
#12626=ADVANCED_FACE('',(#723),#194,.F.);
#12627=ADVANCED_FACE('',(#724),#12343,.F.);
#12628=ADVANCED_FACE('',(#725),#195,.F.);
#12629=ADVANCED_FACE('',(#726),#12344,.F.);
#12630=ADVANCED_FACE('',(#727),#196,.F.);
#12631=ADVANCED_FACE('',(#728),#197,.F.);
#12632=ADVANCED_FACE('',(#729),#12345,.F.);
#12633=ADVANCED_FACE('',(#730),#12346,.F.);
#12634=ADVANCED_FACE('',(#731),#12347,.F.);
#12635=ADVANCED_FACE('',(#732),#12348,.F.);
#12636=ADVANCED_FACE('',(#733),#12349,.F.);
#12637=ADVANCED_FACE('',(#734),#12350,.F.);
#12638=ADVANCED_FACE('',(#735),#12351,.F.);
#12639=ADVANCED_FACE('',(#736),#12352,.F.);
#12640=ADVANCED_FACE('',(#737),#12353,.F.);
#12641=ADVANCED_FACE('',(#738),#12354,.F.);
#12642=ADVANCED_FACE('',(#739),#12355,.F.);
#12643=ADVANCED_FACE('',(#740),#12356,.F.);
#12644=ADVANCED_FACE('',(#741),#198,.T.);
#12645=ADVANCED_FACE('',(#742),#12357,.F.);
#12646=ADVANCED_FACE('',(#743),#12358,.F.);
#12647=ADVANCED_FACE('',(#744),#12359,.F.);
#12648=ADVANCED_FACE('',(#745),#12360,.F.);
#12649=ADVANCED_FACE('',(#746),#199,.F.);
#12650=ADVANCED_FACE('',(#747),#584,.F.);
#12651=ADVANCED_FACE('',(#748),#585,.F.);
#12652=ADVANCED_FACE('',(#749),#200,.T.);
#12653=ADVANCED_FACE('',(#750),#201,.F.);
#12654=ADVANCED_FACE('',(#751),#586,.T.);
#12655=ADVANCED_FACE('',(#752),#587,.F.);
#12656=ADVANCED_FACE('',(#753),#588,.F.);
#12657=ADVANCED_FACE('',(#754),#202,.T.);
#12658=ADVANCED_FACE('',(#755),#203,.F.);
#12659=ADVANCED_FACE('',(#756),#589,.F.);
#12660=ADVANCED_FACE('',(#757),#590,.T.);
#12661=ADVANCED_FACE('',(#758),#204,.T.);
#12662=ADVANCED_FACE('',(#759),#205,.F.);
#12663=ADVANCED_FACE('',(#760),#591,.T.);
#12664=ADVANCED_FACE('',(#761),#592,.F.);
#12665=ADVANCED_FACE('',(#762),#593,.F.);
#12666=ADVANCED_FACE('',(#763),#206,.T.);
#12667=ADVANCED_FACE('',(#764),#207,.F.);
#12668=ADVANCED_FACE('',(#765),#594,.F.);
#12669=ADVANCED_FACE('',(#766),#595,.T.);
#12670=ADVANCED_FACE('',(#767),#208,.T.);
#12671=ADVANCED_FACE('',(#768),#209,.T.);
#12672=ADVANCED_FACE('',(#769),#596,.F.);
#12673=ADVANCED_FACE('',(#770),#597,.F.);
#12674=ADVANCED_FACE('',(#771),#210,.T.);
#12675=ADVANCED_FACE('',(#772),#211,.T.);
#12676=ADVANCED_FACE('',(#773),#598,.F.);
#12677=ADVANCED_FACE('',(#774),#599,.F.);
#12678=ADVANCED_FACE('',(#775),#212,.T.);
#12679=ADVANCED_FACE('',(#776),#600,.F.);
#12680=ADVANCED_FACE('',(#777),#213,.F.);
#12681=ADVANCED_FACE('',(#778),#214,.F.);
#12682=ADVANCED_FACE('',(#779),#601,.F.);
#12683=ADVANCED_FACE('',(#780),#602,.F.);
#12684=ADVANCED_FACE('',(#781),#215,.T.);
#12685=ADVANCED_FACE('',(#782),#216,.T.);
#12686=ADVANCED_FACE('',(#783),#603,.F.);
#12687=ADVANCED_FACE('',(#784),#604,.F.);
#12688=ADVANCED_FACE('',(#785),#217,.T.);
#12689=ADVANCED_FACE('',(#786),#218,.F.);
#12690=ADVANCED_FACE('',(#787),#605,.F.);
#12691=ADVANCED_FACE('',(#788),#219,.F.);
#12692=ADVANCED_FACE('',(#789),#606,.F.);
#12693=ADVANCED_FACE('',(#790),#220,.T.);
#12694=ADVANCED_FACE('',(#791),#607,.F.);
#12695=ADVANCED_FACE('',(#792),#221,.T.);
#12696=ADVANCED_FACE('',(#793),#608,.T.);
#12697=ADVANCED_FACE('',(#794),#609,.F.);
#12698=ADVANCED_FACE('',(#795),#222,.F.);
#12699=ADVANCED_FACE('',(#796),#610,.T.);
#12700=ADVANCED_FACE('',(#797),#223,.T.);
#12701=ADVANCED_FACE('',(#798),#611,.F.);
#12702=ADVANCED_FACE('',(#799),#224,.T.);
#12703=ADVANCED_FACE('',(#800),#612,.F.);
#12704=ADVANCED_FACE('',(#801),#225,.F.);
#12705=ADVANCED_FACE('',(#802),#613,.T.);
#12706=ADVANCED_FACE('',(#803),#226,.F.);
#12707=ADVANCED_FACE('',(#804),#614,.F.);
#12708=ADVANCED_FACE('',(#805),#615,.T.);
#12709=ADVANCED_FACE('',(#806),#227,.T.);
#12710=ADVANCED_FACE('',(#807),#616,.F.);
#12711=ADVANCED_FACE('',(#808),#228,.F.);
#12712=ADVANCED_FACE('',(#809),#617,.F.);
#12713=ADVANCED_FACE('',(#810),#229,.F.);
#12714=ADVANCED_FACE('',(#811),#12361,.T.);
#12715=ADVANCED_FACE('',(#812),#12362,.F.);
#12716=ADVANCED_FACE('',(#813),#12363,.F.);
#12717=ADVANCED_FACE('',(#814),#12364,.F.);
#12718=ADVANCED_FACE('',(#815),#12365,.F.);
#12719=ADVANCED_FACE('',(#816),#230,.T.);
#12720=ADVANCED_FACE('',(#817),#231,.T.);
#12721=ADVANCED_FACE('',(#818),#232,.T.);
#12722=ADVANCED_FACE('',(#819),#233,.F.);
#12723=ADVANCED_FACE('',(#820),#234,.F.);
#12724=ADVANCED_FACE('',(#821),#235,.T.);
#12725=ADVANCED_FACE('',(#822),#236,.F.);
#12726=ADVANCED_FACE('',(#823),#237,.F.);
#12727=ADVANCED_FACE('',(#824),#12366,.F.);
#12728=ADVANCED_FACE('',(#825),#12367,.F.);
#12729=ADVANCED_FACE('',(#826),#238,.T.);
#12730=ADVANCED_FACE('',(#827),#239,.F.);
#12731=ADVANCED_FACE('',(#828,#55,#56,#57),#240,.T.);
#12732=ADVANCED_FACE('',(#829),#241,.F.);
#12733=ADVANCED_FACE('',(#830),#242,.F.);
#12734=ADVANCED_FACE('',(#831),#243,.F.);
#12735=ADVANCED_FACE('',(#832),#244,.T.);
#12736=ADVANCED_FACE('',(#833,#58),#245,.F.);
#12737=ADVANCED_FACE('',(#834),#246,.F.);
#12738=ADVANCED_FACE('',(#835),#247,.F.);
#12739=ADVANCED_FACE('',(#836),#248,.F.);
#12740=ADVANCED_FACE('',(#837),#249,.F.);
#12741=ADVANCED_FACE('',(#838,#59,#60,#61,#62),#250,.T.);
#12742=ADVANCED_FACE('',(#839),#251,.T.);
#12743=ADVANCED_FACE('',(#840),#252,.T.);
#12744=ADVANCED_FACE('',(#841),#253,.F.);
#12745=ADVANCED_FACE('',(#842),#254,.F.);
#12746=ADVANCED_FACE('',(#843),#255,.F.);
#12747=ADVANCED_FACE('',(#844),#256,.F.);
#12748=ADVANCED_FACE('',(#845),#257,.F.);
#12749=ADVANCED_FACE('',(#846,#63),#258,.T.);
#12750=ADVANCED_FACE('',(#847),#12368,.F.);
#12751=ADVANCED_FACE('',(#848),#12369,.F.);
#12752=ADVANCED_FACE('',(#849),#12370,.F.);
#12753=ADVANCED_FACE('',(#850),#12371,.F.);
#12754=ADVANCED_FACE('',(#851),#12372,.F.);
#12755=ADVANCED_FACE('',(#852),#12373,.F.);
#12756=ADVANCED_FACE('',(#853),#12374,.F.);
#12757=ADVANCED_FACE('',(#854),#12375,.F.);
#12758=ADVANCED_FACE('',(#855),#12376,.T.);
#12759=ADVANCED_FACE('',(#856),#12377,.T.);
#12760=ADVANCED_FACE('',(#857),#12378,.T.);
#12761=ADVANCED_FACE('',(#858),#12379,.T.);
#12762=ADVANCED_FACE('',(#859),#259,.F.);
#12763=ADVANCED_FACE('',(#860),#618,.T.);
#12764=ADVANCED_FACE('',(#861),#619,.T.);
#12765=ADVANCED_FACE('',(#862),#260,.F.);
#12766=ADVANCED_FACE('',(#863),#261,.T.);
#12767=ADVANCED_FACE('',(#864),#620,.T.);
#12768=ADVANCED_FACE('',(#865),#621,.T.);
#12769=ADVANCED_FACE('',(#866),#262,.F.);
#12770=ADVANCED_FACE('',(#867),#263,.T.);
#12771=ADVANCED_FACE('',(#868),#622,.T.);
#12772=ADVANCED_FACE('',(#869),#623,.T.);
#12773=ADVANCED_FACE('',(#870),#264,.T.);
#12774=ADVANCED_FACE('',(#871),#265,.F.);
#12775=ADVANCED_FACE('',(#872),#624,.T.);
#12776=ADVANCED_FACE('',(#873),#625,.T.);
#12777=ADVANCED_FACE('',(#874),#266,.T.);
#12778=ADVANCED_FACE('',(#875),#267,.F.);
#12779=ADVANCED_FACE('',(#876),#268,.T.);
#12780=ADVANCED_FACE('',(#877),#269,.T.);
#12781=ADVANCED_FACE('',(#878),#270,.F.);
#12782=ADVANCED_FACE('',(#879,#64),#271,.T.);
#12783=ADVANCED_FACE('',(#880),#272,.F.);
#12784=ADVANCED_FACE('',(#881),#273,.T.);
#12785=ADVANCED_FACE('',(#882),#274,.T.);
#12786=ADVANCED_FACE('',(#883),#275,.F.);
#12787=ADVANCED_FACE('',(#884),#12380,.F.);
#12788=ADVANCED_FACE('',(#885),#12381,.F.);
#12789=ADVANCED_FACE('',(#886),#276,.F.);
#12790=ADVANCED_FACE('',(#887),#277,.F.);
#12791=ADVANCED_FACE('',(#888),#278,.F.);
#12792=ADVANCED_FACE('',(#889),#279,.F.);
#12793=ADVANCED_FACE('',(#890),#12382,.F.);
#12794=ADVANCED_FACE('',(#891),#12383,.F.);
#12795=ADVANCED_FACE('',(#892),#12384,.F.);
#12796=ADVANCED_FACE('',(#893),#12385,.F.);
#12797=ADVANCED_FACE('',(#894),#12386,.F.);
#12798=ADVANCED_FACE('',(#895),#12387,.F.);
#12799=ADVANCED_FACE('',(#896),#280,.F.);
#12800=ADVANCED_FACE('',(#897),#281,.T.);
#12801=ADVANCED_FACE('',(#898),#282,.T.);
#12802=ADVANCED_FACE('',(#899),#283,.T.);
#12803=ADVANCED_FACE('',(#900),#284,.T.);
#12804=ADVANCED_FACE('',(#901),#285,.F.);
#12805=ADVANCED_FACE('',(#902),#286,.F.);
#12806=ADVANCED_FACE('',(#903),#287,.F.);
#12807=ADVANCED_FACE('',(#904),#288,.F.);
#12808=ADVANCED_FACE('',(#905),#289,.F.);
#12809=ADVANCED_FACE('',(#906),#290,.F.);
#12810=ADVANCED_FACE('',(#907),#291,.F.);
#12811=ADVANCED_FACE('',(#908),#292,.T.);
#12812=ADVANCED_FACE('',(#909),#293,.T.);
#12813=ADVANCED_FACE('',(#910),#294,.F.);
#12814=ADVANCED_FACE('',(#911),#295,.F.);
#12815=ADVANCED_FACE('',(#912),#296,.F.);
#12816=ADVANCED_FACE('',(#913),#297,.T.);
#12817=ADVANCED_FACE('',(#914),#298,.T.);
#12818=ADVANCED_FACE('',(#915),#12388,.F.);
#12819=ADVANCED_FACE('',(#916),#12389,.F.);
#12820=ADVANCED_FACE('',(#917),#12390,.F.);
#12821=ADVANCED_FACE('',(#918),#12391,.F.);
#12822=ADVANCED_FACE('',(#919),#12392,.F.);
#12823=ADVANCED_FACE('',(#920),#12393,.T.);
#12824=ADVANCED_FACE('',(#921),#12394,.F.);
#12825=ADVANCED_FACE('',(#922),#299,.T.);
#12826=ADVANCED_FACE('',(#923),#300,.T.);
#12827=ADVANCED_FACE('',(#924),#301,.T.);
#12828=ADVANCED_FACE('',(#925),#302,.T.);
#12829=ADVANCED_FACE('',(#926),#303,.F.);
#12830=ADVANCED_FACE('',(#927),#304,.F.);
#12831=ADVANCED_FACE('',(#928),#305,.T.);
#12832=ADVANCED_FACE('',(#929),#306,.T.);
#12833=ADVANCED_FACE('',(#930),#12395,.F.);
#12834=ADVANCED_FACE('',(#931),#12396,.F.);
#12835=ADVANCED_FACE('',(#932),#12397,.F.);
#12836=ADVANCED_FACE('',(#933),#12398,.F.);
#12837=ADVANCED_FACE('',(#934),#12399,.F.);
#12838=ADVANCED_FACE('',(#935),#12400,.F.);
#12839=ADVANCED_FACE('',(#936),#12401,.F.);
#12840=ADVANCED_FACE('',(#937),#12402,.F.);
#12841=ADVANCED_FACE('',(#938),#12403,.F.);
#12842=ADVANCED_FACE('',(#939),#12404,.F.);
#12843=ADVANCED_FACE('',(#940),#12405,.F.);
#12844=ADVANCED_FACE('',(#941),#307,.F.);
#12845=ADVANCED_FACE('',(#942),#626,.F.);
#12846=ADVANCED_FACE('',(#943),#627,.F.);
#12847=ADVANCED_FACE('',(#944),#308,.F.);
#12848=ADVANCED_FACE('',(#945),#309,.T.);
#12849=ADVANCED_FACE('',(#946),#628,.F.);
#12850=ADVANCED_FACE('',(#947),#629,.F.);
#12851=ADVANCED_FACE('',(#948),#310,.T.);
#12852=ADVANCED_FACE('',(#949),#630,.F.);
#12853=ADVANCED_FACE('',(#950),#311,.T.);
#12854=ADVANCED_FACE('',(#951),#312,.F.);
#12855=ADVANCED_FACE('',(#952),#631,.F.);
#12856=ADVANCED_FACE('',(#953),#632,.F.);
#12857=ADVANCED_FACE('',(#954),#313,.T.);
#12858=ADVANCED_FACE('',(#955),#314,.T.);
#12859=ADVANCED_FACE('',(#956),#633,.F.);
#12860=ADVANCED_FACE('',(#957),#634,.F.);
#12861=ADVANCED_FACE('',(#958),#315,.T.);
#12862=ADVANCED_FACE('',(#959),#316,.T.);
#12863=ADVANCED_FACE('',(#960),#635,.F.);
#12864=ADVANCED_FACE('',(#961),#12406,.F.);
#12865=ADVANCED_FACE('',(#962),#12407,.F.);
#12866=ADVANCED_FACE('',(#963),#12408,.F.);
#12867=ADVANCED_FACE('',(#964),#12409,.F.);
#12868=ADVANCED_FACE('',(#965),#12410,.F.);
#12869=ADVANCED_FACE('',(#966),#12411,.F.);
#12870=ADVANCED_FACE('',(#967),#12412,.F.);
#12871=ADVANCED_FACE('',(#968),#12413,.F.);
#12872=ADVANCED_FACE('',(#969),#12414,.F.);
#12873=ADVANCED_FACE('',(#970),#12415,.F.);
#12874=ADVANCED_FACE('',(#971),#12416,.F.);
#12875=ADVANCED_FACE('',(#972),#12417,.F.);
#12876=ADVANCED_FACE('',(#973),#12418,.F.);
#12877=ADVANCED_FACE('',(#974),#12419,.F.);
#12878=ADVANCED_FACE('',(#975),#12420,.F.);
#12879=ADVANCED_FACE('',(#976),#12421,.F.);
#12880=ADVANCED_FACE('',(#977),#12422,.F.);
#12881=ADVANCED_FACE('',(#978),#12423,.F.);
#12882=ADVANCED_FACE('',(#979),#12424,.F.);
#12883=ADVANCED_FACE('',(#980),#12425,.F.);
#12884=ADVANCED_FACE('',(#981),#12426,.F.);
#12885=ADVANCED_FACE('',(#982),#12427,.F.);
#12886=ADVANCED_FACE('',(#983),#12428,.F.);
#12887=ADVANCED_FACE('',(#984),#12429,.F.);
#12888=ADVANCED_FACE('',(#985),#12430,.F.);
#12889=ADVANCED_FACE('',(#986),#12431,.F.);
#12890=ADVANCED_FACE('',(#987),#12432,.F.);
#12891=ADVANCED_FACE('',(#988),#12433,.F.);
#12892=ADVANCED_FACE('',(#989),#12434,.F.);
#12893=ADVANCED_FACE('',(#990),#12435,.F.);
#12894=ADVANCED_FACE('',(#991),#12436,.F.);
#12895=ADVANCED_FACE('',(#992),#12437,.F.);
#12896=ADVANCED_FACE('',(#993),#12438,.F.);
#12897=ADVANCED_FACE('',(#994),#12439,.F.);
#12898=ADVANCED_FACE('',(#995),#12440,.F.);
#12899=ADVANCED_FACE('',(#996),#12441,.F.);
#12900=ADVANCED_FACE('',(#997),#12442,.F.);
#12901=ADVANCED_FACE('',(#998),#12443,.F.);
#12902=ADVANCED_FACE('',(#999),#12444,.F.);
#12903=ADVANCED_FACE('',(#1000),#12445,.F.);
#12904=ADVANCED_FACE('',(#1001),#12446,.F.);
#12905=ADVANCED_FACE('',(#1002),#12447,.F.);
#12906=ADVANCED_FACE('',(#1003),#12448,.F.);
#12907=ADVANCED_FACE('',(#1004),#12449,.F.);
#12908=ADVANCED_FACE('',(#1005),#12450,.F.);
#12909=ADVANCED_FACE('',(#1006),#12451,.F.);
#12910=ADVANCED_FACE('',(#1007),#12452,.F.);
#12911=ADVANCED_FACE('',(#1008),#12453,.F.);
#12912=ADVANCED_FACE('',(#1009),#12454,.F.);
#12913=ADVANCED_FACE('',(#1010),#12455,.F.);
#12914=ADVANCED_FACE('',(#1011),#317,.T.);
#12915=ADVANCED_FACE('',(#1012),#12456,.T.);
#12916=ADVANCED_FACE('',(#1013),#318,.F.);
#12917=ADVANCED_FACE('',(#1014),#12457,.T.);
#12918=ADVANCED_FACE('',(#1015),#319,.F.);
#12919=ADVANCED_FACE('',(#1016),#12458,.T.);
#12920=ADVANCED_FACE('',(#1017),#320,.T.);
#12921=ADVANCED_FACE('',(#1018),#321,.T.);
#12922=ADVANCED_FACE('',(#1019),#322,.T.);
#12923=ADVANCED_FACE('',(#1020),#323,.F.);
#12924=ADVANCED_FACE('',(#1021),#324,.F.);
#12925=ADVANCED_FACE('',(#1022),#325,.T.);
#12926=ADVANCED_FACE('',(#1023),#326,.T.);
#12927=ADVANCED_FACE('',(#1024),#12459,.F.);
#12928=ADVANCED_FACE('',(#1025),#327,.F.);
#12929=ADVANCED_FACE('',(#1026),#328,.T.);
#12930=ADVANCED_FACE('',(#1027),#329,.F.);
#12931=ADVANCED_FACE('',(#1028),#330,.T.);
#12932=ADVANCED_FACE('',(#1029),#331,.F.);
#12933=ADVANCED_FACE('',(#1030),#12460,.F.);
#12934=ADVANCED_FACE('',(#1031),#332,.F.);
#12935=ADVANCED_FACE('',(#1032),#333,.T.);
#12936=ADVANCED_FACE('',(#1033),#334,.F.);
#12937=ADVANCED_FACE('',(#1034),#335,.T.);
#12938=ADVANCED_FACE('',(#1035),#336,.F.);
#12939=ADVANCED_FACE('',(#1036),#12461,.F.);
#12940=ADVANCED_FACE('',(#1037),#337,.F.);
#12941=ADVANCED_FACE('',(#1038),#338,.T.);
#12942=ADVANCED_FACE('',(#1039),#339,.F.);
#12943=ADVANCED_FACE('',(#1040),#340,.T.);
#12944=ADVANCED_FACE('',(#1041),#341,.F.);
#12945=ADVANCED_FACE('',(#1042),#12462,.F.);
#12946=ADVANCED_FACE('',(#1043),#342,.F.);
#12947=ADVANCED_FACE('',(#1044),#343,.T.);
#12948=ADVANCED_FACE('',(#1045),#344,.F.);
#12949=ADVANCED_FACE('',(#1046),#345,.T.);
#12950=ADVANCED_FACE('',(#1047),#346,.F.);
#12951=ADVANCED_FACE('',(#1048),#12463,.F.);
#12952=ADVANCED_FACE('',(#1049),#347,.F.);
#12953=ADVANCED_FACE('',(#1050),#348,.T.);
#12954=ADVANCED_FACE('',(#1051),#349,.F.);
#12955=ADVANCED_FACE('',(#1052),#350,.T.);
#12956=ADVANCED_FACE('',(#1053),#351,.F.);
#12957=ADVANCED_FACE('',(#1054),#12464,.F.);
#12958=ADVANCED_FACE('',(#1055),#352,.F.);
#12959=ADVANCED_FACE('',(#1056),#353,.T.);
#12960=ADVANCED_FACE('',(#1057),#354,.F.);
#12961=ADVANCED_FACE('',(#1058),#355,.T.);
#12962=ADVANCED_FACE('',(#1059),#356,.F.);
#12963=ADVANCED_FACE('',(#1060),#12465,.F.);
#12964=ADVANCED_FACE('',(#1061),#357,.F.);
#12965=ADVANCED_FACE('',(#1062),#358,.T.);
#12966=ADVANCED_FACE('',(#1063),#359,.F.);
#12967=ADVANCED_FACE('',(#1064),#360,.T.);
#12968=ADVANCED_FACE('',(#1065),#361,.F.);
#12969=ADVANCED_FACE('',(#1066),#12466,.F.);
#12970=ADVANCED_FACE('',(#1067),#362,.F.);
#12971=ADVANCED_FACE('',(#1068),#363,.T.);
#12972=ADVANCED_FACE('',(#1069),#364,.F.);
#12973=ADVANCED_FACE('',(#1070),#365,.T.);
#12974=ADVANCED_FACE('',(#1071),#366,.F.);
#12975=ADVANCED_FACE('',(#1072),#12467,.F.);
#12976=ADVANCED_FACE('',(#1073),#367,.F.);
#12977=ADVANCED_FACE('',(#1074),#368,.T.);
#12978=ADVANCED_FACE('',(#1075),#369,.F.);
#12979=ADVANCED_FACE('',(#1076),#370,.T.);
#12980=ADVANCED_FACE('',(#1077),#371,.F.);
#12981=ADVANCED_FACE('',(#1078),#12468,.F.);
#12982=ADVANCED_FACE('',(#1079),#372,.F.);
#12983=ADVANCED_FACE('',(#1080),#373,.T.);
#12984=ADVANCED_FACE('',(#1081),#374,.F.);
#12985=ADVANCED_FACE('',(#1082),#375,.T.);
#12986=ADVANCED_FACE('',(#1083),#376,.F.);
#12987=ADVANCED_FACE('',(#1084),#12469,.F.);
#12988=ADVANCED_FACE('',(#1085),#377,.F.);
#12989=ADVANCED_FACE('',(#1086),#378,.T.);
#12990=ADVANCED_FACE('',(#1087),#379,.F.);
#12991=ADVANCED_FACE('',(#1088),#380,.T.);
#12992=ADVANCED_FACE('',(#1089),#381,.F.);
#12993=ADVANCED_FACE('',(#1090),#12470,.F.);
#12994=ADVANCED_FACE('',(#1091),#382,.F.);
#12995=ADVANCED_FACE('',(#1092),#383,.T.);
#12996=ADVANCED_FACE('',(#1093),#384,.F.);
#12997=ADVANCED_FACE('',(#1094),#385,.T.);
#12998=ADVANCED_FACE('',(#1095),#386,.F.);
#12999=ADVANCED_FACE('',(#1096),#12471,.F.);
#13000=ADVANCED_FACE('',(#1097),#387,.F.);
#13001=ADVANCED_FACE('',(#1098),#388,.T.);
#13002=ADVANCED_FACE('',(#1099),#389,.F.);
#13003=ADVANCED_FACE('',(#1100),#390,.T.);
#13004=ADVANCED_FACE('',(#1101),#391,.F.);
#13005=ADVANCED_FACE('',(#1102),#12472,.F.);
#13006=ADVANCED_FACE('',(#1103),#392,.F.);
#13007=ADVANCED_FACE('',(#1104),#393,.T.);
#13008=ADVANCED_FACE('',(#1105),#394,.F.);
#13009=ADVANCED_FACE('',(#1106),#395,.T.);
#13010=ADVANCED_FACE('',(#1107),#396,.F.);
#13011=ADVANCED_FACE('',(#1108),#12473,.F.);
#13012=ADVANCED_FACE('',(#1109),#397,.F.);
#13013=ADVANCED_FACE('',(#1110),#398,.T.);
#13014=ADVANCED_FACE('',(#1111),#399,.F.);
#13015=ADVANCED_FACE('',(#1112),#400,.T.);
#13016=ADVANCED_FACE('',(#1113),#401,.F.);
#13017=ADVANCED_FACE('',(#1114),#12474,.F.);
#13018=ADVANCED_FACE('',(#1115),#402,.F.);
#13019=ADVANCED_FACE('',(#1116),#403,.T.);
#13020=ADVANCED_FACE('',(#1117),#404,.F.);
#13021=ADVANCED_FACE('',(#1118),#405,.T.);
#13022=ADVANCED_FACE('',(#1119),#406,.F.);
#13023=ADVANCED_FACE('',(#1120),#12475,.F.);
#13024=ADVANCED_FACE('',(#1121),#407,.F.);
#13025=ADVANCED_FACE('',(#1122),#408,.T.);
#13026=ADVANCED_FACE('',(#1123),#409,.F.);
#13027=ADVANCED_FACE('',(#1124),#410,.T.);
#13028=ADVANCED_FACE('',(#1125),#411,.F.);
#13029=ADVANCED_FACE('',(#1126),#12476,.F.);
#13030=ADVANCED_FACE('',(#1127),#412,.F.);
#13031=ADVANCED_FACE('',(#1128),#413,.T.);
#13032=ADVANCED_FACE('',(#1129),#414,.F.);
#13033=ADVANCED_FACE('',(#1130),#415,.T.);
#13034=ADVANCED_FACE('',(#1131),#416,.F.);
#13035=ADVANCED_FACE('',(#1132),#12477,.F.);
#13036=ADVANCED_FACE('',(#1133),#417,.F.);
#13037=ADVANCED_FACE('',(#1134),#418,.T.);
#13038=ADVANCED_FACE('',(#1135),#419,.F.);
#13039=ADVANCED_FACE('',(#1136),#420,.T.);
#13040=ADVANCED_FACE('',(#1137),#421,.F.);
#13041=ADVANCED_FACE('',(#1138),#12478,.F.);
#13042=ADVANCED_FACE('',(#1139),#422,.F.);
#13043=ADVANCED_FACE('',(#1140),#423,.T.);
#13044=ADVANCED_FACE('',(#1141),#424,.F.);
#13045=ADVANCED_FACE('',(#1142),#425,.T.);
#13046=ADVANCED_FACE('',(#1143),#426,.F.);
#13047=ADVANCED_FACE('',(#1144),#12479,.F.);
#13048=ADVANCED_FACE('',(#1145),#427,.F.);
#13049=ADVANCED_FACE('',(#1146),#428,.T.);
#13050=ADVANCED_FACE('',(#1147),#429,.F.);
#13051=ADVANCED_FACE('',(#1148),#430,.T.);
#13052=ADVANCED_FACE('',(#1149),#431,.F.);
#13053=ADVANCED_FACE('',(#1150),#12480,.F.);
#13054=ADVANCED_FACE('',(#1151),#432,.F.);
#13055=ADVANCED_FACE('',(#1152),#433,.T.);
#13056=ADVANCED_FACE('',(#1153),#434,.F.);
#13057=ADVANCED_FACE('',(#1154),#435,.T.);
#13058=ADVANCED_FACE('',(#1155),#436,.F.);
#13059=ADVANCED_FACE('',(#1156),#12481,.F.);
#13060=ADVANCED_FACE('',(#1157),#437,.F.);
#13061=ADVANCED_FACE('',(#1158),#438,.T.);
#13062=ADVANCED_FACE('',(#1159),#439,.F.);
#13063=ADVANCED_FACE('',(#1160),#440,.T.);
#13064=ADVANCED_FACE('',(#1161),#441,.F.);
#13065=ADVANCED_FACE('',(#1162),#442,.T.);
#13066=ADVANCED_FACE('',(#1163),#443,.T.);
#13067=ADVANCED_FACE('',(#1164),#444,.T.);
#13068=ADVANCED_FACE('',(#1165),#445,.T.);
#13069=ADVANCED_FACE('',(#1166),#446,.T.);
#13070=ADVANCED_FACE('',(#1167),#447,.T.);
#13071=ADVANCED_FACE('',(#1168),#448,.T.);
#13072=ADVANCED_FACE('',(#1169),#449,.T.);
#13073=ADVANCED_FACE('',(#1170),#450,.T.);
#13074=ADVANCED_FACE('',(#1171),#451,.T.);
#13075=ADVANCED_FACE('',(#1172),#452,.T.);
#13076=ADVANCED_FACE('',(#1173),#453,.T.);
#13077=ADVANCED_FACE('',(#1174),#454,.T.);
#13078=ADVANCED_FACE('',(#1175),#455,.T.);
#13079=ADVANCED_FACE('',(#1176),#456,.T.);
#13080=ADVANCED_FACE('',(#1177),#457,.T.);
#13081=ADVANCED_FACE('',(#1178),#458,.T.);
#13082=ADVANCED_FACE('',(#1179),#459,.T.);
#13083=ADVANCED_FACE('',(#1180),#460,.T.);
#13084=ADVANCED_FACE('',(#1181),#461,.T.);
#13085=ADVANCED_FACE('',(#1182),#462,.T.);
#13086=ADVANCED_FACE('',(#1183),#463,.T.);
#13087=ADVANCED_FACE('',(#1184),#464,.T.);
#13088=ADVANCED_FACE('',(#1185),#465,.T.);
#13089=ADVANCED_FACE('',(#1186),#466,.T.);
#13090=ADVANCED_FACE('',(#1187),#12482,.T.);
#13091=ADVANCED_FACE('',(#1188,#65,#66,#67,#68,#69,#70,#71,#72,#73,#74,
#75,#76,#77,#78,#79,#80,#81,#82,#83,#84,#85,#86,#87,#88,#89),#467,.F.);
#13092=ADVANCED_FACE('',(#1189,#90,#91,#92,#93,#94,#95,#96,#97,#98,#99,
#100,#101,#102,#103,#104,#105,#106,#107,#108,#109,#110,#111,#112,#113,#114),
#468,.T.);
#13093=ADVANCED_FACE('',(#1190),#12483,.F.);
#13094=ADVANCED_FACE('',(#1191),#12484,.F.);
#13095=ADVANCED_FACE('',(#1192,#115,#116,#117,#118,#119,#120,#121,#122,
#123,#124,#125,#126,#127,#128),#469,.F.);
#13096=ADVANCED_FACE('',(#1193,#129,#130,#131,#132,#133,#134,#135,#136,
#137,#138),#470,.T.);
#13097=ADVANCED_FACE('',(#1194),#12485,.F.);
#13098=ADVANCED_FACE('',(#1195),#471,.F.);
#13099=ADVANCED_FACE('',(#1196),#472,.F.);
#13100=ADVANCED_FACE('',(#1197),#473,.F.);
#13101=ADVANCED_FACE('',(#1198),#474,.F.);
#13102=ADVANCED_FACE('',(#1199),#475,.T.);
#13103=ADVANCED_FACE('',(#1200),#476,.F.);
#13104=ADVANCED_FACE('',(#1201),#477,.T.);
#13105=ADVANCED_FACE('',(#1202),#478,.T.);
#13106=ADVANCED_FACE('',(#1203),#479,.T.);
#13107=ADVANCED_FACE('',(#1204),#480,.T.);
#13108=ADVANCED_FACE('',(#1205),#12486,.F.);
#13109=ADVANCED_FACE('',(#1206),#481,.T.);
#13110=ADVANCED_FACE('',(#1207),#482,.T.);
#13111=ADVANCED_FACE('',(#1208),#483,.F.);
#13112=ADVANCED_FACE('',(#1209),#484,.F.);
#13113=ADVANCED_FACE('',(#1210),#485,.F.);
#13114=ADVANCED_FACE('',(#1211),#486,.F.);
#13115=ADVANCED_FACE('',(#1212),#487,.T.);
#13116=ADVANCED_FACE('',(#1213),#488,.F.);
#13117=ADVANCED_FACE('',(#1214),#489,.F.);
#13118=ADVANCED_FACE('',(#1215),#490,.T.);
#13119=ADVANCED_FACE('',(#1216),#491,.F.);
#13120=ADVANCED_FACE('',(#1217),#492,.T.);
#13121=ADVANCED_FACE('',(#1218),#493,.T.);
#13122=ADVANCED_FACE('',(#1219),#494,.F.);
#13123=ADVANCED_FACE('',(#1220),#495,.F.);
#13124=ADVANCED_FACE('',(#1221),#496,.F.);
#13125=ADVANCED_FACE('',(#1222),#497,.T.);
#13126=ADVANCED_FACE('',(#1223),#498,.F.);
#13127=ADVANCED_FACE('',(#1224),#499,.T.);
#13128=ADVANCED_FACE('',(#1225),#500,.T.);
#13129=ADVANCED_FACE('',(#1226,#139),#501,.T.);
#13130=ADVANCED_FACE('',(#1227,#140),#502,.T.);
#13131=ADVANCED_FACE('',(#1228,#141),#503,.F.);
#13132=ADVANCED_FACE('',(#1229),#12487,.T.);
#13133=ADVANCED_FACE('',(#1230),#12488,.T.);
#13134=ADVANCED_FACE('',(#1231),#12489,.T.);
#13135=ADVANCED_FACE('',(#1232),#12490,.T.);
#13136=ADVANCED_FACE('',(#1233),#504,.F.);
#13137=ADVANCED_FACE('',(#1234),#505,.T.);
#13138=ADVANCED_FACE('',(#1235),#506,.T.);
#13139=ADVANCED_FACE('',(#1236),#507,.F.);
#13140=ADVANCED_FACE('',(#1237),#508,.T.);
#13141=ADVANCED_FACE('',(#1238),#509,.F.);
#13142=ADVANCED_FACE('',(#1239),#12491,.F.);
#13143=ADVANCED_FACE('',(#1240),#12492,.F.);
#13144=ADVANCED_FACE('',(#1241),#12493,.F.);
#13145=ADVANCED_FACE('',(#1242),#12494,.F.);
#13146=ADVANCED_FACE('',(#1243),#12495,.F.);
#13147=ADVANCED_FACE('',(#1244),#12496,.F.);
#13148=ADVANCED_FACE('',(#1245),#12497,.F.);
#13149=ADVANCED_FACE('',(#1246),#12498,.F.);
#13150=ADVANCED_FACE('',(#1247),#510,.F.);
#13151=ADVANCED_FACE('',(#1248),#511,.F.);
#13152=ADVANCED_FACE('',(#1249),#512,.T.);
#13153=ADVANCED_FACE('',(#1250),#513,.F.);
#13154=ADVANCED_FACE('',(#1251),#514,.F.);
#13155=ADVANCED_FACE('',(#1252),#515,.T.);
#13156=ADVANCED_FACE('',(#1253),#516,.T.);
#13157=ADVANCED_FACE('',(#1254),#517,.T.);
#13158=ADVANCED_FACE('',(#1255),#518,.T.);
#13159=ADVANCED_FACE('',(#1256),#519,.F.);
#13160=ADVANCED_FACE('',(#1257),#520,.T.);
#13161=ADVANCED_FACE('',(#1258),#521,.F.);
#13162=ADVANCED_FACE('',(#1259),#522,.T.);
#13163=ADVANCED_FACE('',(#1260),#523,.F.);
#13164=ADVANCED_FACE('',(#1261),#524,.T.);
#13165=ADVANCED_FACE('',(#1262),#525,.F.);
#13166=ADVANCED_FACE('',(#1263),#526,.T.);
#13167=ADVANCED_FACE('',(#1264),#527,.F.);
#13168=ADVANCED_FACE('',(#1265),#528,.T.);
#13169=ADVANCED_FACE('',(#1266),#529,.F.);
#13170=ADVANCED_FACE('',(#1267),#530,.T.);
#13171=ADVANCED_FACE('',(#1268),#531,.F.);
#13172=ADVANCED_FACE('',(#1269),#532,.F.);
#13173=ADVANCED_FACE('',(#1270),#533,.T.);
#13174=ADVANCED_FACE('',(#1271),#534,.T.);
#13175=ADVANCED_FACE('',(#1272),#535,.F.);
#13176=ADVANCED_FACE('',(#1273),#536,.F.);
#13177=ADVANCED_FACE('',(#1274),#537,.T.);
#13178=ADVANCED_FACE('',(#1275),#538,.F.);
#13179=ADVANCED_FACE('',(#1276),#539,.T.);
#13180=ADVANCED_FACE('',(#1277),#540,.T.);
#13181=ADVANCED_FACE('',(#1278),#541,.F.);
#13182=ADVANCED_FACE('',(#1279),#12499,.F.);
#13183=ADVANCED_FACE('',(#1280),#12500,.F.);
#13184=ADVANCED_FACE('',(#1281),#12501,.F.);
#13185=ADVANCED_FACE('',(#1282),#12502,.F.);
#13186=ADVANCED_FACE('',(#1283),#12503,.F.);
#13187=ADVANCED_FACE('',(#1284),#12504,.F.);
#13188=ADVANCED_FACE('',(#1285),#12505,.F.);
#13189=ADVANCED_FACE('',(#1286),#12506,.F.);
#13190=ADVANCED_FACE('',(#1287),#12507,.F.);
#13191=ADVANCED_FACE('',(#1288),#12508,.F.);
#13192=ADVANCED_FACE('',(#1289),#12509,.F.);
#13193=ADVANCED_FACE('',(#1290),#12510,.F.);
#13194=ADVANCED_FACE('',(#1291),#12511,.F.);
#13195=ADVANCED_FACE('',(#1292),#12512,.F.);
#13196=ADVANCED_FACE('',(#1293),#12513,.F.);
#13197=ADVANCED_FACE('',(#1294),#12514,.F.);
#13198=ADVANCED_FACE('',(#1295),#12515,.F.);
#13199=ADVANCED_FACE('',(#1296),#12516,.F.);
#13200=ADVANCED_FACE('',(#1297),#12517,.F.);
#13201=ADVANCED_FACE('',(#1298),#12518,.F.);
#13202=ADVANCED_FACE('',(#1299),#12519,.F.);
#13203=ADVANCED_FACE('',(#1300),#12520,.F.);
#13204=ADVANCED_FACE('',(#1301),#12521,.F.);
#13205=ADVANCED_FACE('',(#1302),#12522,.F.);
#13206=ADVANCED_FACE('',(#1303),#12523,.F.);
#13207=ADVANCED_FACE('',(#1304),#12524,.F.);
#13208=ADVANCED_FACE('',(#1305),#12525,.F.);
#13209=ADVANCED_FACE('',(#1306),#12526,.F.);
#13210=ADVANCED_FACE('',(#1307),#12527,.F.);
#13211=ADVANCED_FACE('',(#1308),#12528,.F.);
#13212=ADVANCED_FACE('',(#1309),#12529,.F.);
#13213=ADVANCED_FACE('',(#1310),#12530,.F.);
#13214=ADVANCED_FACE('',(#1311),#12531,.F.);
#13215=ADVANCED_FACE('',(#1312),#12532,.F.);
#13216=ADVANCED_FACE('',(#1313),#12533,.F.);
#13217=ADVANCED_FACE('',(#1314),#12534,.F.);
#13218=ADVANCED_FACE('',(#1315),#542,.F.);
#13219=ADVANCED_FACE('',(#1316),#12535,.F.);
#13220=ADVANCED_FACE('',(#1317),#543,.F.);
#13221=ADVANCED_FACE('',(#1318),#12536,.F.);
#13222=ADVANCED_FACE('',(#1319),#544,.F.);
#13223=ADVANCED_FACE('',(#1320),#12537,.F.);
#13224=ADVANCED_FACE('',(#1321),#12538,.F.);
#13225=ADVANCED_FACE('',(#1322),#545,.F.);
#13226=CLOSED_SHELL('',(#12539,#12540,#12541,#12542,#12543,#12544,#12545,
#12546,#12547,#12548,#12549,#12550,#12551,#12552,#12553,#12554,#12555,#12556,
#12557,#12558,#12559,#12560,#12561,#12562,#12563,#12564,#12565,#12566,#12567,
#12568,#12569,#12570,#12571,#12572,#12573,#12574,#12575,#12576,#12577,#12578,
#12579,#12580,#12581,#12582,#12583,#12584,#12585,#12586,#12587,#12588,#12589,
#12590,#12591,#12592,#12593,#12594,#12595,#12596,#12597,#12598,#12599,#12600,
#12601,#12602,#12603,#12604,#12605,#12606,#12607,#12608,#12609,#12610,#12611,
#12612,#12613,#12614,#12615,#12616,#12617,#12618,#12619,#12620,#12621,#12622,
#12623,#12624,#12625,#12626,#12627,#12628,#12629,#12630,#12631,#12632,#12633,
#12634,#12635,#12636,#12637,#12638,#12639,#12640,#12641,#12642,#12643,#12644,
#12645,#12646,#12647,#12648,#12649,#12650,#12651,#12652,#12653,#12654,#12655,
#12656,#12657,#12658,#12659,#12660,#12661,#12662,#12663,#12664,#12665,#12666,
#12667,#12668,#12669,#12670,#12671,#12672,#12673,#12674,#12675,#12676,#12677,
#12678,#12679,#12680,#12681,#12682,#12683,#12684,#12685,#12686,#12687,#12688,
#12689,#12690,#12691,#12692,#12693,#12694,#12695,#12696,#12697,#12698,#12699,
#12700,#12701,#12702,#12703,#12704,#12705,#12706,#12707,#12708,#12709,#12710,
#12711,#12712,#12713,#12714));
#13227=CLOSED_SHELL('',(#12715,#12716,#12717,#12718,#12719,#12720,#12721,
#12722,#12723,#12724,#12725,#12726,#12727,#12728,#12729,#12730,#12731,#12732,
#12733,#12734,#12735,#12736,#12737,#12738,#12739,#12740,#12741,#12742,#12743,
#12744,#12745,#12746,#12747,#12748,#12749,#12750,#12751,#12752,#12753,#12754,
#12755,#12756,#12757,#12758,#12759,#12760,#12761,#12762,#12763,#12764,#12765,
#12766,#12767,#12768,#12769,#12770,#12771,#12772,#12773,#12774,#12775,#12776,
#12777,#12778,#12779,#12780,#12781,#12782,#12783,#12784,#12785,#12786,#12787,
#12788,#12789,#12790,#12791,#12792,#12793,#12794,#12795,#12796,#12797,#12798,
#12799,#12800,#12801,#12802,#12803,#12804,#12805,#12806,#12807,#12808,#12809,
#12810,#12811,#12812,#12813,#12814,#12815,#12816,#12817,#12818,#12819,#12820,
#12821,#12822,#12823,#12824,#12825,#12826,#12827,#12828,#12829,#12830,#12831,
#12832,#12833,#12834,#12835,#12836,#12837,#12838,#12839,#12840,#12841,#12842,
#12843,#12844,#12845,#12846,#12847,#12848,#12849,#12850,#12851,#12852,#12853,
#12854,#12855,#12856,#12857,#12858,#12859,#12860,#12861,#12862,#12863));
#13228=CLOSED_SHELL('',(#12864,#12865,#12866,#12867,#12868,#12869,#12870,
#12871,#12872,#12873,#12874,#12875,#12876,#12877,#12878,#12879,#12880,#12881,
#12882,#12883,#12884,#12885,#12886,#12887,#12888,#12889,#12890,#12891,#12892,
#12893,#12894,#12895,#12896,#12897,#12898,#12899,#12900,#12901,#12902,#12903,
#12904,#12905,#12906,#12907,#12908,#12909,#12910,#12911,#12912,#12913,#12914,
#12915,#12916,#12917,#12918,#12919,#12920,#12921,#12922,#12923,#12924,#12925,
#12926,#12927,#12928,#12929,#12930,#12931,#12932,#12933,#12934,#12935,#12936,
#12937,#12938,#12939,#12940,#12941,#12942,#12943,#12944,#12945,#12946,#12947,
#12948,#12949,#12950,#12951,#12952,#12953,#12954,#12955,#12956,#12957,#12958,
#12959,#12960,#12961,#12962,#12963,#12964,#12965,#12966,#12967,#12968,#12969,
#12970,#12971,#12972,#12973,#12974,#12975,#12976,#12977,#12978,#12979,#12980,
#12981,#12982,#12983,#12984,#12985,#12986,#12987,#12988,#12989,#12990,#12991,
#12992,#12993,#12994,#12995,#12996,#12997,#12998,#12999,#13000,#13001,#13002,
#13003,#13004,#13005,#13006,#13007,#13008,#13009,#13010,#13011,#13012,#13013,
#13014,#13015,#13016,#13017,#13018,#13019,#13020,#13021,#13022,#13023,#13024,
#13025,#13026,#13027,#13028,#13029,#13030,#13031,#13032,#13033,#13034,#13035,
#13036,#13037,#13038,#13039,#13040,#13041,#13042,#13043,#13044,#13045,#13046,
#13047,#13048,#13049,#13050,#13051,#13052,#13053,#13054,#13055,#13056,#13057,
#13058,#13059,#13060,#13061,#13062,#13063,#13064,#13065,#13066,#13067,#13068,
#13069,#13070,#13071,#13072,#13073,#13074,#13075,#13076,#13077,#13078,#13079,
#13080,#13081,#13082,#13083,#13084,#13085,#13086,#13087,#13088,#13089,#13090,
#13091,#13092));
#13229=CLOSED_SHELL('',(#13093,#13094,#13095,#13096,#13097,#13098,#13099,
#13100,#13101,#13102,#13103,#13104,#13105,#13106,#13107,#13108,#13109,#13110,
#13111,#13112,#13113,#13114,#13115,#13116,#13117,#13118,#13119,#13120,#13121,
#13122,#13123,#13124,#13125,#13126,#13127,#13128,#13129,#13130,#13131,#13132,
#13133,#13134,#13135,#13136,#13137,#13138,#13139,#13140,#13141,#13142,#13143,
#13144,#13145,#13146,#13147,#13148,#13149,#13150,#13151,#13152,#13153,#13154,
#13155,#13156,#13157,#13158,#13159,#13160,#13161,#13162,#13163,#13164,#13165,
#13166,#13167,#13168,#13169,#13170,#13171,#13172,#13173,#13174,#13175,#13176,
#13177,#13178,#13179,#13180,#13181,#13182,#13183,#13184,#13185,#13186,#13187,
#13188,#13189,#13190,#13191,#13192,#13193,#13194,#13195,#13196,#13197,#13198,
#13199,#13200,#13201,#13202,#13203,#13204,#13205,#13206,#13207,#13208,#13209,
#13210,#13211,#13212,#13213,#13214,#13215,#13216,#13217,#13218,#13219,#13220,
#13221,#13222,#13223,#13224,#13225));
#13230=DERIVED_UNIT_ELEMENT(#13236,1.);
#13231=DERIVED_UNIT_ELEMENT(#22321,-3.);
#13232=DERIVED_UNIT_ELEMENT(#13236,1.);
#13233=DERIVED_UNIT_ELEMENT(#22321,-3.);
#13234=DERIVED_UNIT_ELEMENT(#13236,1.);
#13235=DERIVED_UNIT_ELEMENT(#22321,-3.);
#13236=(
MASS_UNIT()
NAMED_UNIT(*)
SI_UNIT(.KILO.,.GRAM.)
);
#13237=DERIVED_UNIT((#13230,#13231));
#13238=DERIVED_UNIT((#13232,#13233));
#13239=DERIVED_UNIT((#13234,#13235));
#13240=MEASURE_REPRESENTATION_ITEM('density measure',
POSITIVE_RATIO_MEASURE(7850.),#13237);
#13241=MEASURE_REPRESENTATION_ITEM('density measure',
POSITIVE_RATIO_MEASURE(7850.),#13238);
#13242=MEASURE_REPRESENTATION_ITEM('density measure',
POSITIVE_RATIO_MEASURE(7850.),#13239);
#13243=PROPERTY_DEFINITION_REPRESENTATION(#13258,#13249);
#13244=PROPERTY_DEFINITION_REPRESENTATION(#13259,#13250);
#13245=PROPERTY_DEFINITION_REPRESENTATION(#13260,#13251);
#13246=PROPERTY_DEFINITION_REPRESENTATION(#13261,#13252);
#13247=PROPERTY_DEFINITION_REPRESENTATION(#13262,#13253);
#13248=PROPERTY_DEFINITION_REPRESENTATION(#13263,#13254);
#13249=REPRESENTATION('material name',(#13255),#22316);
#13250=REPRESENTATION('density',(#13240),#22316);
#13251=REPRESENTATION('material name',(#13256),#22317);
#13252=REPRESENTATION('density',(#13241),#22317);
#13253=REPRESENTATION('material name',(#13257),#22318);
#13254=REPRESENTATION('density',(#13242),#22318);
#13255=DESCRIPTIVE_REPRESENTATION_ITEM('\X2\94A2\X0\','\X2\94A2\X0\');
#13256=DESCRIPTIVE_REPRESENTATION_ITEM('\X2\94A2\X0\','\X2\94A2\X0\');
#13257=DESCRIPTIVE_REPRESENTATION_ITEM('\X2\94A2\X0\','\X2\94A2\X0\');
#13258=PROPERTY_DEFINITION('material property','material name',#22341);
#13259=PROPERTY_DEFINITION('material property','density of part',#22341);
#13260=PROPERTY_DEFINITION('material property','material name',#22342);
#13261=PROPERTY_DEFINITION('material property','density of part',#22342);
#13262=PROPERTY_DEFINITION('material property','material name',#22343);
#13263=PROPERTY_DEFINITION('material property','density of part',#22343);
#13264=AXIS2_PLACEMENT_3D('',#18254,#14471,#14472);
#13265=AXIS2_PLACEMENT_3D('',#18255,#14473,#14474);
#13266=AXIS2_PLACEMENT_3D('',#18256,#14475,#14476);
#13267=AXIS2_PLACEMENT_3D('',#18259,#14477,#14478);
#13268=AXIS2_PLACEMENT_3D('',#18263,#14480,#14481);
#13269=AXIS2_PLACEMENT_3D('',#18265,#14483,#14484);
#13270=AXIS2_PLACEMENT_3D('',#18268,#14485,#14486);
#13271=AXIS2_PLACEMENT_3D('',#18269,#14487,#14488);
#13272=AXIS2_PLACEMENT_3D('',#18272,#14490,#14491);
#13273=AXIS2_PLACEMENT_3D('',#18273,#14492,#14493);
#13274=AXIS2_PLACEMENT_3D('',#18276,#14494,#14495);
#13275=AXIS2_PLACEMENT_3D('',#18277,#14496,#14497);
#13276=AXIS2_PLACEMENT_3D('',#18280,#14499,#14500);
#13277=AXIS2_PLACEMENT_3D('',#18281,#14501,#14502);
#13278=AXIS2_PLACEMENT_3D('',#18284,#14503,#14504);
#13279=AXIS2_PLACEMENT_3D('',#18285,#14505,#14506);
#13280=AXIS2_PLACEMENT_3D('',#18289,#14508,#14509);
#13281=AXIS2_PLACEMENT_3D('',#18300,#14510,#14511);
#13282=AXIS2_PLACEMENT_3D('',#18301,#14512,#14513);
#13283=AXIS2_PLACEMENT_3D('',#18302,#14514,#14515);
#13284=AXIS2_PLACEMENT_3D('',#18305,#14516,#14517);
#13285=AXIS2_PLACEMENT_3D('',#18306,#14518,#14519);
#13286=AXIS2_PLACEMENT_3D('',#18310,#14521,#14522);
#13287=AXIS2_PLACEMENT_3D('',#18312,#14523,#14524);
#13288=AXIS2_PLACEMENT_3D('',#18322,#14525,#14526);
#13289=AXIS2_PLACEMENT_3D('',#18323,#14527,#14528);
#13290=AXIS2_PLACEMENT_3D('',#18325,#14529,#14530);
#13291=AXIS2_PLACEMENT_3D('',#18328,#14532,#14533);
#13292=AXIS2_PLACEMENT_3D('',#18329,#14534,#14535);
#13293=AXIS2_PLACEMENT_3D('',#18331,#14536,#14537);
#13294=AXIS2_PLACEMENT_3D('',#18334,#14539,#14540);
#13295=AXIS2_PLACEMENT_3D('',#18335,#14541,#14542);
#13296=AXIS2_PLACEMENT_3D('',#18338,#14544,#14545);
#13297=AXIS2_PLACEMENT_3D('',#18339,#14546,#14547);
#13298=AXIS2_PLACEMENT_3D('',#18342,#14549,#14550);
#13299=AXIS2_PLACEMENT_3D('',#18343,#14551,#14552);
#13300=AXIS2_PLACEMENT_3D('',#18346,#14554,#14555);
#13301=AXIS2_PLACEMENT_3D('',#18347,#14556,#14557);
#13302=AXIS2_PLACEMENT_3D('',#18350,#14559,#14560);
#13303=AXIS2_PLACEMENT_3D('',#18351,#14561,#14562);
#13304=AXIS2_PLACEMENT_3D('',#18356,#14564,#14565);
#13305=AXIS2_PLACEMENT_3D('',#18360,#14567,#14568);
#13306=AXIS2_PLACEMENT_3D('',#18364,#14570,#14571);
#13307=AXIS2_PLACEMENT_3D('',#18367,#14573,#14574);
#13308=AXIS2_PLACEMENT_3D('',#18372,#14576,#14577);
#13309=AXIS2_PLACEMENT_3D('',#18381,#14582,#14583);
#13310=AXIS2_PLACEMENT_3D('',#18385,#14585,#14586);
#13311=AXIS2_PLACEMENT_3D('',#18389,#14588,#14589);
#13312=AXIS2_PLACEMENT_3D('',#18392,#14591,#14592);
#13313=AXIS2_PLACEMENT_3D('',#18397,#14594,#14595);
#13314=AXIS2_PLACEMENT_3D('',#18401,#14597,#14598);
#13315=AXIS2_PLACEMENT_3D('',#18405,#14600,#14601);
#13316=AXIS2_PLACEMENT_3D('',#18408,#14603,#14604);
#13317=AXIS2_PLACEMENT_3D('',#18411,#14605,#14606);
#13318=AXIS2_PLACEMENT_3D('',#18423,#14612,#14613);
#13319=AXIS2_PLACEMENT_3D('',#18427,#14615,#14616);
#13320=AXIS2_PLACEMENT_3D('',#18431,#14618,#14619);
#13321=AXIS2_PLACEMENT_3D('',#18433,#14620,#14621);
#13322=AXIS2_PLACEMENT_3D('',#18437,#14623,#14624);
#13323=AXIS2_PLACEMENT_3D('',#18441,#14626,#14627);
#13324=AXIS2_PLACEMENT_3D('',#18445,#14629,#14630);
#13325=AXIS2_PLACEMENT_3D('',#18449,#14632,#14633);
#13326=AXIS2_PLACEMENT_3D('',#18453,#14635,#14636);
#13327=AXIS2_PLACEMENT_3D('',#18455,#14637,#14638);
#13328=AXIS2_PLACEMENT_3D('',#18459,#14640,#14641);
#13329=AXIS2_PLACEMENT_3D('',#18461,#14643,#14644);
#13330=AXIS2_PLACEMENT_3D('',#18464,#14645,#14646);
#13331=AXIS2_PLACEMENT_3D('',#18468,#14648,#14649);
#13332=AXIS2_PLACEMENT_3D('',#18472,#14651,#14652);
#13333=AXIS2_PLACEMENT_3D('',#18476,#14654,#14655);
#13334=AXIS2_PLACEMENT_3D('',#18481,#14658,#14659);
#13335=AXIS2_PLACEMENT_3D('',#18484,#14661,#14662);
#13336=AXIS2_PLACEMENT_3D('',#18488,#14664,#14665);
#13337=AXIS2_PLACEMENT_3D('',#18492,#14667,#14668);
#13338=AXIS2_PLACEMENT_3D('',#18494,#14669,#14670);
#13339=AXIS2_PLACEMENT_3D('',#18498,#14672,#14673);
#13340=AXIS2_PLACEMENT_3D('',#18502,#14675,#14676);
#13341=AXIS2_PLACEMENT_3D('',#18506,#14678,#14679);
#13342=AXIS2_PLACEMENT_3D('',#18510,#14681,#14682);
#13343=AXIS2_PLACEMENT_3D('',#18514,#14684,#14685);
#13344=AXIS2_PLACEMENT_3D('',#18516,#14686,#14687);
#13345=AXIS2_PLACEMENT_3D('',#18519,#14689,#14690);
#13346=AXIS2_PLACEMENT_3D('',#18522,#14691,#14692);
#13347=AXIS2_PLACEMENT_3D('',#18526,#14694,#14695);
#13348=AXIS2_PLACEMENT_3D('',#18530,#14697,#14698);
#13349=AXIS2_PLACEMENT_3D('',#18534,#14700,#14701);
#13350=AXIS2_PLACEMENT_3D('',#18540,#14704,#14705);
#13351=AXIS2_PLACEMENT_3D('',#18543,#14707,#14708);
#13352=AXIS2_PLACEMENT_3D('',#18544,#14709,#14710);
#13353=AXIS2_PLACEMENT_3D('',#18549,#14712,#14713);
#13354=AXIS2_PLACEMENT_3D('',#18553,#14715,#14716);
#13355=AXIS2_PLACEMENT_3D('',#18557,#14718,#14719);
#13356=AXIS2_PLACEMENT_3D('',#18560,#14721,#14722);
#13357=AXIS2_PLACEMENT_3D('',#18563,#14723,#14724);
#13358=AXIS2_PLACEMENT_3D('',#18567,#14726,#14727);
#13359=AXIS2_PLACEMENT_3D('',#18569,#14729,#14730);
#13360=AXIS2_PLACEMENT_3D('',#18578,#14735,#14736);
#13361=AXIS2_PLACEMENT_3D('',#18587,#14741,#14742);
#13362=AXIS2_PLACEMENT_3D('',#18596,#14747,#14748);
#13363=AXIS2_PLACEMENT_3D('',#18605,#14753,#14754);
#13364=AXIS2_PLACEMENT_3D('',#18608,#14755,#14756);
#13365=AXIS2_PLACEMENT_3D('',#18612,#14758,#14759);
#13366=AXIS2_PLACEMENT_3D('',#18616,#14761,#14762);
#13367=AXIS2_PLACEMENT_3D('',#18620,#14764,#14765);
#13368=AXIS2_PLACEMENT_3D('',#18626,#14768,#14769);
#13369=AXIS2_PLACEMENT_3D('',#18630,#14771,#14772);
#13370=AXIS2_PLACEMENT_3D('',#18634,#14774,#14775);
#13371=AXIS2_PLACEMENT_3D('',#18637,#14777,#14778);
#13372=AXIS2_PLACEMENT_3D('',#18638,#14779,#14780);
#13373=AXIS2_PLACEMENT_3D('',#18641,#14783,#14784);
#13374=AXIS2_PLACEMENT_3D('',#18644,#14787,#14788);
#13375=AXIS2_PLACEMENT_3D('',#18647,#14791,#14792);
#13376=AXIS2_PLACEMENT_3D('',#18650,#14795,#14796);
#13377=AXIS2_PLACEMENT_3D('',#18658,#14801,#14802);
#13378=AXIS2_PLACEMENT_3D('',#18662,#14805,#14806);
#13379=AXIS2_PLACEMENT_3D('',#18666,#14809,#14810);
#13380=AXIS2_PLACEMENT_3D('',#18675,#14816,#14817);
#13381=AXIS2_PLACEMENT_3D('',#18677,#14819,#14820);
#13382=AXIS2_PLACEMENT_3D('',#18678,#14821,#14822);
#13383=AXIS2_PLACEMENT_3D('',#18695,#14831,#14832);
#13384=AXIS2_PLACEMENT_3D('',#18704,#14837,#14838);
#13385=AXIS2_PLACEMENT_3D('',#18713,#14843,#14844);
#13386=AXIS2_PLACEMENT_3D('',#18722,#14849,#14850);
#13387=AXIS2_PLACEMENT_3D('',#18731,#14855,#14856);
#13388=AXIS2_PLACEMENT_3D('',#18740,#14861,#14862);
#13389=AXIS2_PLACEMENT_3D('',#18749,#14867,#14868);
#13390=AXIS2_PLACEMENT_3D('',#18758,#14873,#14874);
#13391=AXIS2_PLACEMENT_3D('',#18767,#14879,#14880);
#13392=AXIS2_PLACEMENT_3D('',#18776,#14885,#14886);
#13393=AXIS2_PLACEMENT_3D('',#18777,#14887,#14888);
#13394=AXIS2_PLACEMENT_3D('',#18783,#14892,#14893);
#13395=AXIS2_PLACEMENT_3D('',#18786,#14896,#14897);
#13396=AXIS2_PLACEMENT_3D('',#18788,#14899,#14900);
#13397=AXIS2_PLACEMENT_3D('',#18790,#14902,#14903);
#13398=AXIS2_PLACEMENT_3D('',#18791,#14904,#14905);
#13399=AXIS2_PLACEMENT_3D('',#18792,#14906,#14907);
#13400=AXIS2_PLACEMENT_3D('',#18793,#14908,#14909);
#13401=AXIS2_PLACEMENT_3D('',#18794,#14910,#14911);
#13402=AXIS2_PLACEMENT_3D('',#18795,#14912,#14913);
#13403=AXIS2_PLACEMENT_3D('',#18796,#14914,#14915);
#13404=AXIS2_PLACEMENT_3D('',#18797,#14916,#14917);
#13405=AXIS2_PLACEMENT_3D('',#18798,#14918,#14919);
#13406=AXIS2_PLACEMENT_3D('',#18799,#14920,#14921);
#13407=AXIS2_PLACEMENT_3D('',#18800,#14922,#14923);
#13408=AXIS2_PLACEMENT_3D('',#18801,#14924,#14925);
#13409=AXIS2_PLACEMENT_3D('',#18802,#14926,#14927);
#13410=AXIS2_PLACEMENT_3D('',#18803,#14928,#14929);
#13411=AXIS2_PLACEMENT_3D('',#18804,#14930,#14931);
#13412=AXIS2_PLACEMENT_3D('',#18805,#14932,#14933);
#13413=AXIS2_PLACEMENT_3D('',#18806,#14934,#14935);
#13414=AXIS2_PLACEMENT_3D('',#18809,#14938,#14939);
#13415=AXIS2_PLACEMENT_3D('',#18811,#14941,#14942);
#13416=AXIS2_PLACEMENT_3D('',#18813,#14944,#14945);
#13417=AXIS2_PLACEMENT_3D('',#18815,#14947,#14948);
#13418=AXIS2_PLACEMENT_3D('',#18817,#14950,#14951);
#13419=AXIS2_PLACEMENT_3D('',#18819,#14953,#14954);
#13420=AXIS2_PLACEMENT_3D('',#18821,#14956,#14957);
#13421=AXIS2_PLACEMENT_3D('',#18822,#14958,#14959);
#13422=AXIS2_PLACEMENT_3D('',#18825,#14962,#14963);
#13423=AXIS2_PLACEMENT_3D('',#18827,#14965,#14966);
#13424=AXIS2_PLACEMENT_3D('',#18829,#14968,#14969);
#13425=AXIS2_PLACEMENT_3D('',#18831,#14971,#14972);
#13426=AXIS2_PLACEMENT_3D('',#18833,#14974,#14975);
#13427=AXIS2_PLACEMENT_3D('',#18835,#14977,#14978);
#13428=AXIS2_PLACEMENT_3D('',#18837,#14980,#14981);
#13429=AXIS2_PLACEMENT_3D('',#18838,#14982,#14983);
#13430=AXIS2_PLACEMENT_3D('',#18842,#14985,#14986);
#13431=AXIS2_PLACEMENT_3D('',#18843,#14987,#14988);
#13432=AXIS2_PLACEMENT_3D('',#18844,#14989,#14990);
#13433=AXIS2_PLACEMENT_3D('',#18846,#14991,#14992);
#13434=AXIS2_PLACEMENT_3D('',#18849,#14994,#14995);
#13435=AXIS2_PLACEMENT_3D('',#18850,#14996,#14997);
#13436=AXIS2_PLACEMENT_3D('',#18851,#14998,#14999);
#13437=AXIS2_PLACEMENT_3D('',#18852,#15000,#15001);
#13438=AXIS2_PLACEMENT_3D('',#18853,#15002,#15003);
#13439=AXIS2_PLACEMENT_3D('',#18854,#15004,#15005);
#13440=AXIS2_PLACEMENT_3D('',#18855,#15006,#15007);
#13441=AXIS2_PLACEMENT_3D('',#18856,#15008,#15009);
#13442=AXIS2_PLACEMENT_3D('',#18862,#15013,#15014);
#13443=AXIS2_PLACEMENT_3D('',#18868,#15018,#15019);
#13444=AXIS2_PLACEMENT_3D('',#18874,#15023,#15024);
#13445=AXIS2_PLACEMENT_3D('',#18880,#15028,#15029);
#13446=AXIS2_PLACEMENT_3D('',#18884,#15031,#15032);
#13447=AXIS2_PLACEMENT_3D('',#18886,#15034,#15035);
#13448=AXIS2_PLACEMENT_3D('',#18890,#15038,#15039);
#13449=AXIS2_PLACEMENT_3D('',#18894,#15042,#15043);
#13450=AXIS2_PLACEMENT_3D('',#18895,#15044,#15045);
#13451=AXIS2_PLACEMENT_3D('',#18896,#15046,#15047);
#13452=AXIS2_PLACEMENT_3D('',#18902,#15051,#15052);
#13453=AXIS2_PLACEMENT_3D('',#18908,#15056,#15057);
#13454=AXIS2_PLACEMENT_3D('',#18914,#15061,#15062);
#13455=AXIS2_PLACEMENT_3D('',#18915,#15063,#15064);
#13456=AXIS2_PLACEMENT_3D('',#18916,#15065,#15066);
#13457=AXIS2_PLACEMENT_3D('',#18917,#15067,#15068);
#13458=AXIS2_PLACEMENT_3D('',#18918,#15069,#15070);
#13459=AXIS2_PLACEMENT_3D('',#18919,#15071,#15072);
#13460=AXIS2_PLACEMENT_3D('',#18924,#15074,#15075);
#13461=AXIS2_PLACEMENT_3D('',#18927,#15077,#15078);
#13462=AXIS2_PLACEMENT_3D('',#18928,#15079,#15080);
#13463=AXIS2_PLACEMENT_3D('',#18934,#15084,#15085);
#13464=AXIS2_PLACEMENT_3D('',#18938,#15087,#15088);
#13465=AXIS2_PLACEMENT_3D('',#18939,#15089,#15090);
#13466=AXIS2_PLACEMENT_3D('',#18940,#15091,#15092);
#13467=AXIS2_PLACEMENT_3D('',#18946,#15096,#15097);
#13468=AXIS2_PLACEMENT_3D('',#18950,#15099,#15100);
#13469=AXIS2_PLACEMENT_3D('',#18951,#15101,#15102);
#13470=AXIS2_PLACEMENT_3D('',#18952,#15103,#15104);
#13471=AXIS2_PLACEMENT_3D('',#18958,#15108,#15109);
#13472=AXIS2_PLACEMENT_3D('',#18962,#15111,#15112);
#13473=AXIS2_PLACEMENT_3D('',#18963,#15113,#15114);
#13474=AXIS2_PLACEMENT_3D('',#18964,#15115,#15116);
#13475=AXIS2_PLACEMENT_3D('',#18967,#15119,#15120);
#13476=AXIS2_PLACEMENT_3D('',#18968,#15121,#15122);
#13477=AXIS2_PLACEMENT_3D('',#18969,#15123,#15124);
#13478=AXIS2_PLACEMENT_3D('',#18970,#15125,#15126);
#13479=AXIS2_PLACEMENT_3D('',#18971,#15127,#15128);
#13480=AXIS2_PLACEMENT_3D('',#18972,#15129,#15130);
#13481=AXIS2_PLACEMENT_3D('',#18973,#15131,#15132);
#13482=AXIS2_PLACEMENT_3D('',#18974,#15133,#15134);
#13483=AXIS2_PLACEMENT_3D('',#18975,#15135,#15136);
#13484=AXIS2_PLACEMENT_3D('',#18976,#15137,#15138);
#13485=AXIS2_PLACEMENT_3D('',#18977,#15139,#15140);
#13486=AXIS2_PLACEMENT_3D('',#18978,#15141,#15142);
#13487=AXIS2_PLACEMENT_3D('',#18979,#15143,#15144);
#13488=AXIS2_PLACEMENT_3D('',#18980,#15145,#15146);
#13489=AXIS2_PLACEMENT_3D('',#18981,#15147,#15148);
#13490=AXIS2_PLACEMENT_3D('',#18982,#15149,#15150);
#13491=AXIS2_PLACEMENT_3D('',#18983,#15151,#15152);
#13492=AXIS2_PLACEMENT_3D('',#18984,#15153,#15154);
#13493=AXIS2_PLACEMENT_3D('',#18985,#15155,#15156);
#13494=AXIS2_PLACEMENT_3D('',#18986,#15157,#15158);
#13495=AXIS2_PLACEMENT_3D('',#18987,#15159,#15160);
#13496=AXIS2_PLACEMENT_3D('',#18988,#15161,#15162);
#13497=AXIS2_PLACEMENT_3D('',#18989,#15163,#15164);
#13498=AXIS2_PLACEMENT_3D('',#18990,#15165,#15166);
#13499=AXIS2_PLACEMENT_3D('',#18991,#15167,#15168);
#13500=AXIS2_PLACEMENT_3D('',#18992,#15169,#15170);
#13501=AXIS2_PLACEMENT_3D('',#18993,#15171,#15172);
#13502=AXIS2_PLACEMENT_3D('',#18994,#15173,#15174);
#13503=AXIS2_PLACEMENT_3D('',#18995,#15175,#15176);
#13504=AXIS2_PLACEMENT_3D('',#18996,#15177,#15178);
#13505=AXIS2_PLACEMENT_3D('',#18997,#15179,#15180);
#13506=AXIS2_PLACEMENT_3D('',#18998,#15181,#15182);
#13507=AXIS2_PLACEMENT_3D('',#18999,#15183,#15184);
#13508=AXIS2_PLACEMENT_3D('',#19000,#15185,#15186);
#13509=AXIS2_PLACEMENT_3D('',#19001,#15187,#15188);
#13510=AXIS2_PLACEMENT_3D('',#19002,#15189,#15190);
#13511=AXIS2_PLACEMENT_3D('',#19003,#15191,#15192);
#13512=AXIS2_PLACEMENT_3D('',#19004,#15193,#15194);
#13513=AXIS2_PLACEMENT_3D('',#19005,#15195,#15196);
#13514=AXIS2_PLACEMENT_3D('',#19006,#15197,#15198);
#13515=AXIS2_PLACEMENT_3D('',#19009,#15201,#15202);
#13516=AXIS2_PLACEMENT_3D('',#19011,#15204,#15205);
#13517=AXIS2_PLACEMENT_3D('',#19013,#15207,#15208);
#13518=AXIS2_PLACEMENT_3D('',#19015,#15210,#15211);
#13519=AXIS2_PLACEMENT_3D('',#19017,#15213,#15214);
#13520=AXIS2_PLACEMENT_3D('',#19019,#15216,#15217);
#13521=AXIS2_PLACEMENT_3D('',#19021,#15219,#15220);
#13522=AXIS2_PLACEMENT_3D('',#19023,#15222,#15223);
#13523=AXIS2_PLACEMENT_3D('',#19025,#15225,#15226);
#13524=AXIS2_PLACEMENT_3D('',#19027,#15228,#15229);
#13525=AXIS2_PLACEMENT_3D('',#19029,#15231,#15232);
#13526=AXIS2_PLACEMENT_3D('',#19031,#15234,#15235);
#13527=AXIS2_PLACEMENT_3D('',#19033,#15237,#15238);
#13528=AXIS2_PLACEMENT_3D('',#19035,#15240,#15241);
#13529=AXIS2_PLACEMENT_3D('',#19037,#15243,#15244);
#13530=AXIS2_PLACEMENT_3D('',#19039,#15246,#15247);
#13531=AXIS2_PLACEMENT_3D('',#19041,#15249,#15250);
#13532=AXIS2_PLACEMENT_3D('',#19043,#15252,#15253);
#13533=AXIS2_PLACEMENT_3D('',#19045,#15255,#15256);
#13534=AXIS2_PLACEMENT_3D('',#19047,#15258,#15259);
#13535=AXIS2_PLACEMENT_3D('',#19049,#15261,#15262);
#13536=AXIS2_PLACEMENT_3D('',#19050,#15263,#15264);
#13537=AXIS2_PLACEMENT_3D('',#19053,#15267,#15268);
#13538=AXIS2_PLACEMENT_3D('',#19055,#15270,#15271);
#13539=AXIS2_PLACEMENT_3D('',#19057,#15273,#15274);
#13540=AXIS2_PLACEMENT_3D('',#19059,#15276,#15277);
#13541=AXIS2_PLACEMENT_3D('',#19061,#15279,#15280);
#13542=AXIS2_PLACEMENT_3D('',#19063,#15282,#15283);
#13543=AXIS2_PLACEMENT_3D('',#19065,#15285,#15286);
#13544=AXIS2_PLACEMENT_3D('',#19066,#15287,#15288);
#13545=AXIS2_PLACEMENT_3D('',#19069,#15291,#15292);
#13546=AXIS2_PLACEMENT_3D('',#19071,#15294,#15295);
#13547=AXIS2_PLACEMENT_3D('',#19073,#15297,#15298);
#13548=AXIS2_PLACEMENT_3D('',#19075,#15300,#15301);
#13549=AXIS2_PLACEMENT_3D('',#19077,#15303,#15304);
#13550=AXIS2_PLACEMENT_3D('',#19079,#15306,#15307);
#13551=AXIS2_PLACEMENT_3D('',#19081,#15309,#15310);
#13552=AXIS2_PLACEMENT_3D('',#19082,#15311,#15312);
#13553=AXIS2_PLACEMENT_3D('',#19085,#15315,#15316);
#13554=AXIS2_PLACEMENT_3D('',#19087,#15318,#15319);
#13555=AXIS2_PLACEMENT_3D('',#19089,#15321,#15322);
#13556=AXIS2_PLACEMENT_3D('',#19090,#15323,#15324);
#13557=AXIS2_PLACEMENT_3D('',#19092,#15326,#15327);
#13558=AXIS2_PLACEMENT_3D('',#19094,#15329,#15330);
#13559=AXIS2_PLACEMENT_3D('',#19096,#15332,#15333);
#13560=AXIS2_PLACEMENT_3D('',#19098,#15335,#15336);
#13561=AXIS2_PLACEMENT_3D('',#19100,#15338,#15339);
#13562=AXIS2_PLACEMENT_3D('',#19102,#15341,#15342);
#13563=AXIS2_PLACEMENT_3D('',#19104,#15344,#15345);
#13564=AXIS2_PLACEMENT_3D('',#19106,#15347,#15348);
#13565=AXIS2_PLACEMENT_3D('',#19108,#15350,#15351);
#13566=AXIS2_PLACEMENT_3D('',#19110,#15353,#15354);
#13567=AXIS2_PLACEMENT_3D('',#19112,#15356,#15357);
#13568=AXIS2_PLACEMENT_3D('',#19114,#15359,#15360);
#13569=AXIS2_PLACEMENT_3D('',#19116,#15362,#15363);
#13570=AXIS2_PLACEMENT_3D('',#19118,#15365,#15366);
#13571=AXIS2_PLACEMENT_3D('',#19120,#15368,#15369);
#13572=AXIS2_PLACEMENT_3D('',#19122,#15371,#15372);
#13573=AXIS2_PLACEMENT_3D('',#19124,#15374,#15375);
#13574=AXIS2_PLACEMENT_3D('',#19126,#15377,#15378);
#13575=AXIS2_PLACEMENT_3D('',#19128,#15380,#15381);
#13576=AXIS2_PLACEMENT_3D('',#19130,#15383,#15384);
#13577=AXIS2_PLACEMENT_3D('',#19132,#15386,#15387);
#13578=AXIS2_PLACEMENT_3D('',#19134,#15389,#15390);
#13579=AXIS2_PLACEMENT_3D('',#19135,#15391,#15392);
#13580=AXIS2_PLACEMENT_3D('',#19136,#15393,#15394);
#13581=AXIS2_PLACEMENT_3D('',#19137,#15395,#15396);
#13582=AXIS2_PLACEMENT_3D('',#19139,#15397,#15398);
#13583=AXIS2_PLACEMENT_3D('',#19142,#15400,#15401);
#13584=AXIS2_PLACEMENT_3D('',#19143,#15402,#15403);
#13585=AXIS2_PLACEMENT_3D('',#19145,#15404,#15405);
#13586=AXIS2_PLACEMENT_3D('',#19148,#15407,#15408);
#13587=AXIS2_PLACEMENT_3D('',#19149,#15409,#15410);
#13588=AXIS2_PLACEMENT_3D('',#19151,#15411,#15412);
#13589=AXIS2_PLACEMENT_3D('',#19154,#15414,#15415);
#13590=AXIS2_PLACEMENT_3D('',#19155,#15416,#15417);
#13591=AXIS2_PLACEMENT_3D('',#19157,#15418,#15419);
#13592=AXIS2_PLACEMENT_3D('',#19160,#15421,#15422);
#13593=AXIS2_PLACEMENT_3D('',#19161,#15423,#15424);
#13594=AXIS2_PLACEMENT_3D('',#19166,#15426,#15427);
#13595=AXIS2_PLACEMENT_3D('',#19170,#15429,#15430);
#13596=AXIS2_PLACEMENT_3D('',#19178,#15434,#15435);
#13597=AXIS2_PLACEMENT_3D('',#19182,#15437,#15438);
#13598=AXIS2_PLACEMENT_3D('',#19190,#15442,#15443);
#13599=AXIS2_PLACEMENT_3D('',#19194,#15445,#15446);
#13600=AXIS2_PLACEMENT_3D('',#19198,#15448,#15449);
#13601=AXIS2_PLACEMENT_3D('',#19202,#15451,#15452);
#13602=AXIS2_PLACEMENT_3D('',#19206,#15454,#15455);
#13603=AXIS2_PLACEMENT_3D('',#19209,#15457,#15458);
#13604=AXIS2_PLACEMENT_3D('',#19210,#15459,#15460);
#13605=AXIS2_PLACEMENT_3D('',#19215,#15462,#15463);
#13606=AXIS2_PLACEMENT_3D('',#19219,#15465,#15466);
#13607=AXIS2_PLACEMENT_3D('',#19223,#15468,#15469);
#13608=AXIS2_PLACEMENT_3D('',#19227,#15471,#15472);
#13609=AXIS2_PLACEMENT_3D('',#19231,#15474,#15475);
#13610=AXIS2_PLACEMENT_3D('',#19239,#15479,#15480);
#13611=AXIS2_PLACEMENT_3D('',#19242,#15482,#15483);
#13612=AXIS2_PLACEMENT_3D('',#19243,#15484,#15485);
#13613=AXIS2_PLACEMENT_3D('',#19248,#15487,#15488);
#13614=AXIS2_PLACEMENT_3D('',#19252,#15490,#15491);
#13615=AXIS2_PLACEMENT_3D('',#19259,#15495,#15496);
#13616=AXIS2_PLACEMENT_3D('',#19260,#15497,#15498);
#13617=AXIS2_PLACEMENT_3D('',#19266,#15502,#15503);
#13618=AXIS2_PLACEMENT_3D('',#19273,#15508,#15509);
#13619=AXIS2_PLACEMENT_3D('',#19283,#15515,#15516);
#13620=AXIS2_PLACEMENT_3D('',#19292,#15521,#15522);
#13621=AXIS2_PLACEMENT_3D('',#19301,#15527,#15528);
#13622=AXIS2_PLACEMENT_3D('',#19306,#15530,#15531);
#13623=AXIS2_PLACEMENT_3D('',#19309,#15533,#15534);
#13624=AXIS2_PLACEMENT_3D('',#19310,#15535,#15536);
#13625=AXIS2_PLACEMENT_3D('',#19315,#15538,#15539);
#13626=AXIS2_PLACEMENT_3D('',#19318,#15541,#15542);
#13627=AXIS2_PLACEMENT_3D('',#19319,#15543,#15544);
#13628=AXIS2_PLACEMENT_3D('',#19322,#15547,#15548);
#13629=AXIS2_PLACEMENT_3D('',#19325,#15551,#15552);
#13630=AXIS2_PLACEMENT_3D('',#19328,#15553,#15554);
#13631=AXIS2_PLACEMENT_3D('',#19332,#15556,#15557);
#13632=AXIS2_PLACEMENT_3D('',#19336,#15559,#15560);
#13633=AXIS2_PLACEMENT_3D('',#19340,#15562,#15563);
#13634=AXIS2_PLACEMENT_3D('',#19344,#15565,#15566);
#13635=AXIS2_PLACEMENT_3D('',#19348,#15568,#15569);
#13636=AXIS2_PLACEMENT_3D('',#19352,#15571,#15572);
#13637=AXIS2_PLACEMENT_3D('',#19356,#15574,#15575);
#13638=AXIS2_PLACEMENT_3D('',#19362,#15578,#15579);
#13639=AXIS2_PLACEMENT_3D('',#19365,#15581,#15582);
#13640=AXIS2_PLACEMENT_3D('',#19370,#15584,#15585);
#13641=AXIS2_PLACEMENT_3D('',#19374,#15587,#15588);
#13642=AXIS2_PLACEMENT_3D('',#19378,#15590,#15591);
#13643=AXIS2_PLACEMENT_3D('',#19381,#15593,#15594);
#13644=AXIS2_PLACEMENT_3D('',#19382,#15595,#15596);
#13645=AXIS2_PLACEMENT_3D('',#19391,#15601,#15602);
#13646=AXIS2_PLACEMENT_3D('',#19400,#15607,#15608);
#13647=AXIS2_PLACEMENT_3D('',#19409,#15613,#15614);
#13648=AXIS2_PLACEMENT_3D('',#19418,#15619,#15620);
#13649=AXIS2_PLACEMENT_3D('',#19421,#15621,#15622);
#13650=AXIS2_PLACEMENT_3D('',#19425,#15624,#15625);
#13651=AXIS2_PLACEMENT_3D('',#19429,#15627,#15628);
#13652=AXIS2_PLACEMENT_3D('',#19433,#15630,#15631);
#13653=AXIS2_PLACEMENT_3D('',#19439,#15634,#15635);
#13654=AXIS2_PLACEMENT_3D('',#19443,#15637,#15638);
#13655=AXIS2_PLACEMENT_3D('',#19447,#15640,#15641);
#13656=AXIS2_PLACEMENT_3D('',#19450,#15643,#15644);
#13657=AXIS2_PLACEMENT_3D('',#19451,#15645,#15646);
#13658=AXIS2_PLACEMENT_3D('',#19462,#15653,#15654);
#13659=AXIS2_PLACEMENT_3D('',#19468,#15658,#15659);
#13660=AXIS2_PLACEMENT_3D('',#19474,#15663,#15664);
#13661=AXIS2_PLACEMENT_3D('',#19480,#15668,#15669);
#13662=AXIS2_PLACEMENT_3D('',#19485,#15671,#15672);
#13663=AXIS2_PLACEMENT_3D('',#19488,#15674,#15675);
#13664=AXIS2_PLACEMENT_3D('',#19489,#15676,#15677);
#13665=AXIS2_PLACEMENT_3D('',#19490,#15678,#15679);
#13666=AXIS2_PLACEMENT_3D('',#19491,#15680,#15681);
#13667=AXIS2_PLACEMENT_3D('',#19492,#15682,#15683);
#13668=AXIS2_PLACEMENT_3D('',#19493,#15684,#15685);
#13669=AXIS2_PLACEMENT_3D('',#19495,#15686,#15687);
#13670=AXIS2_PLACEMENT_3D('',#19499,#15689,#15690);
#13671=AXIS2_PLACEMENT_3D('',#19503,#15692,#15693);
#13672=AXIS2_PLACEMENT_3D('',#19511,#15697,#15698);
#13673=AXIS2_PLACEMENT_3D('',#19515,#15700,#15701);
#13674=AXIS2_PLACEMENT_3D('',#19522,#15705,#15706);
#13675=AXIS2_PLACEMENT_3D('',#19524,#15707,#15708);
#13676=AXIS2_PLACEMENT_3D('',#19531,#15712,#15713);
#13677=AXIS2_PLACEMENT_3D('',#19532,#15714,#15715);
#13678=AXIS2_PLACEMENT_3D('',#19533,#15716,#15717);
#13679=AXIS2_PLACEMENT_3D('',#19536,#15720,#15721);
#13680=AXIS2_PLACEMENT_3D('',#19539,#15724,#15725);
#13681=AXIS2_PLACEMENT_3D('',#19542,#15728,#15729);
#13682=AXIS2_PLACEMENT_3D('',#19551,#15734,#15735);
#13683=AXIS2_PLACEMENT_3D('',#19560,#15740,#15741);
#13684=AXIS2_PLACEMENT_3D('',#19569,#15746,#15747);
#13685=AXIS2_PLACEMENT_3D('',#19578,#15752,#15753);
#13686=AXIS2_PLACEMENT_3D('',#19579,#15754,#15755);
#13687=AXIS2_PLACEMENT_3D('',#19580,#15756,#15757);
#13688=AXIS2_PLACEMENT_3D('',#19581,#15758,#15759);
#13689=AXIS2_PLACEMENT_3D('',#19582,#15760,#15761);
#13690=AXIS2_PLACEMENT_3D('',#19587,#15763,#15764);
#13691=AXIS2_PLACEMENT_3D('',#19591,#15766,#15767);
#13692=AXIS2_PLACEMENT_3D('',#19595,#15769,#15770);
#13693=AXIS2_PLACEMENT_3D('',#19598,#15772,#15773);
#13694=AXIS2_PLACEMENT_3D('',#19599,#15774,#15775);
#13695=AXIS2_PLACEMENT_3D('',#19600,#15776,#15777);
#13696=AXIS2_PLACEMENT_3D('',#19601,#15778,#15779);
#13697=AXIS2_PLACEMENT_3D('',#19602,#15780,#15781);
#13698=AXIS2_PLACEMENT_3D('',#19603,#15782,#15783);
#13699=AXIS2_PLACEMENT_3D('',#19604,#15784,#15785);
#13700=AXIS2_PLACEMENT_3D('',#19605,#15786,#15787);
#13701=AXIS2_PLACEMENT_3D('',#19606,#15788,#15789);
#13702=AXIS2_PLACEMENT_3D('',#19607,#15790,#15791);
#13703=AXIS2_PLACEMENT_3D('',#19608,#15792,#15793);
#13704=AXIS2_PLACEMENT_3D('',#19609,#15794,#15795);
#13705=AXIS2_PLACEMENT_3D('',#19610,#15796,#15797);
#13706=AXIS2_PLACEMENT_3D('',#19611,#15798,#15799);
#13707=AXIS2_PLACEMENT_3D('',#19612,#15800,#15801);
#13708=AXIS2_PLACEMENT_3D('',#19613,#15802,#15803);
#13709=AXIS2_PLACEMENT_3D('',#19614,#15804,#15805);
#13710=AXIS2_PLACEMENT_3D('',#19615,#15806,#15807);
#13711=AXIS2_PLACEMENT_3D('',#19616,#15808,#15809);
#13712=AXIS2_PLACEMENT_3D('',#19617,#15810,#15811);
#13713=AXIS2_PLACEMENT_3D('',#19618,#15812,#15813);
#13714=AXIS2_PLACEMENT_3D('',#19619,#15814,#15815);
#13715=AXIS2_PLACEMENT_3D('',#19620,#15816,#15817);
#13716=AXIS2_PLACEMENT_3D('',#19621,#15818,#15819);
#13717=AXIS2_PLACEMENT_3D('',#19622,#15820,#15821);
#13718=AXIS2_PLACEMENT_3D('',#19623,#15822,#15823);
#13719=AXIS2_PLACEMENT_3D('',#19626,#15826,#15827);
#13720=AXIS2_PLACEMENT_3D('',#19628,#15829,#15830);
#13721=AXIS2_PLACEMENT_3D('',#19630,#15832,#15833);
#13722=AXIS2_PLACEMENT_3D('',#19632,#15835,#15836);
#13723=AXIS2_PLACEMENT_3D('',#19634,#15838,#15839);
#13724=AXIS2_PLACEMENT_3D('',#19636,#15841,#15842);
#13725=AXIS2_PLACEMENT_3D('',#19638,#15844,#15845);
#13726=AXIS2_PLACEMENT_3D('',#19639,#15846,#15847);
#13727=AXIS2_PLACEMENT_3D('',#19642,#15850,#15851);
#13728=AXIS2_PLACEMENT_3D('',#19644,#15853,#15854);
#13729=AXIS2_PLACEMENT_3D('',#19646,#15856,#15857);
#13730=AXIS2_PLACEMENT_3D('',#19648,#15859,#15860);
#13731=AXIS2_PLACEMENT_3D('',#19650,#15862,#15863);
#13732=AXIS2_PLACEMENT_3D('',#19652,#15865,#15866);
#13733=AXIS2_PLACEMENT_3D('',#19654,#15868,#15869);
#13734=AXIS2_PLACEMENT_3D('',#19655,#15870,#15871);
#13735=AXIS2_PLACEMENT_3D('',#19668,#15880,#15881);
#13736=AXIS2_PLACEMENT_3D('',#19674,#15885,#15886);
#13737=AXIS2_PLACEMENT_3D('',#19680,#15890,#15891);
#13738=AXIS2_PLACEMENT_3D('',#19686,#15895,#15896);
#13739=AXIS2_PLACEMENT_3D('',#19687,#15897,#15898);
#13740=AXIS2_PLACEMENT_3D('',#19688,#15899,#15900);
#13741=AXIS2_PLACEMENT_3D('',#19689,#15901,#15902);
#13742=AXIS2_PLACEMENT_3D('',#19690,#15903,#15904);
#13743=AXIS2_PLACEMENT_3D('',#19691,#15905,#15906);
#13744=AXIS2_PLACEMENT_3D('',#19697,#15910,#15911);
#13745=AXIS2_PLACEMENT_3D('',#19708,#15918,#15919);
#13746=AXIS2_PLACEMENT_3D('',#19714,#15923,#15924);
#13747=AXIS2_PLACEMENT_3D('',#19725,#15931,#15932);
#13748=AXIS2_PLACEMENT_3D('',#19726,#15933,#15934);
#13749=AXIS2_PLACEMENT_3D('',#19727,#15935,#15936);
#13750=AXIS2_PLACEMENT_3D('',#19739,#15944,#15945);
#13751=AXIS2_PLACEMENT_3D('',#19745,#15949,#15950);
#13752=AXIS2_PLACEMENT_3D('',#19750,#15954,#15955);
#13753=AXIS2_PLACEMENT_3D('',#19754,#15959,#15960);
#13754=AXIS2_PLACEMENT_3D('',#19755,#15961,#15962);
#13755=AXIS2_PLACEMENT_3D('',#19756,#15963,#15964);
#13756=AXIS2_PLACEMENT_3D('',#19757,#15965,#15966);
#13757=AXIS2_PLACEMENT_3D('',#19758,#15967,#15968);
#13758=AXIS2_PLACEMENT_3D('',#19759,#15969,#15970);
#13759=AXIS2_PLACEMENT_3D('',#19760,#15971,#15972);
#13760=AXIS2_PLACEMENT_3D('',#19761,#15973,#15974);
#13761=AXIS2_PLACEMENT_3D('',#19762,#15975,#15976);
#13762=AXIS2_PLACEMENT_3D('',#19769,#15981,#15982);
#13763=AXIS2_PLACEMENT_3D('',#19775,#15986,#15987);
#13764=AXIS2_PLACEMENT_3D('',#19782,#15992,#15993);
#13765=AXIS2_PLACEMENT_3D('',#19784,#15995,#15996);
#13766=AXIS2_PLACEMENT_3D('',#19786,#15997,#15998);
#13767=AXIS2_PLACEMENT_3D('',#19790,#16000,#16001);
#13768=AXIS2_PLACEMENT_3D('',#19793,#16003,#16004);
#13769=AXIS2_PLACEMENT_3D('',#19794,#16005,#16006);
#13770=AXIS2_PLACEMENT_3D('',#19800,#16010,#16011);
#13771=AXIS2_PLACEMENT_3D('',#19803,#16013,#16014);
#13772=AXIS2_PLACEMENT_3D('',#19804,#16015,#16016);
#13773=AXIS2_PLACEMENT_3D('',#19805,#16017,#16018);
#13774=AXIS2_PLACEMENT_3D('',#19806,#16019,#16020);
#13775=AXIS2_PLACEMENT_3D('',#19807,#16021,#16022);
#13776=AXIS2_PLACEMENT_3D('',#19808,#16023,#16024);
#13777=AXIS2_PLACEMENT_3D('',#19809,#16025,#16026);
#13778=AXIS2_PLACEMENT_3D('',#19810,#16027,#16028);
#13779=AXIS2_PLACEMENT_3D('',#19811,#16029,#16030);
#13780=AXIS2_PLACEMENT_3D('',#19812,#16031,#16032);
#13781=AXIS2_PLACEMENT_3D('',#19816,#16036,#16037);
#13782=AXIS2_PLACEMENT_3D('',#19818,#16038,#16039);
#13783=AXIS2_PLACEMENT_3D('',#19825,#16043,#16044);
#13784=AXIS2_PLACEMENT_3D('',#19826,#16045,#16046);
#13785=AXIS2_PLACEMENT_3D('',#19829,#16049,#16050);
#13786=AXIS2_PLACEMENT_3D('',#19831,#16052,#16053);
#13787=AXIS2_PLACEMENT_3D('',#19833,#16055,#16056);
#13788=AXIS2_PLACEMENT_3D('',#19834,#16057,#16058);
#13789=AXIS2_PLACEMENT_3D('',#19835,#16059,#16060);
#13790=AXIS2_PLACEMENT_3D('',#19836,#16061,#16062);
#13791=AXIS2_PLACEMENT_3D('',#19837,#16063,#16064);
#13792=AXIS2_PLACEMENT_3D('',#19838,#16065,#16066);
#13793=AXIS2_PLACEMENT_3D('',#19839,#16067,#16068);
#13794=AXIS2_PLACEMENT_3D('',#19840,#16069,#16070);
#13795=AXIS2_PLACEMENT_3D('',#19841,#16071,#16072);
#13796=AXIS2_PLACEMENT_3D('',#19842,#16073,#16074);
#13797=AXIS2_PLACEMENT_3D('',#19846,#16077,#16078);
#13798=AXIS2_PLACEMENT_3D('',#19850,#16081,#16082);
#13799=AXIS2_PLACEMENT_3D('',#19853,#16085,#16086);
#13800=AXIS2_PLACEMENT_3D('',#19854,#16087,#16088);
#13801=AXIS2_PLACEMENT_3D('',#19858,#16091,#16092);
#13802=AXIS2_PLACEMENT_3D('',#19863,#16096,#16097);
#13803=AXIS2_PLACEMENT_3D('',#19865,#16099,#16100);
#13804=AXIS2_PLACEMENT_3D('',#19866,#16101,#16102);
#13805=AXIS2_PLACEMENT_3D('',#19867,#16103,#16104);
#13806=AXIS2_PLACEMENT_3D('',#19868,#16105,#16106);
#13807=AXIS2_PLACEMENT_3D('',#19869,#16107,#16108);
#13808=AXIS2_PLACEMENT_3D('',#19870,#16109,#16110);
#13809=AXIS2_PLACEMENT_3D('',#19871,#16111,#16112);
#13810=AXIS2_PLACEMENT_3D('',#19872,#16113,#16114);
#13811=AXIS2_PLACEMENT_3D('',#19873,#16115,#16116);
#13812=AXIS2_PLACEMENT_3D('',#19874,#16117,#16118);
#13813=AXIS2_PLACEMENT_3D('',#19875,#16119,#16120);
#13814=AXIS2_PLACEMENT_3D('',#19876,#16121,#16122);
#13815=AXIS2_PLACEMENT_3D('',#19877,#16123,#16124);
#13816=AXIS2_PLACEMENT_3D('',#19878,#16125,#16126);
#13817=AXIS2_PLACEMENT_3D('',#19879,#16127,#16128);
#13818=AXIS2_PLACEMENT_3D('',#19880,#16129,#16130);
#13819=AXIS2_PLACEMENT_3D('',#19881,#16131,#16132);
#13820=AXIS2_PLACEMENT_3D('',#19884,#16135,#16136);
#13821=AXIS2_PLACEMENT_3D('',#19886,#16138,#16139);
#13822=AXIS2_PLACEMENT_3D('',#19888,#16141,#16142);
#13823=AXIS2_PLACEMENT_3D('',#19890,#16144,#16145);
#13824=AXIS2_PLACEMENT_3D('',#19892,#16147,#16148);
#13825=AXIS2_PLACEMENT_3D('',#19894,#16150,#16151);
#13826=AXIS2_PLACEMENT_3D('',#19896,#16153,#16154);
#13827=AXIS2_PLACEMENT_3D('',#19897,#16155,#16156);
#13828=AXIS2_PLACEMENT_3D('',#19900,#16159,#16160);
#13829=AXIS2_PLACEMENT_3D('',#19902,#16162,#16163);
#13830=AXIS2_PLACEMENT_3D('',#19904,#16165,#16166);
#13831=AXIS2_PLACEMENT_3D('',#19905,#16167,#16168);
#13832=AXIS2_PLACEMENT_3D('',#19908,#16171,#16172);
#13833=AXIS2_PLACEMENT_3D('',#19910,#16174,#16175);
#13834=AXIS2_PLACEMENT_3D('',#19912,#16177,#16178);
#13835=AXIS2_PLACEMENT_3D('',#19914,#16180,#16181);
#13836=AXIS2_PLACEMENT_3D('',#19916,#16183,#16184);
#13837=AXIS2_PLACEMENT_3D('',#19918,#16186,#16187);
#13838=AXIS2_PLACEMENT_3D('',#19920,#16189,#16190);
#13839=AXIS2_PLACEMENT_3D('',#19921,#16191,#16192);
#13840=AXIS2_PLACEMENT_3D('',#19922,#16193,#16194);
#13841=AXIS2_PLACEMENT_3D('',#19925,#16195,#16196);
#13842=AXIS2_PLACEMENT_3D('',#19929,#16198,#16199);
#13843=AXIS2_PLACEMENT_3D('',#19931,#16201,#16202);
#13844=AXIS2_PLACEMENT_3D('',#19934,#16203,#16204);
#13845=AXIS2_PLACEMENT_3D('',#19938,#16206,#16207);
#13846=AXIS2_PLACEMENT_3D('',#19940,#16209,#16210);
#13847=AXIS2_PLACEMENT_3D('',#19943,#16211,#16212);
#13848=AXIS2_PLACEMENT_3D('',#19947,#16214,#16215);
#13849=AXIS2_PLACEMENT_3D('',#19949,#16217,#16218);
#13850=AXIS2_PLACEMENT_3D('',#19952,#16219,#16220);
#13851=AXIS2_PLACEMENT_3D('',#19956,#16222,#16223);
#13852=AXIS2_PLACEMENT_3D('',#19958,#16225,#16226);
#13853=AXIS2_PLACEMENT_3D('',#19961,#16227,#16228);
#13854=AXIS2_PLACEMENT_3D('',#19965,#16230,#16231);
#13855=AXIS2_PLACEMENT_3D('',#19967,#16233,#16234);
#13856=AXIS2_PLACEMENT_3D('',#19970,#16235,#16236);
#13857=AXIS2_PLACEMENT_3D('',#19974,#16238,#16239);
#13858=AXIS2_PLACEMENT_3D('',#19976,#16241,#16242);
#13859=AXIS2_PLACEMENT_3D('',#19979,#16243,#16244);
#13860=AXIS2_PLACEMENT_3D('',#19983,#16246,#16247);
#13861=AXIS2_PLACEMENT_3D('',#19985,#16249,#16250);
#13862=AXIS2_PLACEMENT_3D('',#19988,#16251,#16252);
#13863=AXIS2_PLACEMENT_3D('',#19992,#16254,#16255);
#13864=AXIS2_PLACEMENT_3D('',#19994,#16257,#16258);
#13865=AXIS2_PLACEMENT_3D('',#19997,#16259,#16260);
#13866=AXIS2_PLACEMENT_3D('',#20001,#16262,#16263);
#13867=AXIS2_PLACEMENT_3D('',#20003,#16265,#16266);
#13868=AXIS2_PLACEMENT_3D('',#20006,#16267,#16268);
#13869=AXIS2_PLACEMENT_3D('',#20010,#16270,#16271);
#13870=AXIS2_PLACEMENT_3D('',#20012,#16273,#16274);
#13871=AXIS2_PLACEMENT_3D('',#20015,#16275,#16276);
#13872=AXIS2_PLACEMENT_3D('',#20019,#16278,#16279);
#13873=AXIS2_PLACEMENT_3D('',#20021,#16281,#16282);
#13874=AXIS2_PLACEMENT_3D('',#20024,#16283,#16284);
#13875=AXIS2_PLACEMENT_3D('',#20028,#16286,#16287);
#13876=AXIS2_PLACEMENT_3D('',#20030,#16289,#16290);
#13877=AXIS2_PLACEMENT_3D('',#20033,#16291,#16292);
#13878=AXIS2_PLACEMENT_3D('',#20037,#16294,#16295);
#13879=AXIS2_PLACEMENT_3D('',#20039,#16297,#16298);
#13880=AXIS2_PLACEMENT_3D('',#20042,#16299,#16300);
#13881=AXIS2_PLACEMENT_3D('',#20046,#16302,#16303);
#13882=AXIS2_PLACEMENT_3D('',#20048,#16305,#16306);
#13883=AXIS2_PLACEMENT_3D('',#20051,#16307,#16308);
#13884=AXIS2_PLACEMENT_3D('',#20055,#16310,#16311);
#13885=AXIS2_PLACEMENT_3D('',#20057,#16313,#16314);
#13886=AXIS2_PLACEMENT_3D('',#20060,#16315,#16316);
#13887=AXIS2_PLACEMENT_3D('',#20064,#16318,#16319);
#13888=AXIS2_PLACEMENT_3D('',#20066,#16321,#16322);
#13889=AXIS2_PLACEMENT_3D('',#20069,#16323,#16324);
#13890=AXIS2_PLACEMENT_3D('',#20073,#16326,#16327);
#13891=AXIS2_PLACEMENT_3D('',#20075,#16329,#16330);
#13892=AXIS2_PLACEMENT_3D('',#20078,#16331,#16332);
#13893=AXIS2_PLACEMENT_3D('',#20082,#16334,#16335);
#13894=AXIS2_PLACEMENT_3D('',#20084,#16337,#16338);
#13895=AXIS2_PLACEMENT_3D('',#20087,#16339,#16340);
#13896=AXIS2_PLACEMENT_3D('',#20091,#16342,#16343);
#13897=AXIS2_PLACEMENT_3D('',#20093,#16345,#16346);
#13898=AXIS2_PLACEMENT_3D('',#20096,#16347,#16348);
#13899=AXIS2_PLACEMENT_3D('',#20100,#16350,#16351);
#13900=AXIS2_PLACEMENT_3D('',#20102,#16353,#16354);
#13901=AXIS2_PLACEMENT_3D('',#20105,#16355,#16356);
#13902=AXIS2_PLACEMENT_3D('',#20109,#16358,#16359);
#13903=AXIS2_PLACEMENT_3D('',#20111,#16361,#16362);
#13904=AXIS2_PLACEMENT_3D('',#20114,#16363,#16364);
#13905=AXIS2_PLACEMENT_3D('',#20118,#16366,#16367);
#13906=AXIS2_PLACEMENT_3D('',#20120,#16369,#16370);
#13907=AXIS2_PLACEMENT_3D('',#20123,#16371,#16372);
#13908=AXIS2_PLACEMENT_3D('',#20127,#16374,#16375);
#13909=AXIS2_PLACEMENT_3D('',#20129,#16377,#16378);
#13910=AXIS2_PLACEMENT_3D('',#20132,#16379,#16380);
#13911=AXIS2_PLACEMENT_3D('',#20136,#16382,#16383);
#13912=AXIS2_PLACEMENT_3D('',#20138,#16385,#16386);
#13913=AXIS2_PLACEMENT_3D('',#20141,#16387,#16388);
#13914=AXIS2_PLACEMENT_3D('',#20145,#16390,#16391);
#13915=AXIS2_PLACEMENT_3D('',#20147,#16393,#16394);
#13916=AXIS2_PLACEMENT_3D('',#20150,#16395,#16396);
#13917=AXIS2_PLACEMENT_3D('',#20154,#16398,#16399);
#13918=AXIS2_PLACEMENT_3D('',#20156,#16401,#16402);
#13919=AXIS2_PLACEMENT_3D('',#20159,#16403,#16404);
#13920=AXIS2_PLACEMENT_3D('',#20163,#16406,#16407);
#13921=AXIS2_PLACEMENT_3D('',#20165,#16409,#16410);
#13922=AXIS2_PLACEMENT_3D('',#20168,#16411,#16412);
#13923=AXIS2_PLACEMENT_3D('',#20172,#16414,#16415);
#13924=AXIS2_PLACEMENT_3D('',#20174,#16417,#16418);
#13925=AXIS2_PLACEMENT_3D('',#20177,#16419,#16420);
#13926=AXIS2_PLACEMENT_3D('',#20181,#16422,#16423);
#13927=AXIS2_PLACEMENT_3D('',#20183,#16425,#16426);
#13928=AXIS2_PLACEMENT_3D('',#20186,#16427,#16428);
#13929=AXIS2_PLACEMENT_3D('',#20190,#16430,#16431);
#13930=AXIS2_PLACEMENT_3D('',#20192,#16433,#16434);
#13931=AXIS2_PLACEMENT_3D('',#20195,#16435,#16436);
#13932=AXIS2_PLACEMENT_3D('',#20199,#16438,#16439);
#13933=AXIS2_PLACEMENT_3D('',#20201,#16441,#16442);
#13934=AXIS2_PLACEMENT_3D('',#20204,#16443,#16444);
#13935=AXIS2_PLACEMENT_3D('',#20208,#16446,#16447);
#13936=AXIS2_PLACEMENT_3D('',#20210,#16449,#16450);
#13937=AXIS2_PLACEMENT_3D('',#20213,#16451,#16452);
#13938=AXIS2_PLACEMENT_3D('',#20217,#16454,#16455);
#13939=AXIS2_PLACEMENT_3D('',#20219,#16457,#16458);
#13940=AXIS2_PLACEMENT_3D('',#20222,#16459,#16460);
#13941=AXIS2_PLACEMENT_3D('',#20226,#16462,#16463);
#13942=AXIS2_PLACEMENT_3D('',#20228,#16465,#16466);
#13943=AXIS2_PLACEMENT_3D('',#20231,#16467,#16468);
#13944=AXIS2_PLACEMENT_3D('',#20235,#16470,#16471);
#13945=AXIS2_PLACEMENT_3D('',#20237,#16473,#16474);
#13946=AXIS2_PLACEMENT_3D('',#20240,#16475,#16476);
#13947=AXIS2_PLACEMENT_3D('',#20244,#16478,#16479);
#13948=AXIS2_PLACEMENT_3D('',#20246,#16481,#16482);
#13949=AXIS2_PLACEMENT_3D('',#20249,#16483,#16484);
#13950=AXIS2_PLACEMENT_3D('',#20253,#16486,#16487);
#13951=AXIS2_PLACEMENT_3D('',#20255,#16489,#16490);
#13952=AXIS2_PLACEMENT_3D('',#20258,#16491,#16492);
#13953=AXIS2_PLACEMENT_3D('',#20262,#16494,#16495);
#13954=AXIS2_PLACEMENT_3D('',#20264,#16497,#16498);
#13955=AXIS2_PLACEMENT_3D('',#20267,#16499,#16500);
#13956=AXIS2_PLACEMENT_3D('',#20271,#16502,#16503);
#13957=AXIS2_PLACEMENT_3D('',#20273,#16505,#16506);
#13958=AXIS2_PLACEMENT_3D('',#20276,#16507,#16508);
#13959=AXIS2_PLACEMENT_3D('',#20280,#16510,#16511);
#13960=AXIS2_PLACEMENT_3D('',#20282,#16513,#16514);
#13961=AXIS2_PLACEMENT_3D('',#20285,#16515,#16516);
#13962=AXIS2_PLACEMENT_3D('',#20289,#16518,#16519);
#13963=AXIS2_PLACEMENT_3D('',#20291,#16521,#16522);
#13964=AXIS2_PLACEMENT_3D('',#20294,#16523,#16524);
#13965=AXIS2_PLACEMENT_3D('',#20298,#16526,#16527);
#13966=AXIS2_PLACEMENT_3D('',#20300,#16529,#16530);
#13967=AXIS2_PLACEMENT_3D('',#20303,#16531,#16532);
#13968=AXIS2_PLACEMENT_3D('',#20307,#16534,#16535);
#13969=AXIS2_PLACEMENT_3D('',#20309,#16537,#16538);
#13970=AXIS2_PLACEMENT_3D('',#20312,#16539,#16540);
#13971=AXIS2_PLACEMENT_3D('',#20316,#16542,#16543);
#13972=AXIS2_PLACEMENT_3D('',#20318,#16545,#16546);
#13973=AXIS2_PLACEMENT_3D('',#20321,#16547,#16548);
#13974=AXIS2_PLACEMENT_3D('',#20325,#16550,#16551);
#13975=AXIS2_PLACEMENT_3D('',#20327,#16553,#16554);
#13976=AXIS2_PLACEMENT_3D('',#20330,#16555,#16556);
#13977=AXIS2_PLACEMENT_3D('',#20334,#16558,#16559);
#13978=AXIS2_PLACEMENT_3D('',#20336,#16561,#16562);
#13979=AXIS2_PLACEMENT_3D('',#20339,#16563,#16564);
#13980=AXIS2_PLACEMENT_3D('',#20343,#16566,#16567);
#13981=AXIS2_PLACEMENT_3D('',#20345,#16569,#16570);
#13982=AXIS2_PLACEMENT_3D('',#20348,#16571,#16572);
#13983=AXIS2_PLACEMENT_3D('',#20352,#16574,#16575);
#13984=AXIS2_PLACEMENT_3D('',#20354,#16577,#16578);
#13985=AXIS2_PLACEMENT_3D('',#20357,#16579,#16580);
#13986=AXIS2_PLACEMENT_3D('',#20361,#16582,#16583);
#13987=AXIS2_PLACEMENT_3D('',#20363,#16585,#16586);
#13988=AXIS2_PLACEMENT_3D('',#20366,#16587,#16588);
#13989=AXIS2_PLACEMENT_3D('',#20370,#16590,#16591);
#13990=AXIS2_PLACEMENT_3D('',#20372,#16593,#16594);
#13991=AXIS2_PLACEMENT_3D('',#20381,#16599,#16600);
#13992=AXIS2_PLACEMENT_3D('',#20383,#16601,#16602);
#13993=AXIS2_PLACEMENT_3D('',#20386,#16604,#16605);
#13994=AXIS2_PLACEMENT_3D('',#20387,#16606,#16607);
#13995=AXIS2_PLACEMENT_3D('',#20393,#16611,#16612);
#13996=AXIS2_PLACEMENT_3D('',#20395,#16613,#16614);
#13997=AXIS2_PLACEMENT_3D('',#20398,#16616,#16617);
#13998=AXIS2_PLACEMENT_3D('',#20399,#16618,#16619);
#13999=AXIS2_PLACEMENT_3D('',#20405,#16623,#16624);
#14000=AXIS2_PLACEMENT_3D('',#20407,#16625,#16626);
#14001=AXIS2_PLACEMENT_3D('',#20410,#16628,#16629);
#14002=AXIS2_PLACEMENT_3D('',#20411,#16630,#16631);
#14003=AXIS2_PLACEMENT_3D('',#20417,#16635,#16636);
#14004=AXIS2_PLACEMENT_3D('',#20423,#16640,#16641);
#14005=AXIS2_PLACEMENT_3D('',#20426,#16644,#16645);
#14006=AXIS2_PLACEMENT_3D('',#20432,#16649,#16650);
#14007=AXIS2_PLACEMENT_3D('',#20438,#16654,#16655);
#14008=AXIS2_PLACEMENT_3D('',#20441,#16658,#16659);
#14009=AXIS2_PLACEMENT_3D('',#20447,#16663,#16664);
#14010=AXIS2_PLACEMENT_3D('',#20450,#16665,#16666);
#14011=AXIS2_PLACEMENT_3D('',#20454,#16668,#16669);
#14012=AXIS2_PLACEMENT_3D('',#20456,#16671,#16672);
#14013=AXIS2_PLACEMENT_3D('',#20462,#16676,#16677);
#14014=AXIS2_PLACEMENT_3D('',#20465,#16680,#16681);
#14015=AXIS2_PLACEMENT_3D('',#20471,#16685,#16686);
#14016=AXIS2_PLACEMENT_3D('',#20474,#16689,#16690);
#14017=AXIS2_PLACEMENT_3D('',#20480,#16694,#16695);
#14018=AXIS2_PLACEMENT_3D('',#20483,#16696,#16697);
#14019=AXIS2_PLACEMENT_3D('',#20487,#16699,#16700);
#14020=AXIS2_PLACEMENT_3D('',#20489,#16702,#16703);
#14021=AXIS2_PLACEMENT_3D('',#20495,#16707,#16708);
#14022=AXIS2_PLACEMENT_3D('',#20498,#16711,#16712);
#14023=AXIS2_PLACEMENT_3D('',#20504,#16716,#16717);
#14024=AXIS2_PLACEMENT_3D('',#20507,#16720,#16721);
#14025=AXIS2_PLACEMENT_3D('',#20513,#16725,#16726);
#14026=AXIS2_PLACEMENT_3D('',#20516,#16727,#16728);
#14027=AXIS2_PLACEMENT_3D('',#20520,#16730,#16731);
#14028=AXIS2_PLACEMENT_3D('',#20522,#16733,#16734);
#14029=AXIS2_PLACEMENT_3D('',#20528,#16738,#16739);
#14030=AXIS2_PLACEMENT_3D('',#20531,#16742,#16743);
#14031=AXIS2_PLACEMENT_3D('',#20537,#16747,#16748);
#14032=AXIS2_PLACEMENT_3D('',#20540,#16751,#16752);
#14033=AXIS2_PLACEMENT_3D('',#20546,#16756,#16757);
#14034=AXIS2_PLACEMENT_3D('',#20549,#16758,#16759);
#14035=AXIS2_PLACEMENT_3D('',#20553,#16761,#16762);
#14036=AXIS2_PLACEMENT_3D('',#20555,#16764,#16765);
#14037=AXIS2_PLACEMENT_3D('',#20561,#16769,#16770);
#14038=AXIS2_PLACEMENT_3D('',#20564,#16773,#16774);
#14039=AXIS2_PLACEMENT_3D('',#20570,#16778,#16779);
#14040=AXIS2_PLACEMENT_3D('',#20573,#16782,#16783);
#14041=AXIS2_PLACEMENT_3D('',#20579,#16787,#16788);
#14042=AXIS2_PLACEMENT_3D('',#20582,#16789,#16790);
#14043=AXIS2_PLACEMENT_3D('',#20586,#16792,#16793);
#14044=AXIS2_PLACEMENT_3D('',#20588,#16795,#16796);
#14045=AXIS2_PLACEMENT_3D('',#20594,#16800,#16801);
#14046=AXIS2_PLACEMENT_3D('',#20597,#16804,#16805);
#14047=AXIS2_PLACEMENT_3D('',#20603,#16809,#16810);
#14048=AXIS2_PLACEMENT_3D('',#20606,#16813,#16814);
#14049=AXIS2_PLACEMENT_3D('',#20612,#16818,#16819);
#14050=AXIS2_PLACEMENT_3D('',#20615,#16820,#16821);
#14051=AXIS2_PLACEMENT_3D('',#20619,#16823,#16824);
#14052=AXIS2_PLACEMENT_3D('',#20621,#16826,#16827);
#14053=AXIS2_PLACEMENT_3D('',#20627,#16831,#16832);
#14054=AXIS2_PLACEMENT_3D('',#20630,#16835,#16836);
#14055=AXIS2_PLACEMENT_3D('',#20636,#16840,#16841);
#14056=AXIS2_PLACEMENT_3D('',#20639,#16844,#16845);
#14057=AXIS2_PLACEMENT_3D('',#20645,#16849,#16850);
#14058=AXIS2_PLACEMENT_3D('',#20648,#16851,#16852);
#14059=AXIS2_PLACEMENT_3D('',#20652,#16854,#16855);
#14060=AXIS2_PLACEMENT_3D('',#20654,#16857,#16858);
#14061=AXIS2_PLACEMENT_3D('',#20660,#16862,#16863);
#14062=AXIS2_PLACEMENT_3D('',#20663,#16866,#16867);
#14063=AXIS2_PLACEMENT_3D('',#20669,#16871,#16872);
#14064=AXIS2_PLACEMENT_3D('',#20672,#16875,#16876);
#14065=AXIS2_PLACEMENT_3D('',#20678,#16880,#16881);
#14066=AXIS2_PLACEMENT_3D('',#20681,#16882,#16883);
#14067=AXIS2_PLACEMENT_3D('',#20685,#16885,#16886);
#14068=AXIS2_PLACEMENT_3D('',#20687,#16888,#16889);
#14069=AXIS2_PLACEMENT_3D('',#20693,#16893,#16894);
#14070=AXIS2_PLACEMENT_3D('',#20696,#16897,#16898);
#14071=AXIS2_PLACEMENT_3D('',#20702,#16902,#16903);
#14072=AXIS2_PLACEMENT_3D('',#20705,#16906,#16907);
#14073=AXIS2_PLACEMENT_3D('',#20711,#16911,#16912);
#14074=AXIS2_PLACEMENT_3D('',#20714,#16913,#16914);
#14075=AXIS2_PLACEMENT_3D('',#20718,#16916,#16917);
#14076=AXIS2_PLACEMENT_3D('',#20720,#16919,#16920);
#14077=AXIS2_PLACEMENT_3D('',#20726,#16924,#16925);
#14078=AXIS2_PLACEMENT_3D('',#20729,#16928,#16929);
#14079=AXIS2_PLACEMENT_3D('',#20735,#16933,#16934);
#14080=AXIS2_PLACEMENT_3D('',#20738,#16937,#16938);
#14081=AXIS2_PLACEMENT_3D('',#20744,#16942,#16943);
#14082=AXIS2_PLACEMENT_3D('',#20747,#16944,#16945);
#14083=AXIS2_PLACEMENT_3D('',#20751,#16947,#16948);
#14084=AXIS2_PLACEMENT_3D('',#20753,#16950,#16951);
#14085=AXIS2_PLACEMENT_3D('',#20759,#16955,#16956);
#14086=AXIS2_PLACEMENT_3D('',#20762,#16959,#16960);
#14087=AXIS2_PLACEMENT_3D('',#20768,#16964,#16965);
#14088=AXIS2_PLACEMENT_3D('',#20771,#16968,#16969);
#14089=AXIS2_PLACEMENT_3D('',#20777,#16973,#16974);
#14090=AXIS2_PLACEMENT_3D('',#20780,#16975,#16976);
#14091=AXIS2_PLACEMENT_3D('',#20784,#16978,#16979);
#14092=AXIS2_PLACEMENT_3D('',#20786,#16981,#16982);
#14093=AXIS2_PLACEMENT_3D('',#20792,#16986,#16987);
#14094=AXIS2_PLACEMENT_3D('',#20795,#16990,#16991);
#14095=AXIS2_PLACEMENT_3D('',#20801,#16995,#16996);
#14096=AXIS2_PLACEMENT_3D('',#20804,#16999,#17000);
#14097=AXIS2_PLACEMENT_3D('',#20810,#17004,#17005);
#14098=AXIS2_PLACEMENT_3D('',#20813,#17006,#17007);
#14099=AXIS2_PLACEMENT_3D('',#20817,#17009,#17010);
#14100=AXIS2_PLACEMENT_3D('',#20819,#17012,#17013);
#14101=AXIS2_PLACEMENT_3D('',#20825,#17017,#17018);
#14102=AXIS2_PLACEMENT_3D('',#20828,#17021,#17022);
#14103=AXIS2_PLACEMENT_3D('',#20834,#17026,#17027);
#14104=AXIS2_PLACEMENT_3D('',#20837,#17030,#17031);
#14105=AXIS2_PLACEMENT_3D('',#20843,#17035,#17036);
#14106=AXIS2_PLACEMENT_3D('',#20846,#17037,#17038);
#14107=AXIS2_PLACEMENT_3D('',#20850,#17040,#17041);
#14108=AXIS2_PLACEMENT_3D('',#20852,#17043,#17044);
#14109=AXIS2_PLACEMENT_3D('',#20858,#17048,#17049);
#14110=AXIS2_PLACEMENT_3D('',#20861,#17052,#17053);
#14111=AXIS2_PLACEMENT_3D('',#20867,#17057,#17058);
#14112=AXIS2_PLACEMENT_3D('',#20870,#17061,#17062);
#14113=AXIS2_PLACEMENT_3D('',#20876,#17066,#17067);
#14114=AXIS2_PLACEMENT_3D('',#20879,#17068,#17069);
#14115=AXIS2_PLACEMENT_3D('',#20883,#17071,#17072);
#14116=AXIS2_PLACEMENT_3D('',#20885,#17074,#17075);
#14117=AXIS2_PLACEMENT_3D('',#20891,#17079,#17080);
#14118=AXIS2_PLACEMENT_3D('',#20894,#17083,#17084);
#14119=AXIS2_PLACEMENT_3D('',#20900,#17088,#17089);
#14120=AXIS2_PLACEMENT_3D('',#20903,#17092,#17093);
#14121=AXIS2_PLACEMENT_3D('',#20909,#17097,#17098);
#14122=AXIS2_PLACEMENT_3D('',#20912,#17099,#17100);
#14123=AXIS2_PLACEMENT_3D('',#20916,#17102,#17103);
#14124=AXIS2_PLACEMENT_3D('',#20918,#17105,#17106);
#14125=AXIS2_PLACEMENT_3D('',#20924,#17110,#17111);
#14126=AXIS2_PLACEMENT_3D('',#20927,#17114,#17115);
#14127=AXIS2_PLACEMENT_3D('',#20933,#17119,#17120);
#14128=AXIS2_PLACEMENT_3D('',#20936,#17123,#17124);
#14129=AXIS2_PLACEMENT_3D('',#20942,#17128,#17129);
#14130=AXIS2_PLACEMENT_3D('',#20945,#17130,#17131);
#14131=AXIS2_PLACEMENT_3D('',#20949,#17133,#17134);
#14132=AXIS2_PLACEMENT_3D('',#20951,#17136,#17137);
#14133=AXIS2_PLACEMENT_3D('',#20957,#17141,#17142);
#14134=AXIS2_PLACEMENT_3D('',#20960,#17145,#17146);
#14135=AXIS2_PLACEMENT_3D('',#20966,#17150,#17151);
#14136=AXIS2_PLACEMENT_3D('',#20969,#17154,#17155);
#14137=AXIS2_PLACEMENT_3D('',#20975,#17159,#17160);
#14138=AXIS2_PLACEMENT_3D('',#20978,#17161,#17162);
#14139=AXIS2_PLACEMENT_3D('',#20982,#17164,#17165);
#14140=AXIS2_PLACEMENT_3D('',#20984,#17167,#17168);
#14141=AXIS2_PLACEMENT_3D('',#20990,#17172,#17173);
#14142=AXIS2_PLACEMENT_3D('',#20993,#17176,#17177);
#14143=AXIS2_PLACEMENT_3D('',#20999,#17181,#17182);
#14144=AXIS2_PLACEMENT_3D('',#21002,#17185,#17186);
#14145=AXIS2_PLACEMENT_3D('',#21008,#17190,#17191);
#14146=AXIS2_PLACEMENT_3D('',#21011,#17192,#17193);
#14147=AXIS2_PLACEMENT_3D('',#21015,#17195,#17196);
#14148=AXIS2_PLACEMENT_3D('',#21017,#17198,#17199);
#14149=AXIS2_PLACEMENT_3D('',#21023,#17203,#17204);
#14150=AXIS2_PLACEMENT_3D('',#21026,#17207,#17208);
#14151=AXIS2_PLACEMENT_3D('',#21032,#17212,#17213);
#14152=AXIS2_PLACEMENT_3D('',#21035,#17216,#17217);
#14153=AXIS2_PLACEMENT_3D('',#21041,#17221,#17222);
#14154=AXIS2_PLACEMENT_3D('',#21044,#17223,#17224);
#14155=AXIS2_PLACEMENT_3D('',#21048,#17226,#17227);
#14156=AXIS2_PLACEMENT_3D('',#21050,#17229,#17230);
#14157=AXIS2_PLACEMENT_3D('',#21056,#17234,#17235);
#14158=AXIS2_PLACEMENT_3D('',#21059,#17238,#17239);
#14159=AXIS2_PLACEMENT_3D('',#21065,#17243,#17244);
#14160=AXIS2_PLACEMENT_3D('',#21068,#17247,#17248);
#14161=AXIS2_PLACEMENT_3D('',#21074,#17252,#17253);
#14162=AXIS2_PLACEMENT_3D('',#21077,#17254,#17255);
#14163=AXIS2_PLACEMENT_3D('',#21081,#17257,#17258);
#14164=AXIS2_PLACEMENT_3D('',#21083,#17260,#17261);
#14165=AXIS2_PLACEMENT_3D('',#21089,#17265,#17266);
#14166=AXIS2_PLACEMENT_3D('',#21092,#17269,#17270);
#14167=AXIS2_PLACEMENT_3D('',#21098,#17274,#17275);
#14168=AXIS2_PLACEMENT_3D('',#21101,#17278,#17279);
#14169=AXIS2_PLACEMENT_3D('',#21107,#17283,#17284);
#14170=AXIS2_PLACEMENT_3D('',#21110,#17285,#17286);
#14171=AXIS2_PLACEMENT_3D('',#21114,#17288,#17289);
#14172=AXIS2_PLACEMENT_3D('',#21116,#17291,#17292);
#14173=AXIS2_PLACEMENT_3D('',#21122,#17296,#17297);
#14174=AXIS2_PLACEMENT_3D('',#21125,#17300,#17301);
#14175=AXIS2_PLACEMENT_3D('',#21131,#17305,#17306);
#14176=AXIS2_PLACEMENT_3D('',#21134,#17309,#17310);
#14177=AXIS2_PLACEMENT_3D('',#21140,#17314,#17315);
#14178=AXIS2_PLACEMENT_3D('',#21143,#17316,#17317);
#14179=AXIS2_PLACEMENT_3D('',#21147,#17319,#17320);
#14180=AXIS2_PLACEMENT_3D('',#21149,#17322,#17323);
#14181=AXIS2_PLACEMENT_3D('',#21155,#17327,#17328);
#14182=AXIS2_PLACEMENT_3D('',#21158,#17331,#17332);
#14183=AXIS2_PLACEMENT_3D('',#21164,#17336,#17337);
#14184=AXIS2_PLACEMENT_3D('',#21167,#17340,#17341);
#14185=AXIS2_PLACEMENT_3D('',#21173,#17345,#17346);
#14186=AXIS2_PLACEMENT_3D('',#21176,#17347,#17348);
#14187=AXIS2_PLACEMENT_3D('',#21180,#17350,#17351);
#14188=AXIS2_PLACEMENT_3D('',#21182,#17353,#17354);
#14189=AXIS2_PLACEMENT_3D('',#21188,#17358,#17359);
#14190=AXIS2_PLACEMENT_3D('',#21191,#17362,#17363);
#14191=AXIS2_PLACEMENT_3D('',#21197,#17367,#17368);
#14192=AXIS2_PLACEMENT_3D('',#21200,#17371,#17372);
#14193=AXIS2_PLACEMENT_3D('',#21206,#17376,#17377);
#14194=AXIS2_PLACEMENT_3D('',#21209,#17380,#17381);
#14195=AXIS2_PLACEMENT_3D('',#21212,#17384,#17385);
#14196=AXIS2_PLACEMENT_3D('',#21215,#17388,#17389);
#14197=AXIS2_PLACEMENT_3D('',#21218,#17392,#17393);
#14198=AXIS2_PLACEMENT_3D('',#21221,#17396,#17397);
#14199=AXIS2_PLACEMENT_3D('',#21224,#17400,#17401);
#14200=AXIS2_PLACEMENT_3D('',#21227,#17404,#17405);
#14201=AXIS2_PLACEMENT_3D('',#21230,#17408,#17409);
#14202=AXIS2_PLACEMENT_3D('',#21233,#17412,#17413);
#14203=AXIS2_PLACEMENT_3D('',#21236,#17416,#17417);
#14204=AXIS2_PLACEMENT_3D('',#21239,#17420,#17421);
#14205=AXIS2_PLACEMENT_3D('',#21242,#17424,#17425);
#14206=AXIS2_PLACEMENT_3D('',#21245,#17428,#17429);
#14207=AXIS2_PLACEMENT_3D('',#21248,#17432,#17433);
#14208=AXIS2_PLACEMENT_3D('',#21251,#17436,#17437);
#14209=AXIS2_PLACEMENT_3D('',#21254,#17440,#17441);
#14210=AXIS2_PLACEMENT_3D('',#21257,#17444,#17445);
#14211=AXIS2_PLACEMENT_3D('',#21260,#17448,#17449);
#14212=AXIS2_PLACEMENT_3D('',#21263,#17452,#17453);
#14213=AXIS2_PLACEMENT_3D('',#21266,#17456,#17457);
#14214=AXIS2_PLACEMENT_3D('',#21269,#17460,#17461);
#14215=AXIS2_PLACEMENT_3D('',#21272,#17464,#17465);
#14216=AXIS2_PLACEMENT_3D('',#21275,#17468,#17469);
#14217=AXIS2_PLACEMENT_3D('',#21278,#17472,#17473);
#14218=AXIS2_PLACEMENT_3D('',#21281,#17476,#17477);
#14219=AXIS2_PLACEMENT_3D('',#21282,#17478,#17479);
#14220=AXIS2_PLACEMENT_3D('',#21283,#17480,#17481);
#14221=AXIS2_PLACEMENT_3D('',#21284,#17482,#17483);
#14222=AXIS2_PLACEMENT_3D('',#21285,#17484,#17485);
#14223=AXIS2_PLACEMENT_3D('',#21286,#17486,#17487);
#14224=AXIS2_PLACEMENT_3D('',#21289,#17488,#17489);
#14225=AXIS2_PLACEMENT_3D('',#21323,#17493,#17494);
#14226=AXIS2_PLACEMENT_3D('',#21343,#17498,#17499);
#14227=AXIS2_PLACEMENT_3D('',#21376,#17502,#17503);
#14228=AXIS2_PLACEMENT_3D('',#21398,#17507,#17508);
#14229=AXIS2_PLACEMENT_3D('',#21400,#17510,#17511);
#14230=AXIS2_PLACEMENT_3D('',#21411,#17516,#17517);
#14231=AXIS2_PLACEMENT_3D('',#21415,#17519,#17520);
#14232=AXIS2_PLACEMENT_3D('',#21421,#17523,#17524);
#14233=AXIS2_PLACEMENT_3D('',#21424,#17526,#17527);
#14234=AXIS2_PLACEMENT_3D('',#21427,#17528,#17529);
#14235=AXIS2_PLACEMENT_3D('',#21431,#17531,#17532);
#14236=AXIS2_PLACEMENT_3D('',#21435,#17534,#17535);
#14237=AXIS2_PLACEMENT_3D('',#21439,#17537,#17538);
#14238=AXIS2_PLACEMENT_3D('',#21443,#17540,#17541);
#14239=AXIS2_PLACEMENT_3D('',#21447,#17543,#17544);
#14240=AXIS2_PLACEMENT_3D('',#21451,#17546,#17547);
#14241=AXIS2_PLACEMENT_3D('',#21455,#17549,#17550);
#14242=AXIS2_PLACEMENT_3D('',#21461,#17553,#17554);
#14243=AXIS2_PLACEMENT_3D('',#21464,#17556,#17557);
#14244=AXIS2_PLACEMENT_3D('',#21469,#17559,#17560);
#14245=AXIS2_PLACEMENT_3D('',#21472,#17562,#17563);
#14246=AXIS2_PLACEMENT_3D('',#21477,#17565,#17566);
#14247=AXIS2_PLACEMENT_3D('',#21480,#17568,#17569);
#14248=AXIS2_PLACEMENT_3D('',#21485,#17571,#17572);
#14249=AXIS2_PLACEMENT_3D('',#21488,#17574,#17575);
#14250=AXIS2_PLACEMENT_3D('',#21493,#17577,#17578);
#14251=AXIS2_PLACEMENT_3D('',#21496,#17580,#17581);
#14252=AXIS2_PLACEMENT_3D('',#21499,#17582,#17583);
#14253=AXIS2_PLACEMENT_3D('',#21503,#17585,#17586);
#14254=AXIS2_PLACEMENT_3D('',#21509,#17589,#17590);
#14255=AXIS2_PLACEMENT_3D('',#21512,#17592,#17593);
#14256=AXIS2_PLACEMENT_3D('',#21517,#17595,#17596);
#14257=AXIS2_PLACEMENT_3D('',#21520,#17598,#17599);
#14258=AXIS2_PLACEMENT_3D('',#21521,#17600,#17601);
#14259=AXIS2_PLACEMENT_3D('',#21526,#17603,#17604);
#14260=AXIS2_PLACEMENT_3D('',#21530,#17606,#17607);
#14261=AXIS2_PLACEMENT_3D('',#21538,#17611,#17612);
#14262=AXIS2_PLACEMENT_3D('',#21542,#17614,#17615);
#14263=AXIS2_PLACEMENT_3D('',#21546,#17617,#17618);
#14264=AXIS2_PLACEMENT_3D('',#21550,#17620,#17621);
#14265=AXIS2_PLACEMENT_3D('',#21558,#17625,#17626);
#14266=AXIS2_PLACEMENT_3D('',#21561,#17628,#17629);
#14267=AXIS2_PLACEMENT_3D('',#21564,#17630,#17631);
#14268=AXIS2_PLACEMENT_3D('',#21568,#17633,#17634);
#14269=AXIS2_PLACEMENT_3D('',#21574,#17637,#17638);
#14270=AXIS2_PLACEMENT_3D('',#21577,#17640,#17641);
#14271=AXIS2_PLACEMENT_3D('',#21580,#17642,#17643);
#14272=AXIS2_PLACEMENT_3D('',#21584,#17645,#17646);
#14273=AXIS2_PLACEMENT_3D('',#21590,#17649,#17650);
#14274=AXIS2_PLACEMENT_3D('',#21593,#17652,#17653);
#14275=AXIS2_PLACEMENT_3D('',#21598,#17655,#17656);
#14276=AXIS2_PLACEMENT_3D('',#21601,#17658,#17659);
#14277=AXIS2_PLACEMENT_3D('',#21606,#17661,#17662);
#14278=AXIS2_PLACEMENT_3D('',#21609,#17664,#17665);
#14279=AXIS2_PLACEMENT_3D('',#21612,#17666,#17667);
#14280=AXIS2_PLACEMENT_3D('',#21616,#17669,#17670);
#14281=AXIS2_PLACEMENT_3D('',#21622,#17673,#17674);
#14282=AXIS2_PLACEMENT_3D('',#21625,#17676,#17677);
#14283=AXIS2_PLACEMENT_3D('',#21630,#17679,#17680);
#14284=AXIS2_PLACEMENT_3D('',#21633,#17682,#17683);
#14285=AXIS2_PLACEMENT_3D('',#21638,#17685,#17686);
#14286=AXIS2_PLACEMENT_3D('',#21641,#17688,#17689);
#14287=AXIS2_PLACEMENT_3D('',#21642,#17690,#17691);
#14288=AXIS2_PLACEMENT_3D('',#21653,#17694,#17695);
#14289=AXIS2_PLACEMENT_3D('',#21725,#17698,#17699);
#14290=AXIS2_PLACEMENT_3D('',#21746,#17703,#17704);
#14291=AXIS2_PLACEMENT_3D('',#21750,#17706,#17707);
#14292=AXIS2_PLACEMENT_3D('',#21751,#17708,#17709);
#14293=AXIS2_PLACEMENT_3D('',#21752,#17710,#17711);
#14294=AXIS2_PLACEMENT_3D('',#21756,#17713,#17714);
#14295=AXIS2_PLACEMENT_3D('',#21758,#17716,#17717);
#14296=AXIS2_PLACEMENT_3D('',#21764,#17721,#17722);
#14297=AXIS2_PLACEMENT_3D('',#21770,#17726,#17727);
#14298=AXIS2_PLACEMENT_3D('',#21775,#17729,#17730);
#14299=AXIS2_PLACEMENT_3D('',#21778,#17732,#17733);
#14300=AXIS2_PLACEMENT_3D('',#21780,#17734,#17735);
#14301=AXIS2_PLACEMENT_3D('',#21783,#17737,#17738);
#14302=AXIS2_PLACEMENT_3D('',#21789,#17742,#17743);
#14303=AXIS2_PLACEMENT_3D('',#21794,#17745,#17746);
#14304=AXIS2_PLACEMENT_3D('',#21798,#17748,#17749);
#14305=AXIS2_PLACEMENT_3D('',#21802,#17751,#17752);
#14306=AXIS2_PLACEMENT_3D('',#21806,#17754,#17755);
#14307=AXIS2_PLACEMENT_3D('',#21814,#17760,#17761);
#14308=AXIS2_PLACEMENT_3D('',#21820,#17765,#17766);
#14309=AXIS2_PLACEMENT_3D('',#21826,#17770,#17771);
#14310=AXIS2_PLACEMENT_3D('',#21830,#17773,#17774);
#14311=AXIS2_PLACEMENT_3D('',#21832,#17776,#17777);
#14312=AXIS2_PLACEMENT_3D('',#21834,#17778,#17779);
#14313=AXIS2_PLACEMENT_3D('',#21837,#17781,#17782);
#14314=AXIS2_PLACEMENT_3D('',#21838,#17783,#17784);
#14315=AXIS2_PLACEMENT_3D('',#21910,#17787,#17788);
#14316=AXIS2_PLACEMENT_3D('',#21935,#17792,#17793);
#14317=AXIS2_PLACEMENT_3D('',#21936,#17794,#17795);
#14318=AXIS2_PLACEMENT_3D('',#21945,#17800,#17801);
#14319=AXIS2_PLACEMENT_3D('',#21946,#17802,#17803);
#14320=AXIS2_PLACEMENT_3D('',#21948,#17805,#17806);
#14321=AXIS2_PLACEMENT_3D('',#21952,#17808,#17809);
#14322=AXIS2_PLACEMENT_3D('',#21954,#17811,#17812);
#14323=AXIS2_PLACEMENT_3D('',#21955,#17813,#17814);
#14324=AXIS2_PLACEMENT_3D('',#21957,#17815,#17816);
#14325=AXIS2_PLACEMENT_3D('',#21961,#17819,#17820);
#14326=AXIS2_PLACEMENT_3D('',#21967,#17824,#17825);
#14327=AXIS2_PLACEMENT_3D('',#21976,#17830,#17831);
#14328=AXIS2_PLACEMENT_3D('',#21985,#17836,#17837);
#14329=AXIS2_PLACEMENT_3D('',#21987,#17838,#17839);
#14330=AXIS2_PLACEMENT_3D('',#21991,#17842,#17843);
#14331=AXIS2_PLACEMENT_3D('',#21994,#17846,#17847);
#14332=AXIS2_PLACEMENT_3D('',#22000,#17851,#17852);
#14333=AXIS2_PLACEMENT_3D('',#22005,#17854,#17855);
#14334=AXIS2_PLACEMENT_3D('',#22008,#17857,#17858);
#14335=AXIS2_PLACEMENT_3D('',#22011,#17861,#17862);
#14336=AXIS2_PLACEMENT_3D('',#22017,#17866,#17867);
#14337=AXIS2_PLACEMENT_3D('',#22018,#17868,#17869);
#14338=AXIS2_PLACEMENT_3D('',#22020,#17871,#17872);
#14339=AXIS2_PLACEMENT_3D('',#22022,#17873,#17874);
#14340=AXIS2_PLACEMENT_3D('',#22025,#17876,#17877);
#14341=AXIS2_PLACEMENT_3D('',#22027,#17879,#17880);
#14342=AXIS2_PLACEMENT_3D('',#22031,#17882,#17883);
#14343=AXIS2_PLACEMENT_3D('',#22033,#17885,#17886);
#14344=AXIS2_PLACEMENT_3D('',#22039,#17890,#17891);
#14345=AXIS2_PLACEMENT_3D('',#22043,#17893,#17894);
#14346=AXIS2_PLACEMENT_3D('',#22049,#17898,#17899);
#14347=AXIS2_PLACEMENT_3D('',#22050,#17900,#17901);
#14348=AXIS2_PLACEMENT_3D('',#22053,#17904,#17905);
#14349=AXIS2_PLACEMENT_3D('',#22059,#17909,#17910);
#14350=AXIS2_PLACEMENT_3D('',#22060,#17911,#17912);
#14351=AXIS2_PLACEMENT_3D('',#22062,#17914,#17915);
#14352=AXIS2_PLACEMENT_3D('',#22075,#17921,#17922);
#14353=AXIS2_PLACEMENT_3D('',#22079,#17924,#17925);
#14354=AXIS2_PLACEMENT_3D('',#22083,#17927,#17928);
#14355=AXIS2_PLACEMENT_3D('',#22086,#17930,#17931);
#14356=AXIS2_PLACEMENT_3D('',#22087,#17932,#17933);
#14357=AXIS2_PLACEMENT_3D('',#22088,#17934,#17935);
#14358=AXIS2_PLACEMENT_3D('',#22089,#17936,#17937);
#14359=AXIS2_PLACEMENT_3D('',#22090,#17938,#17939);
#14360=AXIS2_PLACEMENT_3D('',#22091,#17940,#17941);
#14361=AXIS2_PLACEMENT_3D('',#22092,#17942,#17943);
#14362=AXIS2_PLACEMENT_3D('',#22093,#17944,#17945);
#14363=AXIS2_PLACEMENT_3D('',#22094,#17946,#17947);
#14364=AXIS2_PLACEMENT_3D('',#22095,#17948,#17949);
#14365=AXIS2_PLACEMENT_3D('',#22096,#17950,#17951);
#14366=AXIS2_PLACEMENT_3D('',#22097,#17952,#17953);
#14367=AXIS2_PLACEMENT_3D('',#22098,#17954,#17955);
#14368=AXIS2_PLACEMENT_3D('',#22099,#17956,#17957);
#14369=AXIS2_PLACEMENT_3D('',#22100,#17958,#17959);
#14370=AXIS2_PLACEMENT_3D('',#22101,#17960,#17961);
#14371=AXIS2_PLACEMENT_3D('',#22112,#17968,#17969);
#14372=AXIS2_PLACEMENT_3D('',#22118,#17973,#17974);
#14373=AXIS2_PLACEMENT_3D('',#22129,#17981,#17982);
#14374=AXIS2_PLACEMENT_3D('',#22135,#17986,#17987);
#14375=AXIS2_PLACEMENT_3D('',#22138,#17990,#17991);
#14376=AXIS2_PLACEMENT_3D('',#22141,#17994,#17995);
#14377=AXIS2_PLACEMENT_3D('',#22142,#17996,#17997);
#14378=AXIS2_PLACEMENT_3D('',#22143,#17998,#17999);
#14379=AXIS2_PLACEMENT_3D('',#22144,#18000,#18001);
#14380=AXIS2_PLACEMENT_3D('',#22145,#18002,#18003);
#14381=AXIS2_PLACEMENT_3D('',#22146,#18004,#18005);
#14382=AXIS2_PLACEMENT_3D('',#22147,#18006,#18007);
#14383=AXIS2_PLACEMENT_3D('',#22148,#18008,#18009);
#14384=AXIS2_PLACEMENT_3D('',#22149,#18010,#18011);
#14385=AXIS2_PLACEMENT_3D('',#22150,#18012,#18013);
#14386=AXIS2_PLACEMENT_3D('',#22151,#18014,#18015);
#14387=AXIS2_PLACEMENT_3D('',#22152,#18016,#18017);
#14388=AXIS2_PLACEMENT_3D('',#22153,#18018,#18019);
#14389=AXIS2_PLACEMENT_3D('',#22156,#18022,#18023);
#14390=AXIS2_PLACEMENT_3D('',#22159,#18026,#18027);
#14391=AXIS2_PLACEMENT_3D('',#22162,#18030,#18031);
#14392=AXIS2_PLACEMENT_3D('',#22165,#18034,#18035);
#14393=AXIS2_PLACEMENT_3D('',#22168,#18038,#18039);
#14394=AXIS2_PLACEMENT_3D('',#22171,#18042,#18043);
#14395=AXIS2_PLACEMENT_3D('',#22174,#18046,#18047);
#14396=AXIS2_PLACEMENT_3D('',#22177,#18050,#18051);
#14397=AXIS2_PLACEMENT_3D('',#22180,#18054,#18055);
#14398=AXIS2_PLACEMENT_3D('',#22183,#18058,#18059);
#14399=AXIS2_PLACEMENT_3D('',#22186,#18062,#18063);
#14400=AXIS2_PLACEMENT_3D('',#22189,#18066,#18067);
#14401=AXIS2_PLACEMENT_3D('',#22192,#18070,#18071);
#14402=AXIS2_PLACEMENT_3D('',#22195,#18074,#18075);
#14403=AXIS2_PLACEMENT_3D('',#22198,#18078,#18079);
#14404=AXIS2_PLACEMENT_3D('',#22201,#18082,#18083);
#14405=AXIS2_PLACEMENT_3D('',#22204,#18086,#18087);
#14406=AXIS2_PLACEMENT_3D('',#22207,#18090,#18091);
#14407=AXIS2_PLACEMENT_3D('',#22210,#18094,#18095);
#14408=AXIS2_PLACEMENT_3D('',#22213,#18098,#18099);
#14409=AXIS2_PLACEMENT_3D('',#22216,#18102,#18103);
#14410=AXIS2_PLACEMENT_3D('',#22219,#18106,#18107);
#14411=AXIS2_PLACEMENT_3D('',#22222,#18110,#18111);
#14412=AXIS2_PLACEMENT_3D('',#22225,#18114,#18115);
#14413=AXIS2_PLACEMENT_3D('',#22228,#18118,#18119);
#14414=AXIS2_PLACEMENT_3D('',#22231,#18122,#18123);
#14415=AXIS2_PLACEMENT_3D('',#22234,#18126,#18127);
#14416=AXIS2_PLACEMENT_3D('',#22237,#18130,#18131);
#14417=AXIS2_PLACEMENT_3D('',#22240,#18134,#18135);
#14418=AXIS2_PLACEMENT_3D('',#22243,#18138,#18139);
#14419=AXIS2_PLACEMENT_3D('',#22246,#18142,#18143);
#14420=AXIS2_PLACEMENT_3D('',#22249,#18146,#18147);
#14421=AXIS2_PLACEMENT_3D('',#22250,#18148,#18149);
#14422=AXIS2_PLACEMENT_3D('',#22251,#18150,#18151);
#14423=AXIS2_PLACEMENT_3D('',#22252,#18152,#18153);
#14424=AXIS2_PLACEMENT_3D('',#22253,#18154,#18155);
#14425=AXIS2_PLACEMENT_3D('',#22254,#18156,#18157);
#14426=AXIS2_PLACEMENT_3D('',#22255,#18158,#18159);
#14427=AXIS2_PLACEMENT_3D('',#22256,#18160,#18161);
#14428=AXIS2_PLACEMENT_3D('',#22257,#18162,#18163);
#14429=AXIS2_PLACEMENT_3D('',#22258,#18164,#18165);
#14430=AXIS2_PLACEMENT_3D('',#22259,#18166,#18167);
#14431=AXIS2_PLACEMENT_3D('',#22260,#18168,#18169);
#14432=AXIS2_PLACEMENT_3D('',#22261,#18170,#18171);
#14433=AXIS2_PLACEMENT_3D('',#22262,#18172,#18173);
#14434=AXIS2_PLACEMENT_3D('',#22263,#18174,#18175);
#14435=AXIS2_PLACEMENT_3D('',#22264,#18176,#18177);
#14436=AXIS2_PLACEMENT_3D('',#22265,#18178,#18179);
#14437=AXIS2_PLACEMENT_3D('',#22266,#18180,#18181);
#14438=AXIS2_PLACEMENT_3D('',#22267,#18182,#18183);
#14439=AXIS2_PLACEMENT_3D('',#22268,#18184,#18185);
#14440=AXIS2_PLACEMENT_3D('',#22269,#18186,#18187);
#14441=AXIS2_PLACEMENT_3D('',#22270,#18188,#18189);
#14442=AXIS2_PLACEMENT_3D('',#22271,#18190,#18191);
#14443=AXIS2_PLACEMENT_3D('',#22272,#18192,#18193);
#14444=AXIS2_PLACEMENT_3D('',#22273,#18194,#18195);
#14445=AXIS2_PLACEMENT_3D('',#22274,#18196,#18197);
#14446=AXIS2_PLACEMENT_3D('',#22275,#18198,#18199);
#14447=AXIS2_PLACEMENT_3D('',#22276,#18200,#18201);
#14448=AXIS2_PLACEMENT_3D('',#22277,#18202,#18203);
#14449=AXIS2_PLACEMENT_3D('',#22278,#18204,#18205);
#14450=AXIS2_PLACEMENT_3D('',#22279,#18206,#18207);
#14451=AXIS2_PLACEMENT_3D('',#22280,#18208,#18209);
#14452=AXIS2_PLACEMENT_3D('',#22281,#18210,#18211);
#14453=AXIS2_PLACEMENT_3D('',#22282,#18212,#18213);
#14454=AXIS2_PLACEMENT_3D('',#22283,#18214,#18215);
#14455=AXIS2_PLACEMENT_3D('',#22284,#18216,#18217);
#14456=AXIS2_PLACEMENT_3D('',#22285,#18218,#18219);
#14457=AXIS2_PLACEMENT_3D('',#22287,#18220,#18221);
#14458=AXIS2_PLACEMENT_3D('',#22290,#18223,#18224);
#14459=AXIS2_PLACEMENT_3D('',#22291,#18225,#18226);
#14460=AXIS2_PLACEMENT_3D('',#22293,#18228,#18229);
#14461=AXIS2_PLACEMENT_3D('',#22295,#18231,#18232);
#14462=AXIS2_PLACEMENT_3D('',#22296,#18233,#18234);
#14463=AXIS2_PLACEMENT_3D('',#22298,#18235,#18236);
#14464=AXIS2_PLACEMENT_3D('',#22301,#18238,#18239);
#14465=AXIS2_PLACEMENT_3D('',#22302,#18240,#18241);
#14466=AXIS2_PLACEMENT_3D('',#22304,#18243,#18244);
#14467=AXIS2_PLACEMENT_3D('',#22306,#18246,#18247);
#14468=AXIS2_PLACEMENT_3D('',#22307,#18248,#18249);
#14469=AXIS2_PLACEMENT_3D('',#22308,#18250,#18251);
#14470=AXIS2_PLACEMENT_3D('',#22309,#18252,#18253);
#14471=DIRECTION('axis',(0.,0.,1.));
#14472=DIRECTION('refdir',(1.,0.,0.));
#14473=DIRECTION('axis',(0.,0.,1.));
#14474=DIRECTION('refdir',(1.,0.,0.));
#14475=DIRECTION('center_axis',(0.,0.,1.));
#14476=DIRECTION('ref_axis',(1.,0.,0.));
#14477=DIRECTION('center_axis',(-3.48787155701246E-14,-0.707106781186534,
-0.707106781186561));
#14478=DIRECTION('ref_axis',(1.4867057666191E-13,0.707106781186561,-0.707106781186534));
#14479=DIRECTION('',(0.,0.,-1.));
#14480=DIRECTION('center_axis',(0.,0.,1.));
#14481=DIRECTION('ref_axis',(-1.,0.,0.));
#14482=DIRECTION('',(0.,0.,1.));
#14483=DIRECTION('center_axis',(0.,0.,1.));
#14484=DIRECTION('ref_axis',(1.,0.,0.));
#14485=DIRECTION('center_axis',(0.,0.,1.));
#14486=DIRECTION('ref_axis',(1.,0.,0.));
#14487=DIRECTION('center_axis',(0.,0.,1.));
#14488=DIRECTION('ref_axis',(1.,0.,0.));
#14489=DIRECTION('',(-0.707106781186549,-8.65956056235495E-17,0.707106781186546));
#14490=DIRECTION('center_axis',(0.,0.,-1.));
#14491=DIRECTION('ref_axis',(1.,0.,0.));
#14492=DIRECTION('center_axis',(0.,0.,1.));
#14493=DIRECTION('ref_axis',(1.,0.,0.));
#14494=DIRECTION('center_axis',(0.,0.,1.));
#14495=DIRECTION('ref_axis',(1.,0.,0.));
#14496=DIRECTION('center_axis',(0.,0.,1.));
#14497=DIRECTION('ref_axis',(1.,0.,0.));
#14498=DIRECTION('',(-0.707106781186549,-8.65956056235495E-17,0.707106781186546));
#14499=DIRECTION('center_axis',(0.,0.,-1.));
#14500=DIRECTION('ref_axis',(1.,0.,0.));
#14501=DIRECTION('center_axis',(0.,0.,1.));
#14502=DIRECTION('ref_axis',(1.,0.,0.));
#14503=DIRECTION('center_axis',(0.,0.,1.));
#14504=DIRECTION('ref_axis',(1.,0.,0.));
#14505=DIRECTION('center_axis',(0.,0.,1.));
#14506=DIRECTION('ref_axis',(1.,0.,0.));
#14507=DIRECTION('',(-0.707106781186549,-8.65956056235495E-17,0.707106781186546));
#14508=DIRECTION('center_axis',(0.,0.,-1.));
#14509=DIRECTION('ref_axis',(1.,0.,0.));
#14510=DIRECTION('center_axis',(8.55817833056555E-5,-0.707266582939365,
-0.706946938131168));
#14511=DIRECTION('ref_axis',(0.00625937950219099,0.706933470428073,-0.707252351397129));
#14512=DIRECTION('center_axis',(0.,0.,-1.));
#14513=DIRECTION('ref_axis',(1.,0.,0.));
#14514=DIRECTION('center_axis',(0.,0.,1.));
#14515=DIRECTION('ref_axis',(1.,0.,0.));
#14516=DIRECTION('center_axis',(0.,0.,1.));
#14517=DIRECTION('ref_axis',(1.,0.,0.));
#14518=DIRECTION('center_axis',(0.,0.,1.));
#14519=DIRECTION('ref_axis',(1.,0.,0.));
#14520=DIRECTION('',(-0.707106781186551,-8.65956056235497E-17,0.707106781186544));
#14521=DIRECTION('center_axis',(0.,0.,-1.));
#14522=DIRECTION('ref_axis',(1.,0.,0.));
#14523=DIRECTION('center_axis',(8.84719988401073E-5,0.707271540406913,-0.706941978031534));
#14524=DIRECTION('ref_axis',(-0.00635400857630104,0.706928107413584,0.707256868134668));
#14525=DIRECTION('center_axis',(0.,0.,-1.));
#14526=DIRECTION('ref_axis',(1.,0.,0.));
#14527=DIRECTION('center_axis',(0.,0.,1.));
#14528=DIRECTION('ref_axis',(1.,0.,0.));
#14529=DIRECTION('center_axis',(0.,0.,-1.));
#14530=DIRECTION('ref_axis',(-1.,0.,0.));
#14531=DIRECTION('',(0.,0.,-1.));
#14532=DIRECTION('center_axis',(0.,0.,-1.));
#14533=DIRECTION('ref_axis',(-1.,0.,0.));
#14534=DIRECTION('center_axis',(0.,0.,1.));
#14535=DIRECTION('ref_axis',(1.,0.,0.));
#14536=DIRECTION('center_axis',(0.,0.,-1.));
#14537=DIRECTION('ref_axis',(-1.,0.,0.));
#14538=DIRECTION('',(0.,0.,1.));
#14539=DIRECTION('center_axis',(0.,0.,-1.));
#14540=DIRECTION('ref_axis',(-1.,0.,0.));
#14541=DIRECTION('center_axis',(0.,0.,-1.));
#14542=DIRECTION('ref_axis',(-1.,0.,0.));
#14543=DIRECTION('',(0.,0.,-1.));
#14544=DIRECTION('center_axis',(0.,0.,1.));
#14545=DIRECTION('ref_axis',(-1.,0.,0.));
#14546=DIRECTION('center_axis',(0.,0.,-1.));
#14547=DIRECTION('ref_axis',(-1.,0.,0.));
#14548=DIRECTION('',(0.,0.,-1.));
#14549=DIRECTION('center_axis',(0.,0.,1.));
#14550=DIRECTION('ref_axis',(-1.,0.,0.));
#14551=DIRECTION('center_axis',(0.,0.,-1.));
#14552=DIRECTION('ref_axis',(-1.,0.,0.));
#14553=DIRECTION('',(0.,0.,-1.));
#14554=DIRECTION('center_axis',(0.,0.,1.));
#14555=DIRECTION('ref_axis',(-1.,0.,0.));
#14556=DIRECTION('center_axis',(0.,0.,-1.));
#14557=DIRECTION('ref_axis',(-1.,0.,0.));
#14558=DIRECTION('',(0.,0.,-1.));
#14559=DIRECTION('center_axis',(0.,0.,1.));
#14560=DIRECTION('ref_axis',(-1.,0.,0.));
#14561=DIRECTION('center_axis',(0.,0.,-1.));
#14562=DIRECTION('ref_axis',(-1.,0.,0.));
#14563=DIRECTION('',(0.,-1.,0.));
#14564=DIRECTION('center_axis',(0.,0.,-1.));
#14565=DIRECTION('ref_axis',(-1.,0.,0.));
#14566=DIRECTION('',(-1.,0.,0.));
#14567=DIRECTION('center_axis',(0.,0.,-1.));
#14568=DIRECTION('ref_axis',(-1.,0.,0.));
#14569=DIRECTION('',(0.,1.,0.));
#14570=DIRECTION('center_axis',(0.,0.,-1.));
#14571=DIRECTION('ref_axis',(-1.,0.,0.));
#14572=DIRECTION('',(1.,0.,0.));
#14573=DIRECTION('center_axis',(0.,0.,-1.));
#14574=DIRECTION('ref_axis',(-1.,0.,0.));
#14575=DIRECTION('',(0.,-1.,0.));
#14576=DIRECTION('center_axis',(0.,0.,1.));
#14577=DIRECTION('ref_axis',(-1.,0.,0.));
#14578=DIRECTION('',(-1.,0.,0.));
#14579=DIRECTION('',(0.00999921843840439,-0.999950006565639,0.));
#14580=DIRECTION('',(-1.,0.,0.));
#14581=DIRECTION('',(0.,-1.,0.));
#14582=DIRECTION('center_axis',(0.,0.,1.));
#14583=DIRECTION('ref_axis',(-1.,0.,0.));
#14584=DIRECTION('',(-1.,0.,0.));
#14585=DIRECTION('center_axis',(0.,0.,1.));
#14586=DIRECTION('ref_axis',(-1.,0.,0.));
#14587=DIRECTION('',(0.,-1.,0.));
#14588=DIRECTION('center_axis',(0.,0.,1.));
#14589=DIRECTION('ref_axis',(-1.,0.,0.));
#14590=DIRECTION('',(-1.,0.,0.));
#14591=DIRECTION('center_axis',(0.,0.,1.));
#14592=DIRECTION('ref_axis',(-1.,0.,0.));
#14593=DIRECTION('',(1.,0.,0.));
#14594=DIRECTION('center_axis',(0.,0.,1.));
#14595=DIRECTION('ref_axis',(-1.,0.,0.));
#14596=DIRECTION('',(1.88556899562697E-16,1.,0.));
#14597=DIRECTION('center_axis',(0.,0.,1.));
#14598=DIRECTION('ref_axis',(-1.,0.,0.));
#14599=DIRECTION('',(-1.,0.,0.));
#14600=DIRECTION('center_axis',(0.,0.,1.));
#14601=DIRECTION('ref_axis',(-1.,0.,0.));
#14602=DIRECTION('',(-1.88556899562697E-16,-1.,0.));
#14603=DIRECTION('center_axis',(0.,0.,1.));
#14604=DIRECTION('ref_axis',(-1.,0.,0.));
#14605=DIRECTION('center_axis',(0.,0.,1.));
#14606=DIRECTION('ref_axis',(-1.,0.,0.));
#14607=DIRECTION('',(0.,-1.,0.));
#14608=DIRECTION('',(-1.,0.,0.));
#14609=DIRECTION('',(0.,-1.,0.));
#14610=DIRECTION('',(1.,0.,0.));
#14611=DIRECTION('',(0.,-1.,0.));
#14612=DIRECTION('center_axis',(0.,0.,1.));
#14613=DIRECTION('ref_axis',(-1.,0.,0.));
#14614=DIRECTION('',(1.,0.,0.));
#14615=DIRECTION('center_axis',(0.,0.,1.));
#14616=DIRECTION('ref_axis',(-1.,0.,0.));
#14617=DIRECTION('',(0.,1.,0.));
#14618=DIRECTION('center_axis',(0.,0.,-1.));
#14619=DIRECTION('ref_axis',(-1.,0.,0.));
#14620=DIRECTION('center_axis',(0.,0.,1.));
#14621=DIRECTION('ref_axis',(-1.,0.,0.));
#14622=DIRECTION('',(0.,1.,0.));
#14623=DIRECTION('center_axis',(0.,0.,-1.));
#14624=DIRECTION('ref_axis',(-1.,0.,0.));
#14625=DIRECTION('',(1.,1.42632819135871E-14,0.));
#14626=DIRECTION('center_axis',(0.,0.,1.));
#14627=DIRECTION('ref_axis',(-1.,0.,0.));
#14628=DIRECTION('',(0.,1.,0.));
#14629=DIRECTION('center_axis',(0.,0.,1.));
#14630=DIRECTION('ref_axis',(-1.,0.,0.));
#14631=DIRECTION('',(-1.,0.,0.));
#14632=DIRECTION('center_axis',(0.,0.,-1.));
#14633=DIRECTION('ref_axis',(-1.,0.,0.));
#14634=DIRECTION('',(0.,1.,0.));
#14635=DIRECTION('center_axis',(0.,0.,1.));
#14636=DIRECTION('ref_axis',(-1.,0.,0.));
#14637=DIRECTION('center_axis',(0.,0.,-1.));
#14638=DIRECTION('ref_axis',(-1.,0.,0.));
#14639=DIRECTION('',(0.,1.,0.));
#14640=DIRECTION('center_axis',(0.,0.,1.));
#14641=DIRECTION('ref_axis',(-1.,0.,0.));
#14642=DIRECTION('',(-1.,-7.88510670898549E-16,0.));
#14643=DIRECTION('center_axis',(0.,0.,1.));
#14644=DIRECTION('ref_axis',(1.,0.,0.));
#14645=DIRECTION('center_axis',(0.,0.,1.));
#14646=DIRECTION('ref_axis',(1.,0.,0.));
#14647=DIRECTION('',(0.,1.,0.));
#14648=DIRECTION('center_axis',(0.,0.,1.));
#14649=DIRECTION('ref_axis',(1.,0.,0.));
#14650=DIRECTION('',(-1.,0.,0.));
#14651=DIRECTION('center_axis',(0.,0.,1.));
#14652=DIRECTION('ref_axis',(1.,0.,0.));
#14653=DIRECTION('',(0.,-1.,0.));
#14654=DIRECTION('center_axis',(0.,0.,1.));
#14655=DIRECTION('ref_axis',(1.,0.,0.));
#14656=DIRECTION('',(1.,0.,0.));
#14657=DIRECTION('',(1.,0.,0.));
#14658=DIRECTION('center_axis',(0.,0.,-1.));
#14659=DIRECTION('ref_axis',(1.,-2.66880534765662E-15,0.));
#14660=DIRECTION('',(0.,-1.,0.));
#14661=DIRECTION('center_axis',(0.,0.,-1.));
#14662=DIRECTION('ref_axis',(1.,0.,0.));
#14663=DIRECTION('',(-1.,-1.42632819135871E-14,0.));
#14664=DIRECTION('center_axis',(0.,0.,1.));
#14665=DIRECTION('ref_axis',(1.,0.,0.));
#14666=DIRECTION('',(0.,-1.,0.));
#14667=DIRECTION('center_axis',(0.,0.,-1.));
#14668=DIRECTION('ref_axis',(1.,0.,0.));
#14669=DIRECTION('center_axis',(0.,0.,1.));
#14670=DIRECTION('ref_axis',(1.,0.,0.));
#14671=DIRECTION('',(0.,-1.,0.));
#14672=DIRECTION('center_axis',(0.,0.,-1.));
#14673=DIRECTION('ref_axis',(1.,0.,0.));
#14674=DIRECTION('',(-1.,0.,0.));
#14675=DIRECTION('center_axis',(0.,0.,-1.));
#14676=DIRECTION('ref_axis',(1.,0.,0.));
#14677=DIRECTION('',(0.,1.,0.));
#14678=DIRECTION('center_axis',(0.,0.,-1.));
#14679=DIRECTION('ref_axis',(1.,0.,0.));
#14680=DIRECTION('',(1.,7.88510670898549E-16,0.));
#14681=DIRECTION('center_axis',(0.,0.,-1.));
#14682=DIRECTION('ref_axis',(1.,0.,0.));
#14683=DIRECTION('',(0.,-1.,0.));
#14684=DIRECTION('center_axis',(0.,0.,1.));
#14685=DIRECTION('ref_axis',(1.,0.,0.));
#14686=DIRECTION('center_axis',(0.,0.,-1.));
#14687=DIRECTION('ref_axis',(1.,0.,0.));
#14688=DIRECTION('',(0.,-1.,0.));
#14689=DIRECTION('center_axis',(0.,0.,1.));
#14690=DIRECTION('ref_axis',(1.,0.,0.));
#14691=DIRECTION('center_axis',(0.,0.,-1.));
#14692=DIRECTION('ref_axis',(1.,0.,0.));
#14693=DIRECTION('',(3.04337451925756E-16,-1.,0.));
#14694=DIRECTION('center_axis',(0.,0.,-1.));
#14695=DIRECTION('ref_axis',(1.,-8.67361737988406E-15,0.));
#14696=DIRECTION('',(-1.,0.,0.));
#14697=DIRECTION('center_axis',(0.,0.,-1.));
#14698=DIRECTION('ref_axis',(1.,0.,0.));
#14699=DIRECTION('',(-3.06715088268926E-16,1.,0.));
#14700=DIRECTION('center_axis',(0.,0.,-1.));
#14701=DIRECTION('ref_axis',(1.,0.,0.));
#14702=DIRECTION('',(1.,0.,0.));
#14703=DIRECTION('',(-1.4954512723938E-16,-1.,0.));
#14704=DIRECTION('center_axis',(0.,0.,-1.));
#14705=DIRECTION('ref_axis',(1.,0.,0.));
#14706=DIRECTION('',(2.9909025447876E-16,1.,0.));
#14707=DIRECTION('center_axis',(0.,0.,-1.));
#14708=DIRECTION('ref_axis',(1.,0.,0.));
#14709=DIRECTION('center_axis',(0.,0.,-1.));
#14710=DIRECTION('ref_axis',(-1.,0.,0.));
#14711=DIRECTION('',(-1.88556899562697E-16,-1.,0.));
#14712=DIRECTION('center_axis',(0.,0.,-1.));
#14713=DIRECTION('ref_axis',(-1.,0.,0.));
#14714=DIRECTION('',(-1.,0.,0.));
#14715=DIRECTION('center_axis',(0.,0.,-1.));
#14716=DIRECTION('ref_axis',(-1.,0.,0.));
#14717=DIRECTION('',(-1.88556899562697E-16,-1.,0.));
#14718=DIRECTION('center_axis',(0.,0.,-1.));
#14719=DIRECTION('ref_axis',(-1.,0.,0.));
#14720=DIRECTION('',(-1.,0.,0.));
#14721=DIRECTION('center_axis',(0.,0.,-1.));
#14722=DIRECTION('ref_axis',(-1.,0.,0.));
#14723=DIRECTION('center_axis',(0.,0.,-1.));
#14724=DIRECTION('ref_axis',(-1.,0.,0.));
#14725=DIRECTION('',(-2.9909025447876E-16,-1.,0.));
#14726=DIRECTION('center_axis',(0.,0.,-1.));
#14727=DIRECTION('ref_axis',(-1.,0.,0.));
#14728=DIRECTION('',(-1.4954512723938E-16,-1.,0.));
#14729=DIRECTION('center_axis',(1.,0.,0.));
#14730=DIRECTION('ref_axis',(0.,0.,-1.));
#14731=DIRECTION('',(0.,0.,-1.));
#14732=DIRECTION('',(0.,1.,0.));
#14733=DIRECTION('',(0.,0.,1.));
#14734=DIRECTION('',(0.,-1.,0.));
#14735=DIRECTION('center_axis',(0.,1.,0.));
#14736=DIRECTION('ref_axis',(0.,0.,1.));
#14737=DIRECTION('',(0.,0.,-1.));
#14738=DIRECTION('',(-1.,0.,0.));
#14739=DIRECTION('',(0.,0.,1.));
#14740=DIRECTION('',(1.,0.,0.));
#14741=DIRECTION('center_axis',(1.,0.,0.));
#14742=DIRECTION('ref_axis',(0.,0.,-1.));
#14743=DIRECTION('',(0.,0.,-1.));
#14744=DIRECTION('',(0.,-1.,0.));
#14745=DIRECTION('',(0.,0.,1.));
#14746=DIRECTION('',(0.,1.,0.));
#14747=DIRECTION('center_axis',(0.,1.,0.));
#14748=DIRECTION('ref_axis',(0.,0.,1.));
#14749=DIRECTION('',(0.,0.,-1.));
#14750=DIRECTION('',(1.,0.,0.));
#14751=DIRECTION('',(0.,0.,1.));
#14752=DIRECTION('',(-1.,0.,0.));
#14753=DIRECTION('center_axis',(0.,0.,1.));
#14754=DIRECTION('ref_axis',(1.,0.,0.));
#14755=DIRECTION('center_axis',(0.,0.,-1.));
#14756=DIRECTION('ref_axis',(1.,0.,0.));
#14757=DIRECTION('',(-1.,0.,0.));
#14758=DIRECTION('center_axis',(0.,0.,-1.));
#14759=DIRECTION('ref_axis',(1.,0.,0.));
#14760=DIRECTION('',(0.,1.,0.));
#14761=DIRECTION('center_axis',(0.,0.,-1.));
#14762=DIRECTION('ref_axis',(1.,0.,0.));
#14763=DIRECTION('',(1.,0.,0.));
#14764=DIRECTION('center_axis',(0.,0.,-1.));
#14765=DIRECTION('ref_axis',(1.,0.,0.));
#14766=DIRECTION('',(0.,-1.,0.));
#14767=DIRECTION('',(-1.,0.,0.));
#14768=DIRECTION('center_axis',(0.,0.,1.));
#14769=DIRECTION('ref_axis',(1.,0.,0.));
#14770=DIRECTION('',(0.,-1.,0.));
#14771=DIRECTION('center_axis',(0.,0.,1.));
#14772=DIRECTION('ref_axis',(1.,0.,0.));
#14773=DIRECTION('',(1.,0.,0.));
#14774=DIRECTION('center_axis',(0.,0.,1.));
#14775=DIRECTION('ref_axis',(1.,0.,0.));
#14776=DIRECTION('',(0.,1.,0.));
#14777=DIRECTION('center_axis',(0.,0.,1.));
#14778=DIRECTION('ref_axis',(1.,0.,0.));
#14779=DIRECTION('center_axis',(1.,0.,0.));
#14780=DIRECTION('ref_axis',(0.,0.,-1.));
#14781=DIRECTION('',(0.,0.,1.));
#14782=DIRECTION('',(0.,0.,-1.));
#14783=DIRECTION('center_axis',(0.,1.,0.));
#14784=DIRECTION('ref_axis',(0.,0.,1.));
#14785=DIRECTION('',(0.,0.,-1.));
#14786=DIRECTION('',(0.,0.,1.));
#14787=DIRECTION('center_axis',(-1.,0.,0.));
#14788=DIRECTION('ref_axis',(0.,0.,1.));
#14789=DIRECTION('',(0.,0.,-1.));
#14790=DIRECTION('',(0.,0.,1.));
#14791=DIRECTION('center_axis',(0.,-1.,0.));
#14792=DIRECTION('ref_axis',(0.,0.,-1.));
#14793=DIRECTION('',(0.,0.,-1.));
#14794=DIRECTION('',(0.,0.,1.));
#14795=DIRECTION('center_axis',(-1.,0.,0.));
#14796=DIRECTION('ref_axis',(0.,0.,1.));
#14797=DIRECTION('',(0.,-0.707106781186545,0.70710678118655));
#14798=DIRECTION('',(0.,0.,1.));
#14799=DIRECTION('',(0.,0.,1.));
#14800=DIRECTION('',(0.,-1.,0.));
#14801=DIRECTION('center_axis',(0.,1.,0.));
#14802=DIRECTION('ref_axis',(0.,0.,1.));
#14803=DIRECTION('',(0.,0.,1.));
#14804=DIRECTION('',(-1.,0.,0.));
#14805=DIRECTION('center_axis',(-0.999950006565639,-0.00999921843840439,
0.));
#14806=DIRECTION('ref_axis',(0.00999921843840439,-0.999950006565639,0.));
#14807=DIRECTION('',(-0.00707069190623806,0.707089105175564,-0.707089105175569));
#14808=DIRECTION('',(0.00999921843840439,-0.999950006565639,0.));
#14809=DIRECTION('center_axis',(4.33680868994202E-16,1.,0.));
#14810=DIRECTION('ref_axis',(-1.,4.33680868994202E-16,0.));
#14811=DIRECTION('',(0.,0.,-1.));
#14812=DIRECTION('',(1.,-4.33680868994202E-16,0.));
#14813=DIRECTION('',(0.,0.,1.));
#14814=DIRECTION('',(-1.,0.,0.));
#14815=DIRECTION('',(0.,0.,-1.));
#14816=DIRECTION('center_axis',(0.,0.,-1.));
#14817=DIRECTION('ref_axis',(-1.,0.,0.));
#14818=DIRECTION('',(-1.,4.33680868994202E-16,0.));
#14819=DIRECTION('center_axis',(0.,0.,-1.));
#14820=DIRECTION('ref_axis',(-1.,0.,0.));
#14821=DIRECTION('center_axis',(1.,0.,0.));
#14822=DIRECTION('ref_axis',(0.,0.,-1.));
#14823=DIRECTION('',(0.,0.707106781186547,-0.707106781186547));
#14824=DIRECTION('',(0.,1.,0.));
#14825=DIRECTION('',(0.,0.,1.));
#14826=DIRECTION('',(0.,-1.,0.));
#14827=DIRECTION('',(0.,0.,-1.));
#14828=DIRECTION('',(0.,1.,0.));
#14829=DIRECTION('',(0.,0.707106781186547,0.707106781186547));
#14830=DIRECTION('',(0.,-1.,0.));
#14831=DIRECTION('center_axis',(0.,-1.,0.));
#14832=DIRECTION('ref_axis',(0.,0.,-1.));
#14833=DIRECTION('',(0.,0.,-1.));
#14834=DIRECTION('',(-1.,0.,0.));
#14835=DIRECTION('',(0.,0.,1.));
#14836=DIRECTION('',(1.,0.,0.));
#14837=DIRECTION('center_axis',(7.88510670898549E-16,-1.,0.));
#14838=DIRECTION('ref_axis',(1.,7.88510670898549E-16,0.));
#14839=DIRECTION('',(0.,0.,-1.));
#14840=DIRECTION('',(1.,7.88510670898549E-16,0.));
#14841=DIRECTION('',(0.,0.,1.));
#14842=DIRECTION('',(-1.,-7.88510670898549E-16,0.));
#14843=DIRECTION('center_axis',(1.,0.,0.));
#14844=DIRECTION('ref_axis',(0.,0.,-1.));
#14845=DIRECTION('',(0.,0.,-1.));
#14846=DIRECTION('',(0.,-1.,0.));
#14847=DIRECTION('',(0.,0.,1.));
#14848=DIRECTION('',(0.,1.,0.));
#14849=DIRECTION('center_axis',(1.,0.,0.));
#14850=DIRECTION('ref_axis',(0.,0.,-1.));
#14851=DIRECTION('',(0.,0.,-1.));
#14852=DIRECTION('',(0.,-1.,0.));
#14853=DIRECTION('',(0.,0.,1.));
#14854=DIRECTION('',(0.,1.,0.));
#14855=DIRECTION('center_axis',(-1.,0.,0.));
#14856=DIRECTION('ref_axis',(0.,0.,1.));
#14857=DIRECTION('',(0.,0.,-1.));
#14858=DIRECTION('',(0.,-1.,0.));
#14859=DIRECTION('',(0.,0.,1.));
#14860=DIRECTION('',(0.,1.,0.));
#14861=DIRECTION('center_axis',(1.,0.,0.));
#14862=DIRECTION('ref_axis',(0.,0.,-1.));
#14863=DIRECTION('',(0.,0.,-1.));
#14864=DIRECTION('',(0.,-1.,0.));
#14865=DIRECTION('',(0.,0.,1.));
#14866=DIRECTION('',(0.,1.,0.));
#14867=DIRECTION('center_axis',(0.,-1.,0.));
#14868=DIRECTION('ref_axis',(0.,0.,-1.));
#14869=DIRECTION('',(0.,0.,-1.));
#14870=DIRECTION('',(1.,0.,0.));
#14871=DIRECTION('',(0.,0.,1.));
#14872=DIRECTION('',(-1.,0.,0.));
#14873=DIRECTION('center_axis',(-1.,0.,0.));
#14874=DIRECTION('ref_axis',(0.,0.,1.));
#14875=DIRECTION('',(0.,0.,-1.));
#14876=DIRECTION('',(0.,-1.,0.));
#14877=DIRECTION('',(0.,0.,1.));
#14878=DIRECTION('',(0.,1.,0.));
#14879=DIRECTION('center_axis',(1.42632819135871E-14,-1.,0.));
#14880=DIRECTION('ref_axis',(1.,1.42632819135871E-14,0.));
#14881=DIRECTION('',(0.,0.,-1.));
#14882=DIRECTION('',(-1.,-1.42632819135871E-14,0.));
#14883=DIRECTION('',(0.,0.,1.));
#14884=DIRECTION('',(1.,1.42632819135871E-14,0.));
#14885=DIRECTION('center_axis',(0.,0.,-1.));
#14886=DIRECTION('ref_axis',(-1.,0.,0.));
#14887=DIRECTION('center_axis',(0.,0.,-1.));
#14888=DIRECTION('ref_axis',(-1.,0.,0.));
#14889=DIRECTION('',(-1.,0.,0.));
#14890=DIRECTION('',(0.,1.,0.));
#14891=DIRECTION('',(1.,0.,0.));
#14892=DIRECTION('center_axis',(0.,-0.707106781186548,-0.707106781186548));
#14893=DIRECTION('ref_axis',(-1.,0.,0.));
#14894=DIRECTION('',(0.577350269189626,-0.577350269189626,0.577350269189626));
#14895=DIRECTION('',(0.577350269189626,-0.577350269189626,0.577350269189626));
#14896=DIRECTION('center_axis',(0.707106781186548,0.,-0.707106781186548));
#14897=DIRECTION('ref_axis',(0.,-1.,0.));
#14898=DIRECTION('',(0.577350269189626,0.577350269189626,0.577350269189626));
#14899=DIRECTION('center_axis',(0.,0.707106781186548,-0.707106781186548));
#14900=DIRECTION('ref_axis',(1.,0.,0.));
#14901=DIRECTION('',(-0.577350269189626,-0.577350269189626,-0.577350269189626));
#14902=DIRECTION('center_axis',(0.,0.,-1.));
#14903=DIRECTION('ref_axis',(-1.,0.,0.));
#14904=DIRECTION('center_axis',(0.,0.,1.));
#14905=DIRECTION('ref_axis',(1.,0.,0.));
#14906=DIRECTION('center_axis',(0.,0.,-1.));
#14907=DIRECTION('ref_axis',(1.,0.,0.));
#14908=DIRECTION('center_axis',(0.,0.,1.));
#14909=DIRECTION('ref_axis',(1.,0.,0.));
#14910=DIRECTION('center_axis',(0.,0.,1.));
#14911=DIRECTION('ref_axis',(1.,0.,0.));
#14912=DIRECTION('center_axis',(0.,0.,-1.));
#14913=DIRECTION('ref_axis',(1.,0.,0.));
#14914=DIRECTION('center_axis',(0.,0.,-1.));
#14915=DIRECTION('ref_axis',(-1.,0.,0.));
#14916=DIRECTION('center_axis',(0.,0.,1.));
#14917=DIRECTION('ref_axis',(1.,0.,0.));
#14918=DIRECTION('center_axis',(0.,0.,-1.));
#14919=DIRECTION('ref_axis',(1.,0.,0.));
#14920=DIRECTION('center_axis',(0.,0.,1.));
#14921=DIRECTION('ref_axis',(1.,0.,0.));
#14922=DIRECTION('center_axis',(0.,0.,1.));
#14923=DIRECTION('ref_axis',(1.,0.,0.));
#14924=DIRECTION('center_axis',(0.,0.,-1.));
#14925=DIRECTION('ref_axis',(1.,0.,0.));
#14926=DIRECTION('center_axis',(0.,0.,1.));
#14927=DIRECTION('ref_axis',(1.,0.,0.));
#14928=DIRECTION('center_axis',(0.,0.,1.));
#14929=DIRECTION('ref_axis',(1.,0.,0.));
#14930=DIRECTION('center_axis',(0.,0.,1.));
#14931=DIRECTION('ref_axis',(1.,0.,0.));
#14932=DIRECTION('center_axis',(0.,0.,1.));
#14933=DIRECTION('ref_axis',(1.,0.,0.));
#14934=DIRECTION('center_axis',(0.,0.70710678118655,-0.707106781186545));
#14935=DIRECTION('ref_axis',(-1.,0.,0.));
#14936=DIRECTION('',(0.,0.707106781186545,0.70710678118655));
#14937=DIRECTION('',(0.,-0.707106781186545,-0.70710678118655));
#14938=DIRECTION('center_axis',(0.,0.,1.));
#14939=DIRECTION('ref_axis',(1.,0.,0.));
#14940=DIRECTION('',(0.707106781186546,0.,-0.70710678118655));
#14941=DIRECTION('center_axis',(0.,0.,1.));
#14942=DIRECTION('ref_axis',(1.,0.,0.));
#14943=DIRECTION('',(0.707106781186545,0.,0.70710678118655));
#14944=DIRECTION('center_axis',(0.70710678118655,0.,0.707106781186545));
#14945=DIRECTION('ref_axis',(0.,-1.,0.));
#14946=DIRECTION('',(0.707106781186545,0.,-0.70710678118655));
#14947=DIRECTION('center_axis',(0.70710678118655,0.,-0.707106781186545));
#14948=DIRECTION('ref_axis',(0.,1.,0.));
#14949=DIRECTION('',(0.707106781186545,0.,0.70710678118655));
#14950=DIRECTION('center_axis',(0.,0.,1.));
#14951=DIRECTION('ref_axis',(1.,0.,0.));
#14952=DIRECTION('',(0.,0.707106781186545,-0.70710678118655));
#14953=DIRECTION('center_axis',(0.,0.,1.));
#14954=DIRECTION('ref_axis',(1.,0.,0.));
#14955=DIRECTION('',(0.,-0.707106781186545,0.70710678118655));
#14956=DIRECTION('center_axis',(0.,0.70710678118655,0.707106781186545));
#14957=DIRECTION('ref_axis',(1.,0.,0.));
#14958=DIRECTION('center_axis',(-0.70710678118655,0.,0.707106781186545));
#14959=DIRECTION('ref_axis',(0.,1.,0.));
#14960=DIRECTION('',(-0.707106781186545,0.,-0.70710678118655));
#14961=DIRECTION('',(0.707106781186545,0.,0.70710678118655));
#14962=DIRECTION('center_axis',(0.,0.,-1.));
#14963=DIRECTION('ref_axis',(-1.,0.,0.));
#14964=DIRECTION('',(0.,-0.707106781186545,0.70710678118655));
#14965=DIRECTION('center_axis',(0.,0.,-1.));
#14966=DIRECTION('ref_axis',(-1.,0.,0.));
#14967=DIRECTION('',(0.,-0.707106781186545,-0.70710678118655));
#14968=DIRECTION('center_axis',(0.,-0.70710678118655,-0.707106781186545));
#14969=DIRECTION('ref_axis',(1.,0.,0.));
#14970=DIRECTION('',(0.,-0.707106781186545,0.70710678118655));
#14971=DIRECTION('center_axis',(0.,-0.70710678118655,0.707106781186545));
#14972=DIRECTION('ref_axis',(-1.,0.,0.));
#14973=DIRECTION('',(0.,-0.707106781186545,-0.70710678118655));
#14974=DIRECTION('center_axis',(0.,0.,-1.));
#14975=DIRECTION('ref_axis',(-1.,0.,0.));
#14976=DIRECTION('',(-0.707106781186545,0.,0.70710678118655));
#14977=DIRECTION('center_axis',(0.,0.,-1.));
#14978=DIRECTION('ref_axis',(-1.,0.,0.));
#14979=DIRECTION('',(0.707106781186545,0.,-0.70710678118655));
#14980=DIRECTION('center_axis',(-0.70710678118655,0.,-0.707106781186545));
#14981=DIRECTION('ref_axis',(0.,-1.,0.));
#14982=DIRECTION('center_axis',(0.,0.,1.));
#14983=DIRECTION('ref_axis',(1.,0.,0.));
#14984=DIRECTION('',(0.,0.,-1.));
#14985=DIRECTION('center_axis',(0.,0.,1.));
#14986=DIRECTION('ref_axis',(-1.,-1.73472347597681E-15,0.));
#14987=DIRECTION('center_axis',(0.,0.,-1.));
#14988=DIRECTION('ref_axis',(1.,0.,0.));
#14989=DIRECTION('center_axis',(0.,0.,-1.));
#14990=DIRECTION('ref_axis',(-1.,0.,0.));
#14991=DIRECTION('center_axis',(0.,0.,1.));
#14992=DIRECTION('ref_axis',(-1.,0.,0.));
#14993=DIRECTION('',(0.,0.,1.));
#14994=DIRECTION('center_axis',(0.,0.,-1.));
#14995=DIRECTION('ref_axis',(1.,0.,0.));
#14996=DIRECTION('center_axis',(0.,0.,1.));
#14997=DIRECTION('ref_axis',(1.,0.,0.));
#14998=DIRECTION('center_axis',(0.,0.,1.));
#14999=DIRECTION('ref_axis',(-1.,1.73472347597681E-15,0.));
#15000=DIRECTION('center_axis',(0.,0.,-1.));
#15001=DIRECTION('ref_axis',(1.,0.,0.));
#15002=DIRECTION('center_axis',(0.,0.,-1.));
#15003=DIRECTION('ref_axis',(-1.,0.,0.));
#15004=DIRECTION('center_axis',(0.,0.,1.));
#15005=DIRECTION('ref_axis',(-1.,0.,0.));
#15006=DIRECTION('center_axis',(0.,0.,-1.));
#15007=DIRECTION('ref_axis',(1.,0.,0.));
#15008=DIRECTION('center_axis',(1.,-1.88556899562697E-16,0.));
#15009=DIRECTION('ref_axis',(1.88556899562697E-16,1.,0.));
#15010=DIRECTION('',(0.,0.,-1.));
#15011=DIRECTION('',(-1.88556899562697E-16,-1.,0.));
#15012=DIRECTION('',(0.,0.,1.));
#15013=DIRECTION('center_axis',(0.,-1.,0.));
#15014=DIRECTION('ref_axis',(0.,0.,-1.));
#15015=DIRECTION('',(0.,0.,-1.));
#15016=DIRECTION('',(1.,0.,0.));
#15017=DIRECTION('',(0.,0.,1.));
#15018=DIRECTION('center_axis',(1.,-1.88556899562697E-16,0.));
#15019=DIRECTION('ref_axis',(1.88556899562697E-16,1.,0.));
#15020=DIRECTION('',(0.,0.,-1.));
#15021=DIRECTION('',(1.88556899562697E-16,1.,0.));
#15022=DIRECTION('',(0.,0.,1.));
#15023=DIRECTION('center_axis',(0.,-1.,0.));
#15024=DIRECTION('ref_axis',(0.,0.,-1.));
#15025=DIRECTION('',(0.,0.,-1.));
#15026=DIRECTION('',(-1.,0.,0.));
#15027=DIRECTION('',(0.,0.,1.));
#15028=DIRECTION('center_axis',(0.,0.,-1.));
#15029=DIRECTION('ref_axis',(-1.,0.,0.));
#15030=DIRECTION('',(0.,0.,1.));
#15031=DIRECTION('center_axis',(0.,0.,1.));
#15032=DIRECTION('ref_axis',(1.,0.,0.));
#15033=DIRECTION('',(0.,0.,1.));
#15034=DIRECTION('center_axis',(1.,-2.9909025447876E-16,0.));
#15035=DIRECTION('ref_axis',(2.9909025447876E-16,1.,0.));
#15036=DIRECTION('',(-2.9909025447876E-16,-1.,0.));
#15037=DIRECTION('',(0.,0.,-1.));
#15038=DIRECTION('center_axis',(1.,-1.4954512723938E-16,0.));
#15039=DIRECTION('ref_axis',(1.4954512723938E-16,1.,0.));
#15040=DIRECTION('',(0.,0.,-1.));
#15041=DIRECTION('',(1.4954512723938E-16,1.,0.));
#15042=DIRECTION('center_axis',(0.,0.,-1.));
#15043=DIRECTION('ref_axis',(-1.,0.,0.));
#15044=DIRECTION('center_axis',(0.,0.,1.));
#15045=DIRECTION('ref_axis',(1.,0.,0.));
#15046=DIRECTION('center_axis',(1.,0.,0.));
#15047=DIRECTION('ref_axis',(0.,0.,-1.));
#15048=DIRECTION('',(0.,-1.,0.));
#15049=DIRECTION('',(0.,0.,-1.));
#15050=DIRECTION('',(0.,0.,1.));
#15051=DIRECTION('center_axis',(0.,-1.,0.));
#15052=DIRECTION('ref_axis',(0.,0.,-1.));
#15053=DIRECTION('',(0.,0.,1.));
#15054=DIRECTION('',(-1.,0.,0.));
#15055=DIRECTION('',(0.,0.,-1.));
#15056=DIRECTION('center_axis',(1.,0.,0.));
#15057=DIRECTION('ref_axis',(0.,0.,-1.));
#15058=DIRECTION('',(0.,0.,1.));
#15059=DIRECTION('',(0.,-1.,0.));
#15060=DIRECTION('',(0.,0.,-1.));
#15061=DIRECTION('center_axis',(0.,0.,1.));
#15062=DIRECTION('ref_axis',(1.,0.,0.));
#15063=DIRECTION('center_axis',(0.,0.,-1.));
#15064=DIRECTION('ref_axis',(1.,0.,0.));
#15065=DIRECTION('center_axis',(0.,0.,-1.));
#15066=DIRECTION('ref_axis',(1.,0.,0.));
#15067=DIRECTION('center_axis',(0.,0.,-1.));
#15068=DIRECTION('ref_axis',(1.,0.,0.));
#15069=DIRECTION('center_axis',(0.,0.,-1.));
#15070=DIRECTION('ref_axis',(1.,0.,0.));
#15071=DIRECTION('center_axis',(0.,0.,1.));
#15072=DIRECTION('ref_axis',(1.,0.,0.));
#15073=DIRECTION('',(0.,0.,1.));
#15074=DIRECTION('center_axis',(0.,0.,1.));
#15075=DIRECTION('ref_axis',(1.,0.,0.));
#15076=DIRECTION('',(0.,0.,1.));
#15077=DIRECTION('center_axis',(0.,0.,1.));
#15078=DIRECTION('ref_axis',(-1.,0.,0.));
#15079=DIRECTION('center_axis',(0.,1.,0.));
#15080=DIRECTION('ref_axis',(0.,0.,1.));
#15081=DIRECTION('',(0.,0.,1.));
#15082=DIRECTION('',(-1.,0.,0.));
#15083=DIRECTION('',(-1.,0.,0.));
#15084=DIRECTION('center_axis',(0.,0.,1.));
#15085=DIRECTION('ref_axis',(1.,0.,0.));
#15086=DIRECTION('',(0.,0.,1.));
#15087=DIRECTION('center_axis',(0.,0.,1.));
#15088=DIRECTION('ref_axis',(1.,0.,0.));
#15089=DIRECTION('center_axis',(0.,0.,1.));
#15090=DIRECTION('ref_axis',(1.,0.,0.));
#15091=DIRECTION('center_axis',(1.,3.04337451925756E-16,0.));
#15092=DIRECTION('ref_axis',(-3.04337451925756E-16,1.,0.));
#15093=DIRECTION('',(0.,0.,1.));
#15094=DIRECTION('',(-3.04337451925756E-16,1.,0.));
#15095=DIRECTION('',(-3.04337451925756E-16,1.,0.));
#15096=DIRECTION('center_axis',(0.,0.,1.));
#15097=DIRECTION('ref_axis',(1.,0.,0.));
#15098=DIRECTION('',(0.,0.,1.));
#15099=DIRECTION('center_axis',(0.,0.,1.));
#15100=DIRECTION('ref_axis',(1.,0.,0.));
#15101=DIRECTION('center_axis',(0.,0.,1.));
#15102=DIRECTION('ref_axis',(-1.,0.,0.));
#15103=DIRECTION('center_axis',(0.,-1.,0.));
#15104=DIRECTION('ref_axis',(0.,0.,-1.));
#15105=DIRECTION('',(0.,0.,1.));
#15106=DIRECTION('',(1.,0.,0.));
#15107=DIRECTION('',(1.,0.,0.));
#15108=DIRECTION('center_axis',(0.,0.,1.));
#15109=DIRECTION('ref_axis',(1.,0.,0.));
#15110=DIRECTION('',(0.,0.,1.));
#15111=DIRECTION('center_axis',(0.,0.,1.));
#15112=DIRECTION('ref_axis',(1.,0.,0.));
#15113=DIRECTION('center_axis',(0.,0.,1.));
#15114=DIRECTION('ref_axis',(1.,0.,0.));
#15115=DIRECTION('center_axis',(-1.,-3.06715088268926E-16,0.));
#15116=DIRECTION('ref_axis',(3.06715088268926E-16,-1.,0.));
#15117=DIRECTION('',(3.06715088268926E-16,-1.,0.));
#15118=DIRECTION('',(3.06715088268926E-16,-1.,0.));
#15119=DIRECTION('center_axis',(0.,0.,-1.));
#15120=DIRECTION('ref_axis',(-1.,0.,0.));
#15121=DIRECTION('center_axis',(0.,0.,-1.));
#15122=DIRECTION('ref_axis',(-1.,0.,0.));
#15123=DIRECTION('center_axis',(0.,0.,-1.));
#15124=DIRECTION('ref_axis',(-1.,0.,0.));
#15125=DIRECTION('center_axis',(0.,0.,1.));
#15126=DIRECTION('ref_axis',(1.,0.,0.));
#15127=DIRECTION('center_axis',(0.,0.,1.));
#15128=DIRECTION('ref_axis',(1.,0.,0.));
#15129=DIRECTION('center_axis',(0.,0.,1.));
#15130=DIRECTION('ref_axis',(1.,0.,0.));
#15131=DIRECTION('center_axis',(0.,0.,-1.));
#15132=DIRECTION('ref_axis',(-1.,0.,0.));
#15133=DIRECTION('center_axis',(0.,0.,1.));
#15134=DIRECTION('ref_axis',(1.,0.,0.));
#15135=DIRECTION('center_axis',(0.,0.,-1.));
#15136=DIRECTION('ref_axis',(-1.,0.,0.));
#15137=DIRECTION('center_axis',(0.,0.,-1.));
#15138=DIRECTION('ref_axis',(-1.,0.,0.));
#15139=DIRECTION('center_axis',(0.,0.,1.));
#15140=DIRECTION('ref_axis',(1.,0.,0.));
#15141=DIRECTION('center_axis',(0.,0.,-1.));
#15142=DIRECTION('ref_axis',(-1.,0.,0.));
#15143=DIRECTION('center_axis',(0.,0.,-1.));
#15144=DIRECTION('ref_axis',(-1.,0.,0.));
#15145=DIRECTION('center_axis',(0.,0.,1.));
#15146=DIRECTION('ref_axis',(1.,0.,0.));
#15147=DIRECTION('center_axis',(0.,0.,1.));
#15148=DIRECTION('ref_axis',(1.,0.,0.));
#15149=DIRECTION('center_axis',(0.,0.,-1.));
#15150=DIRECTION('ref_axis',(-1.,0.,0.));
#15151=DIRECTION('center_axis',(0.,0.,1.));
#15152=DIRECTION('ref_axis',(1.,0.,0.));
#15153=DIRECTION('center_axis',(0.,0.,1.));
#15154=DIRECTION('ref_axis',(1.,0.,0.));
#15155=DIRECTION('center_axis',(0.,0.,-1.));
#15156=DIRECTION('ref_axis',(-1.,0.,0.));
#15157=DIRECTION('center_axis',(0.,0.,-1.));
#15158=DIRECTION('ref_axis',(-1.,0.,0.));
#15159=DIRECTION('center_axis',(0.,0.,-1.));
#15160=DIRECTION('ref_axis',(-1.,0.,0.));
#15161=DIRECTION('center_axis',(0.,0.,1.));
#15162=DIRECTION('ref_axis',(1.,0.,0.));
#15163=DIRECTION('center_axis',(0.,0.,-1.));
#15164=DIRECTION('ref_axis',(-1.,0.,0.));
#15165=DIRECTION('center_axis',(0.,0.,-1.));
#15166=DIRECTION('ref_axis',(-1.,0.,0.));
#15167=DIRECTION('center_axis',(0.,0.,-1.));
#15168=DIRECTION('ref_axis',(-1.,0.,0.));
#15169=DIRECTION('center_axis',(-3.06658683336676E-16,-0.70710678118655,
-0.707106781186545));
#15170=DIRECTION('ref_axis',(1.,-4.33680868994202E-16,0.));
#15171=DIRECTION('center_axis',(-5.94989853843293E-15,-0.707106781186552,
-0.707106781186543));
#15172=DIRECTION('ref_axis',(-9.37376835292237E-13,0.707106781186543,-0.707106781186552));
#15173=DIRECTION('center_axis',(0.,0.,-1.));
#15174=DIRECTION('ref_axis',(-1.,0.,0.));
#15175=DIRECTION('center_axis',(0.,0.,-1.));
#15176=DIRECTION('ref_axis',(-1.,0.,0.));
#15177=DIRECTION('center_axis',(0.,0.,1.));
#15178=DIRECTION('ref_axis',(1.,0.,0.));
#15179=DIRECTION('center_axis',(0.,0.,1.));
#15180=DIRECTION('ref_axis',(1.,0.,0.));
#15181=DIRECTION('center_axis',(0.,0.,-1.));
#15182=DIRECTION('ref_axis',(-1.,0.,0.));
#15183=DIRECTION('center_axis',(0.,0.,1.));
#15184=DIRECTION('ref_axis',(1.,0.,0.));
#15185=DIRECTION('center_axis',(0.,0.,-1.));
#15186=DIRECTION('ref_axis',(-1.,0.,0.));
#15187=DIRECTION('center_axis',(0.,0.,-1.));
#15188=DIRECTION('ref_axis',(-1.,0.,0.));
#15189=DIRECTION('center_axis',(0.,0.,1.));
#15190=DIRECTION('ref_axis',(1.,0.,0.));
#15191=DIRECTION('center_axis',(0.,0.,1.));
#15192=DIRECTION('ref_axis',(1.,0.,0.));
#15193=DIRECTION('center_axis',(0.,0.,-1.));
#15194=DIRECTION('ref_axis',(-1.,0.,0.));
#15195=DIRECTION('center_axis',(0.,0.,1.));
#15196=DIRECTION('ref_axis',(1.,0.,0.));
#15197=DIRECTION('center_axis',(-5.57561242430316E-16,0.707106781186546,
-0.707106781186549));
#15198=DIRECTION('ref_axis',(-1.,-7.88510670898548E-16,4.93038065763132E-32));
#15199=DIRECTION('',(0.,0.707106781186547,0.707106781186547));
#15200=DIRECTION('',(0.,-0.707106781186547,-0.707106781186547));
#15201=DIRECTION('center_axis',(0.,0.,1.));
#15202=DIRECTION('ref_axis',(1.,0.,0.));
#15203=DIRECTION('',(-0.707106781186547,0.,-0.707106781186547));
#15204=DIRECTION('center_axis',(0.,0.,1.));
#15205=DIRECTION('ref_axis',(1.,0.,0.));
#15206=DIRECTION('',(-0.707106781186547,0.,0.707106781186547));
#15207=DIRECTION('center_axis',(-0.707106781186548,0.,0.707106781186548));
#15208=DIRECTION('ref_axis',(0.,1.,0.));
#15209=DIRECTION('',(-0.707106781186547,0.,-0.707106781186547));
#15210=DIRECTION('center_axis',(-0.707106781186548,0.,-0.707106781186548));
#15211=DIRECTION('ref_axis',(0.,-1.,0.));
#15212=DIRECTION('',(-0.707106781186547,0.,0.707106781186547));
#15213=DIRECTION('center_axis',(0.,0.,-1.));
#15214=DIRECTION('ref_axis',(-1.,0.,0.));
#15215=DIRECTION('',(-0.0176776695296649,-0.706885775779934,-0.707106781186548));
#15216=DIRECTION('center_axis',(0.,0.,1.));
#15217=DIRECTION('ref_axis',(1.,0.,0.));
#15218=DIRECTION('',(0.,-0.707106781186548,0.707106781186547));
#15219=DIRECTION('center_axis',(0.,0.,1.));
#15220=DIRECTION('ref_axis',(1.,0.,0.));
#15221=DIRECTION('',(-0.707106781186547,0.,-0.707106781186547));
#15222=DIRECTION('center_axis',(0.,0.707106781186548,0.707106781186548));
#15223=DIRECTION('ref_axis',(1.,0.,0.));
#15224=DIRECTION('',(0.,-0.707106781186547,0.707106781186547));
#15225=DIRECTION('center_axis',(0.707106781186548,0.,-0.707106781186548));
#15226=DIRECTION('ref_axis',(0.,1.,0.));
#15227=DIRECTION('',(-0.707106781186547,0.,-0.707106781186547));
#15228=DIRECTION('center_axis',(0.,0.,1.));
#15229=DIRECTION('ref_axis',(1.,0.,0.));
#15230=DIRECTION('',(0.707106781186547,0.,0.707106781186547));
#15231=DIRECTION('center_axis',(0.,0.,-1.));
#15232=DIRECTION('ref_axis',(-1.,0.,0.));
#15233=DIRECTION('',(0.,-0.707106781186547,-0.707106781186547));
#15234=DIRECTION('center_axis',(-0.707106781186548,0.,0.707106781186548));
#15235=DIRECTION('ref_axis',(0.,1.,0.));
#15236=DIRECTION('',(0.707106781186547,0.,0.707106781186547));
#15237=DIRECTION('center_axis',(0.,0.707106781186548,-0.707106781186548));
#15238=DIRECTION('ref_axis',(-1.,0.,0.));
#15239=DIRECTION('',(0.,-0.707106781186547,-0.707106781186547));
#15240=DIRECTION('center_axis',(0.,0.,-1.));
#15241=DIRECTION('ref_axis',(-1.,0.,0.));
#15242=DIRECTION('',(0.0176776695296649,-0.706885775779934,0.707106781186548));
#15243=DIRECTION('center_axis',(0.,0.,1.));
#15244=DIRECTION('ref_axis',(1.,0.,0.));
#15245=DIRECTION('',(-0.707106781186547,0.,-0.707106781186547));
#15246=DIRECTION('center_axis',(0.,0.,1.));
#15247=DIRECTION('ref_axis',(1.,0.,0.));
#15248=DIRECTION('',(0.707106781186547,0.,0.707106781186547));
#15249=DIRECTION('center_axis',(-0.707106781186548,0.,0.707106781186548));
#15250=DIRECTION('ref_axis',(0.,1.,0.));
#15251=DIRECTION('',(-0.707106781186547,0.,-0.707106781186547));
#15252=DIRECTION('center_axis',(0.707106781186548,0.,-0.707106781186548));
#15253=DIRECTION('ref_axis',(0.,1.,0.));
#15254=DIRECTION('',(0.707106781186547,0.,0.707106781186547));
#15255=DIRECTION('center_axis',(0.,0.,1.));
#15256=DIRECTION('ref_axis',(1.,0.,0.));
#15257=DIRECTION('',(-1.63551297779559E-14,0.707106781186547,-0.707106781186547));
#15258=DIRECTION('center_axis',(0.,0.,-1.));
#15259=DIRECTION('ref_axis',(-1.,0.,0.));
#15260=DIRECTION('',(1.63551297779559E-14,-0.707106781186547,0.707106781186549));
#15261=DIRECTION('center_axis',(-1.00856633630729E-14,0.707106781186548,
0.707106781186547));
#15262=DIRECTION('ref_axis',(1.,1.42632819135871E-14,0.));
#15263=DIRECTION('center_axis',(0.707106781186548,2.16880318807188E-16,
0.707106781186548));
#15264=DIRECTION('ref_axis',(-3.06715088268926E-16,1.,0.));
#15265=DIRECTION('',(0.707106781186547,0.,-0.707106781186547));
#15266=DIRECTION('',(-0.707106781186547,0.,0.707106781186547));
#15267=DIRECTION('center_axis',(0.,0.,1.));
#15268=DIRECTION('ref_axis',(1.,0.,0.));
#15269=DIRECTION('',(0.,-0.707106781186547,0.707106781186547));
#15270=DIRECTION('center_axis',(0.,0.,1.));
#15271=DIRECTION('ref_axis',(1.,0.,0.));
#15272=DIRECTION('',(0.,-0.707106781186547,-0.707106781186547));
#15273=DIRECTION('center_axis',(0.,0.707106781186548,0.707106781186548));
#15274=DIRECTION('ref_axis',(-1.,0.,0.));
#15275=DIRECTION('',(-5.11097805561134E-16,-0.707106781186547,0.707106781186547));
#15276=DIRECTION('center_axis',(0.,-0.707106781186548,0.707106781186548));
#15277=DIRECTION('ref_axis',(1.,0.,0.));
#15278=DIRECTION('',(-1.02219561112227E-15,-0.707106781186547,-0.707106781186547));
#15279=DIRECTION('center_axis',(0.,0.,1.));
#15280=DIRECTION('ref_axis',(1.,0.,0.));
#15281=DIRECTION('',(0.707106781186547,0.,0.707106781186547));
#15282=DIRECTION('center_axis',(0.,0.,1.));
#15283=DIRECTION('ref_axis',(1.,0.,0.));
#15284=DIRECTION('',(-0.707106781186548,0.,-0.707106781186547));
#15285=DIRECTION('center_axis',(-0.707106781186547,-2.15199076025737E-16,
0.707106781186548));
#15286=DIRECTION('ref_axis',(3.04337451925756E-16,-1.,0.));
#15287=DIRECTION('center_axis',(0.,0.,-1.));
#15288=DIRECTION('ref_axis',(-1.,0.,0.));
#15289=DIRECTION('',(0.,0.707106781186547,-0.707106781186547));
#15290=DIRECTION('',(0.707106781186549,0.,0.707106781186547));
#15291=DIRECTION('center_axis',(-0.707106781186547,1.33329862320293E-16,
0.707106781186548));
#15292=DIRECTION('ref_axis',(-1.88556899562697E-16,-1.,0.));
#15293=DIRECTION('',(0.707106781186548,0.,0.707106781186547));
#15294=DIRECTION('center_axis',(0.,0.707106781186548,0.707106781186548));
#15295=DIRECTION('ref_axis',(-1.,0.,0.));
#15296=DIRECTION('',(0.,0.707106781186547,-0.707106781186547));
#15297=DIRECTION('center_axis',(0.,0.,-1.));
#15298=DIRECTION('ref_axis',(-1.,0.,0.));
#15299=DIRECTION('',(0.,0.707106781186547,0.707106781186547));
#15300=DIRECTION('center_axis',(0.,0.,-1.));
#15301=DIRECTION('ref_axis',(-1.,0.,0.));
#15302=DIRECTION('',(0.707106781186549,0.,-0.707106781186547));
#15303=DIRECTION('center_axis',(0.,0.707106781186547,-0.707106781186549));
#15304=DIRECTION('ref_axis',(1.,0.,0.));
#15305=DIRECTION('',(0.,0.707106781186549,0.707106781186547));
#15306=DIRECTION('center_axis',(-0.707106781186547,1.33329862320293E-16,
-0.707106781186548));
#15307=DIRECTION('ref_axis',(1.88556899562697E-16,1.,0.));
#15308=DIRECTION('',(0.707106781186549,0.,-0.707106781186547));
#15309=DIRECTION('center_axis',(0.,0.,-1.));
#15310=DIRECTION('ref_axis',(-1.,0.,0.));
#15311=DIRECTION('center_axis',(0.,0.,1.));
#15312=DIRECTION('ref_axis',(1.,0.,0.));
#15313=DIRECTION('',(-0.707106781186543,0.,0.707106781186552));
#15314=DIRECTION('',(-0.707106781186543,0.,-0.707106781186552));
#15315=DIRECTION('center_axis',(-0.707106781186551,1.05744373564371E-16,
0.707106781186544));
#15316=DIRECTION('ref_axis',(1.4954512723938E-16,1.,0.));
#15317=DIRECTION('',(-0.707106781186544,0.,-0.707106781186551));
#15318=DIRECTION('center_axis',(-0.707106781186551,2.11488747128742E-16,
-0.707106781186544));
#15319=DIRECTION('ref_axis',(-2.9909025447876E-16,-1.,0.));
#15320=DIRECTION('',(-0.707106781186544,0.,0.707106781186551));
#15321=DIRECTION('center_axis',(0.,0.,1.));
#15322=DIRECTION('ref_axis',(1.,0.,0.));
#15323=DIRECTION('center_axis',(-0.707106781186548,0.,0.707106781186548));
#15324=DIRECTION('ref_axis',(0.,-1.,0.));
#15325=DIRECTION('',(0.707106781186547,0.,0.707106781186547));
#15326=DIRECTION('center_axis',(0.,0.,-1.));
#15327=DIRECTION('ref_axis',(-1.,0.,0.));
#15328=DIRECTION('',(0.,0.707106781186547,0.707106781186547));
#15329=DIRECTION('center_axis',(0.,0.707106781186548,-0.707106781186548));
#15330=DIRECTION('ref_axis',(1.,0.,0.));
#15331=DIRECTION('',(0.,0.707106781186547,0.707106781186547));
#15332=DIRECTION('center_axis',(0.,0.,-1.));
#15333=DIRECTION('ref_axis',(-1.,0.,0.));
#15334=DIRECTION('',(-0.707106781186547,0.,0.707106781186547));
#15335=DIRECTION('center_axis',(-0.707106781186548,0.,-0.707106781186548));
#15336=DIRECTION('ref_axis',(0.,1.,0.));
#15337=DIRECTION('',(-0.707106781186547,0.,0.707106781186547));
#15338=DIRECTION('center_axis',(0.,0.,1.));
#15339=DIRECTION('ref_axis',(1.,0.,0.));
#15340=DIRECTION('',(-0.0176776695296617,0.706885775779934,0.707106781186548));
#15341=DIRECTION('center_axis',(0.,0.,-1.));
#15342=DIRECTION('ref_axis',(-1.,0.,0.));
#15343=DIRECTION('',(-0.707106781186547,0.,0.707106781186547));
#15344=DIRECTION('center_axis',(0.707106781186548,0.,0.707106781186548));
#15345=DIRECTION('ref_axis',(0.,1.,0.));
#15346=DIRECTION('',(-0.707106781186547,0.,0.707106781186547));
#15347=DIRECTION('center_axis',(0.,0.,1.));
#15348=DIRECTION('ref_axis',(1.,0.,0.));
#15349=DIRECTION('',(-9.81307786677359E-15,0.707106781186547,0.707106781186548));
#15350=DIRECTION('center_axis',(-1.00856633630729E-14,0.707106781186548,
-0.707106781186547));
#15351=DIRECTION('ref_axis',(1.,1.42632819135871E-14,0.));
#15352=DIRECTION('',(-9.81307786677359E-15,0.707106781186547,0.707106781186547));
#15353=DIRECTION('center_axis',(0.,0.,-1.));
#15354=DIRECTION('ref_axis',(-1.,0.,0.));
#15355=DIRECTION('',(-0.707106781186547,0.,0.707106781186547));
#15356=DIRECTION('center_axis',(-0.707106781186548,0.,-0.707106781186548));
#15357=DIRECTION('ref_axis',(0.,1.,0.));
#15358=DIRECTION('',(-0.707106781186547,0.,0.707106781186547));
#15359=DIRECTION('center_axis',(0.,0.,-1.));
#15360=DIRECTION('ref_axis',(-1.,0.,0.));
#15361=DIRECTION('',(0.,-0.707106781186547,0.707106781186547));
#15362=DIRECTION('center_axis',(0.,0.707106781186548,0.707106781186548));
#15363=DIRECTION('ref_axis',(-1.,0.,0.));
#15364=DIRECTION('',(0.,-0.707106781186547,0.707106781186547));
#15365=DIRECTION('center_axis',(0.,0.,1.));
#15366=DIRECTION('ref_axis',(1.,0.,0.));
#15367=DIRECTION('',(-0.707106781186547,0.,0.707106781186547));
#15368=DIRECTION('center_axis',(0.707106781186548,0.,0.707106781186548));
#15369=DIRECTION('ref_axis',(0.,1.,0.));
#15370=DIRECTION('',(-0.707106781186547,0.,0.707106781186547));
#15371=DIRECTION('center_axis',(0.,0.,-1.));
#15372=DIRECTION('ref_axis',(-1.,0.,0.));
#15373=DIRECTION('',(-0.0176776695296617,-0.706885775779935,0.707106781186547));
#15374=DIRECTION('center_axis',(0.,0.,1.));
#15375=DIRECTION('ref_axis',(1.,0.,0.));
#15376=DIRECTION('',(-0.707106781186547,0.,0.707106781186547));
#15377=DIRECTION('center_axis',(-0.707106781186548,0.,-0.707106781186548));
#15378=DIRECTION('ref_axis',(0.,1.,0.));
#15379=DIRECTION('',(-0.707106781186547,0.,0.707106781186547));
#15380=DIRECTION('center_axis',(0.,0.,-1.));
#15381=DIRECTION('ref_axis',(-1.,0.,0.));
#15382=DIRECTION('',(0.,-0.707106781186547,0.707106781186547));
#15383=DIRECTION('center_axis',(-5.57561242430317E-16,0.707106781186546,
0.707106781186549));
#15384=DIRECTION('ref_axis',(-1.,-7.88510670898548E-16,0.));
#15385=DIRECTION('',(0.,-0.70710678118655,0.707106781186545));
#15386=DIRECTION('center_axis',(0.,0.,-1.));
#15387=DIRECTION('ref_axis',(-1.,0.,0.));
#15388=DIRECTION('',(0.707106781186547,0.,0.707106781186547));
#15389=DIRECTION('center_axis',(-0.707106781186548,0.,0.707106781186548));
#15390=DIRECTION('ref_axis',(0.,-1.,0.));
#15391=DIRECTION('center_axis',(0.,0.,-1.));
#15392=DIRECTION('ref_axis',(-1.,0.,0.));
#15393=DIRECTION('axis',(0.,0.,1.));
#15394=DIRECTION('refdir',(1.,0.,0.));
#15395=DIRECTION('center_axis',(0.,0.,-1.));
#15396=DIRECTION('ref_axis',(-1.,0.,0.));
#15397=DIRECTION('center_axis',(0.,0.,1.));
#15398=DIRECTION('ref_axis',(1.,0.,0.));
#15399=DIRECTION('',(0.,0.,-1.));
#15400=DIRECTION('center_axis',(0.,0.,1.));
#15401=DIRECTION('ref_axis',(-1.,0.,0.));
#15402=DIRECTION('center_axis',(0.,0.,-1.));
#15403=DIRECTION('ref_axis',(-1.,0.,0.));
#15404=DIRECTION('center_axis',(0.,0.,1.));
#15405=DIRECTION('ref_axis',(1.,0.,0.));
#15406=DIRECTION('',(0.,0.,-1.));
#15407=DIRECTION('center_axis',(0.,0.,1.));
#15408=DIRECTION('ref_axis',(-1.,0.,0.));
#15409=DIRECTION('center_axis',(0.,0.,-1.));
#15410=DIRECTION('ref_axis',(-1.,0.,0.));
#15411=DIRECTION('center_axis',(0.,0.,1.));
#15412=DIRECTION('ref_axis',(1.,0.,0.));
#15413=DIRECTION('',(0.,0.,-1.));
#15414=DIRECTION('center_axis',(0.,0.,1.));
#15415=DIRECTION('ref_axis',(-1.,0.,0.));
#15416=DIRECTION('center_axis',(0.,0.,-1.));
#15417=DIRECTION('ref_axis',(-1.,0.,0.));
#15418=DIRECTION('center_axis',(0.,0.,1.));
#15419=DIRECTION('ref_axis',(1.,0.,0.));
#15420=DIRECTION('',(0.,0.,-1.));
#15421=DIRECTION('center_axis',(0.,0.,1.));
#15422=DIRECTION('ref_axis',(-1.,0.,0.));
#15423=DIRECTION('center_axis',(0.,0.,-1.));
#15424=DIRECTION('ref_axis',(-1.,0.,0.));
#15425=DIRECTION('',(0.,-1.,0.));
#15426=DIRECTION('center_axis',(0.,0.,-1.));
#15427=DIRECTION('ref_axis',(-1.,0.,0.));
#15428=DIRECTION('',(-1.,0.,0.));
#15429=DIRECTION('center_axis',(0.,0.,-1.));
#15430=DIRECTION('ref_axis',(-1.,0.,0.));
#15431=DIRECTION('',(1.,0.,0.));
#15432=DIRECTION('',(-1.15648231731787E-15,1.,0.));
#15433=DIRECTION('',(1.,0.,0.));
#15434=DIRECTION('center_axis',(0.,0.,1.));
#15435=DIRECTION('ref_axis',(-1.,0.,0.));
#15436=DIRECTION('',(-1.5770213417971E-16,-1.,0.));
#15437=DIRECTION('center_axis',(0.,0.,1.));
#15438=DIRECTION('ref_axis',(-1.,0.,0.));
#15439=DIRECTION('',(-1.,0.,0.));
#15440=DIRECTION('',(0.,1.,0.));
#15441=DIRECTION('',(1.,0.,0.));
#15442=DIRECTION('center_axis',(0.,0.,-1.));
#15443=DIRECTION('ref_axis',(-1.,0.,0.));
#15444=DIRECTION('',(1.,-4.41031392197493E-16,0.));
#15445=DIRECTION('center_axis',(0.,0.,-1.));
#15446=DIRECTION('ref_axis',(-1.,0.,0.));
#15447=DIRECTION('',(0.,-1.,0.));
#15448=DIRECTION('center_axis',(0.,0.,1.));
#15449=DIRECTION('ref_axis',(-1.,0.,0.));
#15450=DIRECTION('',(-1.,0.,0.));
#15451=DIRECTION('center_axis',(0.,0.,1.));
#15452=DIRECTION('ref_axis',(-1.,0.,0.));
#15453=DIRECTION('',(-1.88556899562696E-16,-1.,0.));
#15454=DIRECTION('center_axis',(0.,0.,1.));
#15455=DIRECTION('ref_axis',(-1.,0.,0.));
#15456=DIRECTION('',(-1.,0.,0.));
#15457=DIRECTION('center_axis',(0.,0.,1.));
#15458=DIRECTION('ref_axis',(-1.,0.,0.));
#15459=DIRECTION('center_axis',(0.,0.,-1.));
#15460=DIRECTION('ref_axis',(-1.,0.,0.));
#15461=DIRECTION('',(0.,-1.,0.));
#15462=DIRECTION('center_axis',(0.,0.,-1.));
#15463=DIRECTION('ref_axis',(-1.,0.,0.));
#15464=DIRECTION('',(-1.,0.,0.));
#15465=DIRECTION('center_axis',(0.,0.,1.));
#15466=DIRECTION('ref_axis',(-1.,0.,0.));
#15467=DIRECTION('',(0.,1.,0.));
#15468=DIRECTION('center_axis',(0.,0.,-1.));
#15469=DIRECTION('ref_axis',(-1.,0.,0.));
#15470=DIRECTION('',(-1.,0.,0.));
#15471=DIRECTION('center_axis',(0.,0.,-1.));
#15472=DIRECTION('ref_axis',(-1.,0.,0.));
#15473=DIRECTION('',(-1.,0.,0.));
#15474=DIRECTION('center_axis',(0.,0.,1.));
#15475=DIRECTION('ref_axis',(-1.,0.,0.));
#15476=DIRECTION('',(0.,-1.,0.));
#15477=DIRECTION('',(1.,0.,0.));
#15478=DIRECTION('',(0.,-1.,0.));
#15479=DIRECTION('center_axis',(0.,0.,-1.));
#15480=DIRECTION('ref_axis',(-1.,0.,0.));
#15481=DIRECTION('',(-1.,0.,0.));
#15482=DIRECTION('center_axis',(0.,0.,-1.));
#15483=DIRECTION('ref_axis',(-1.,0.,0.));
#15484=DIRECTION('center_axis',(0.,0.,-1.));
#15485=DIRECTION('ref_axis',(-1.,0.,0.));
#15486=DIRECTION('',(-1.,0.,0.));
#15487=DIRECTION('center_axis',(0.,0.,-1.));
#15488=DIRECTION('ref_axis',(-1.,0.,0.));
#15489=DIRECTION('',(-1.,0.,0.));
#15490=DIRECTION('center_axis',(0.,0.,1.));
#15491=DIRECTION('ref_axis',(-1.,0.,0.));
#15492=DIRECTION('',(0.,-1.,0.));
#15493=DIRECTION('',(1.,0.,0.));
#15494=DIRECTION('',(0.,1.,0.));
#15495=DIRECTION('center_axis',(0.,0.,1.));
#15496=DIRECTION('ref_axis',(-1.,0.,0.));
#15497=DIRECTION('center_axis',(0.,-1.,0.));
#15498=DIRECTION('ref_axis',(0.,0.,-1.));
#15499=DIRECTION('',(-1.,0.,0.));
#15500=DIRECTION('',(0.,0.,1.));
#15501=DIRECTION('',(0.,0.,-1.));
#15502=DIRECTION('center_axis',(0.,-1.,0.));
#15503=DIRECTION('ref_axis',(0.,0.,-1.));
#15504=DIRECTION('',(0.,0.,-1.));
#15505=DIRECTION('',(0.,0.,-1.));
#15506=DIRECTION('',(-1.,0.,0.));
#15507=DIRECTION('',(0.,0.,1.));
#15508=DIRECTION('center_axis',(0.,-1.,0.));
#15509=DIRECTION('ref_axis',(0.,0.,-1.));
#15510=DIRECTION('',(-1.,0.,0.));
#15511=DIRECTION('',(0.,0.,1.));
#15512=DIRECTION('',(0.,0.,-1.));
#15513=DIRECTION('',(-1.,0.,0.));
#15514=DIRECTION('',(0.,0.,-1.));
#15515=DIRECTION('center_axis',(-1.25401697058564E-16,-1.,0.));
#15516=DIRECTION('ref_axis',(1.,-1.25401697058564E-16,0.));
#15517=DIRECTION('',(-1.,0.,0.));
#15518=DIRECTION('',(0.,0.,1.));
#15519=DIRECTION('',(1.,-1.25401697058564E-16,0.));
#15520=DIRECTION('',(0.,0.,1.));
#15521=DIRECTION('center_axis',(0.,-1.,0.));
#15522=DIRECTION('ref_axis',(0.,0.,-1.));
#15523=DIRECTION('',(1.,0.,0.));
#15524=DIRECTION('',(0.,0.,1.));
#15525=DIRECTION('',(1.,0.,0.));
#15526=DIRECTION('',(0.,0.,1.));
#15527=DIRECTION('center_axis',(0.,0.,-1.));
#15528=DIRECTION('ref_axis',(-1.,0.,0.));
#15529=DIRECTION('',(0.,0.,1.));
#15530=DIRECTION('center_axis',(0.,0.,1.));
#15531=DIRECTION('ref_axis',(1.,0.,0.));
#15532=DIRECTION('',(0.,0.,1.));
#15533=DIRECTION('center_axis',(0.,0.,1.));
#15534=DIRECTION('ref_axis',(-1.,0.,0.));
#15535=DIRECTION('center_axis',(0.,0.,-1.));
#15536=DIRECTION('ref_axis',(-1.,0.,0.));
#15537=DIRECTION('',(0.,0.,-1.));
#15538=DIRECTION('center_axis',(0.,0.,1.));
#15539=DIRECTION('ref_axis',(1.,0.,0.));
#15540=DIRECTION('',(0.,0.,-1.));
#15541=DIRECTION('center_axis',(0.,0.,1.));
#15542=DIRECTION('ref_axis',(-1.,0.,0.));
#15543=DIRECTION('center_axis',(1.,0.,0.));
#15544=DIRECTION('ref_axis',(0.,0.,-1.));
#15545=DIRECTION('',(0.,-1.,0.));
#15546=DIRECTION('',(0.,1.,0.));
#15547=DIRECTION('center_axis',(1.,-2.9909025447876E-16,0.));
#15548=DIRECTION('ref_axis',(2.9909025447876E-16,1.,0.));
#15549=DIRECTION('',(2.9909025447876E-16,1.,0.));
#15550=DIRECTION('',(2.9909025447876E-16,1.,0.));
#15551=DIRECTION('center_axis',(0.,0.,1.));
#15552=DIRECTION('ref_axis',(1.,0.,0.));
#15553=DIRECTION('center_axis',(0.,0.,1.));
#15554=DIRECTION('ref_axis',(1.,0.,0.));
#15555=DIRECTION('',(1.,0.,0.));
#15556=DIRECTION('center_axis',(0.,0.,1.));
#15557=DIRECTION('ref_axis',(1.,0.,0.));
#15558=DIRECTION('',(0.,1.,0.));
#15559=DIRECTION('center_axis',(0.,0.,1.));
#15560=DIRECTION('ref_axis',(1.,0.,0.));
#15561=DIRECTION('',(-1.,0.,0.));
#15562=DIRECTION('center_axis',(0.,0.,1.));
#15563=DIRECTION('ref_axis',(1.,0.,0.));
#15564=DIRECTION('',(0.,-1.,0.));
#15565=DIRECTION('center_axis',(0.,0.,-1.));
#15566=DIRECTION('ref_axis',(1.,0.,0.));
#15567=DIRECTION('',(-1.5770213417971E-16,-1.,0.));
#15568=DIRECTION('center_axis',(0.,0.,-1.));
#15569=DIRECTION('ref_axis',(1.,0.,0.));
#15570=DIRECTION('',(-1.,0.,0.));
#15571=DIRECTION('center_axis',(0.,0.,-1.));
#15572=DIRECTION('ref_axis',(1.,0.,0.));
#15573=DIRECTION('',(1.5770213417971E-16,1.,0.));
#15574=DIRECTION('center_axis',(0.,0.,-1.));
#15575=DIRECTION('ref_axis',(1.,0.,0.));
#15576=DIRECTION('',(1.,0.,0.));
#15577=DIRECTION('',(-2.9909025447876E-16,-1.,0.));
#15578=DIRECTION('center_axis',(0.,0.,-1.));
#15579=DIRECTION('ref_axis',(1.,0.,0.));
#15580=DIRECTION('',(0.,1.,0.));
#15581=DIRECTION('center_axis',(0.,0.,-1.));
#15582=DIRECTION('ref_axis',(1.,0.,0.));
#15583=DIRECTION('',(0.,-1.,0.));
#15584=DIRECTION('center_axis',(0.,0.,-1.));
#15585=DIRECTION('ref_axis',(1.,0.,0.));
#15586=DIRECTION('',(-1.,0.,0.));
#15587=DIRECTION('center_axis',(0.,0.,-1.));
#15588=DIRECTION('ref_axis',(1.,0.,0.));
#15589=DIRECTION('',(-1.56281394232145E-16,1.,0.));
#15590=DIRECTION('center_axis',(0.,0.,-1.));
#15591=DIRECTION('ref_axis',(1.,0.,0.));
#15592=DIRECTION('',(1.,0.,0.));
#15593=DIRECTION('center_axis',(0.,0.,-1.));
#15594=DIRECTION('ref_axis',(1.,0.,0.));
#15595=DIRECTION('center_axis',(0.,-1.,0.));
#15596=DIRECTION('ref_axis',(0.,0.,-1.));
#15597=DIRECTION('',(0.,0.,-1.));
#15598=DIRECTION('',(-1.,0.,0.));
#15599=DIRECTION('',(0.,0.,1.));
#15600=DIRECTION('',(1.,0.,0.));
#15601=DIRECTION('center_axis',(1.,0.,0.));
#15602=DIRECTION('ref_axis',(0.,0.,-1.));
#15603=DIRECTION('',(0.,0.,-1.));
#15604=DIRECTION('',(0.,-1.,0.));
#15605=DIRECTION('',(0.,0.,1.));
#15606=DIRECTION('',(0.,1.,0.));
#15607=DIRECTION('center_axis',(0.,1.,0.));
#15608=DIRECTION('ref_axis',(0.,0.,1.));
#15609=DIRECTION('',(0.,0.,-1.));
#15610=DIRECTION('',(1.,0.,0.));
#15611=DIRECTION('',(0.,0.,1.));
#15612=DIRECTION('',(-1.,0.,0.));
#15613=DIRECTION('center_axis',(1.,0.,0.));
#15614=DIRECTION('ref_axis',(0.,0.,-1.));
#15615=DIRECTION('',(0.,0.,-1.));
#15616=DIRECTION('',(0.,1.,0.));
#15617=DIRECTION('',(0.,0.,1.));
#15618=DIRECTION('',(0.,-1.,0.));
#15619=DIRECTION('center_axis',(0.,0.,1.));
#15620=DIRECTION('ref_axis',(1.,0.,0.));
#15621=DIRECTION('center_axis',(0.,0.,-1.));
#15622=DIRECTION('ref_axis',(1.,0.,0.));
#15623=DIRECTION('',(-1.,0.,0.));
#15624=DIRECTION('center_axis',(0.,0.,-1.));
#15625=DIRECTION('ref_axis',(1.,0.,0.));
#15626=DIRECTION('',(0.,1.,0.));
#15627=DIRECTION('center_axis',(0.,0.,-1.));
#15628=DIRECTION('ref_axis',(1.,0.,0.));
#15629=DIRECTION('',(1.,0.,0.));
#15630=DIRECTION('center_axis',(0.,0.,-1.));
#15631=DIRECTION('ref_axis',(1.,0.,0.));
#15632=DIRECTION('',(0.,-1.,0.));
#15633=DIRECTION('',(-1.,0.,0.));
#15634=DIRECTION('center_axis',(0.,0.,1.));
#15635=DIRECTION('ref_axis',(1.,0.,0.));
#15636=DIRECTION('',(0.,-1.,0.));
#15637=DIRECTION('center_axis',(0.,0.,1.));
#15638=DIRECTION('ref_axis',(1.,0.,0.));
#15639=DIRECTION('',(1.,0.,0.));
#15640=DIRECTION('center_axis',(0.,0.,1.));
#15641=DIRECTION('ref_axis',(1.,0.,0.));
#15642=DIRECTION('',(0.,1.,0.));
#15643=DIRECTION('center_axis',(0.,0.,1.));
#15644=DIRECTION('ref_axis',(1.,0.,0.));
#15645=DIRECTION('center_axis',(1.,0.,0.));
#15646=DIRECTION('ref_axis',(0.,0.,-1.));
#15647=DIRECTION('',(0.,-1.,0.));
#15648=DIRECTION('',(0.,0.,1.));
#15649=DIRECTION('',(0.,0.,-1.));
#15650=DIRECTION('',(0.,-1.,0.));
#15651=DIRECTION('',(0.,0.,-1.));
#15652=DIRECTION('',(0.,0.,1.));
#15653=DIRECTION('center_axis',(0.,1.,0.));
#15654=DIRECTION('ref_axis',(0.,0.,1.));
#15655=DIRECTION('',(1.,0.,0.));
#15656=DIRECTION('',(0.,0.,-1.));
#15657=DIRECTION('',(0.,0.,1.));
#15658=DIRECTION('center_axis',(-1.,0.,0.));
#15659=DIRECTION('ref_axis',(0.,0.,1.));
#15660=DIRECTION('',(0.,1.,0.));
#15661=DIRECTION('',(0.,0.,-1.));
#15662=DIRECTION('',(0.,0.,1.));
#15663=DIRECTION('center_axis',(0.,-1.,0.));
#15664=DIRECTION('ref_axis',(0.,0.,-1.));
#15665=DIRECTION('',(0.,0.,1.));
#15666=DIRECTION('',(-1.,0.,0.));
#15667=DIRECTION('',(0.,0.,-1.));
#15668=DIRECTION('center_axis',(0.,0.,-1.));
#15669=DIRECTION('ref_axis',(-1.,0.,0.));
#15670=DIRECTION('',(0.,1.,0.));
#15671=DIRECTION('center_axis',(0.,0.,-1.));
#15672=DIRECTION('ref_axis',(-1.,0.,0.));
#15673=DIRECTION('',(-1.,0.,0.));
#15674=DIRECTION('center_axis',(0.,0.,1.));
#15675=DIRECTION('ref_axis',(-1.,0.,0.));
#15676=DIRECTION('center_axis',(0.,0.,-1.));
#15677=DIRECTION('ref_axis',(-1.,0.,0.));
#15678=DIRECTION('center_axis',(0.,0.,-1.));
#15679=DIRECTION('ref_axis',(-1.,0.,0.));
#15680=DIRECTION('center_axis',(0.,0.,-1.));
#15681=DIRECTION('ref_axis',(-1.,0.,0.));
#15682=DIRECTION('center_axis',(0.,0.,-1.));
#15683=DIRECTION('ref_axis',(-1.,0.,0.));
#15684=DIRECTION('center_axis',(0.,0.,1.));
#15685=DIRECTION('ref_axis',(-1.,0.,0.));
#15686=DIRECTION('center_axis',(0.,0.,1.));
#15687=DIRECTION('ref_axis',(-1.,0.,0.));
#15688=DIRECTION('',(1.,0.,0.));
#15689=DIRECTION('center_axis',(0.,0.,1.));
#15690=DIRECTION('ref_axis',(-1.,0.,0.));
#15691=DIRECTION('',(-1.,4.41031392197493E-16,0.));
#15692=DIRECTION('center_axis',(0.,0.,1.));
#15693=DIRECTION('ref_axis',(-1.,1.04083408558608E-14,0.));
#15694=DIRECTION('',(-1.,0.,0.));
#15695=DIRECTION('',(-1.5770213417971E-16,-1.,0.));
#15696=DIRECTION('',(-1.,0.,0.));
#15697=DIRECTION('center_axis',(0.,0.,1.));
#15698=DIRECTION('ref_axis',(-1.,0.,0.));
#15699=DIRECTION('',(-1.5770213417971E-16,-1.,0.));
#15700=DIRECTION('center_axis',(0.,0.,1.));
#15701=DIRECTION('ref_axis',(-1.,0.,0.));
#15702=DIRECTION('',(1.,0.,0.));
#15703=DIRECTION('',(-1.5770213417971E-16,-1.,0.));
#15704=DIRECTION('',(-1.,0.,0.));
#15705=DIRECTION('center_axis',(0.,0.,1.));
#15706=DIRECTION('ref_axis',(-1.,-8.67361737988404E-16,0.));
#15707=DIRECTION('center_axis',(0.,0.,1.));
#15708=DIRECTION('ref_axis',(-1.,0.,0.));
#15709=DIRECTION('',(0.,1.,0.));
#15710=DIRECTION('',(1.,-1.44560289664734E-16,0.));
#15711=DIRECTION('',(0.,-1.,0.));
#15712=DIRECTION('center_axis',(0.,0.,1.));
#15713=DIRECTION('ref_axis',(-1.,0.,0.));
#15714=DIRECTION('center_axis',(0.,0.,1.));
#15715=DIRECTION('ref_axis',(-1.,0.,0.));
#15716=DIRECTION('center_axis',(-1.,0.,0.));
#15717=DIRECTION('ref_axis',(0.,0.,1.));
#15718=DIRECTION('',(0.,0.,-1.));
#15719=DIRECTION('',(0.,0.,1.));
#15720=DIRECTION('center_axis',(-4.41031392197493E-16,-1.,0.));
#15721=DIRECTION('ref_axis',(1.,-4.41031392197493E-16,0.));
#15722=DIRECTION('',(0.,0.,1.));
#15723=DIRECTION('',(0.,0.,-1.));
#15724=DIRECTION('center_axis',(0.,-1.,0.));
#15725=DIRECTION('ref_axis',(0.,0.,-1.));
#15726=DIRECTION('',(0.,0.,-1.));
#15727=DIRECTION('',(0.,0.,1.));
#15728=DIRECTION('center_axis',(-1.,-1.56281394232145E-16,0.));
#15729=DIRECTION('ref_axis',(1.56281394232145E-16,-1.,0.));
#15730=DIRECTION('',(0.,0.,1.));
#15731=DIRECTION('',(1.56281394232145E-16,-1.,0.));
#15732=DIRECTION('',(0.,0.,-1.));
#15733=DIRECTION('',(1.56281394232145E-16,-1.,0.));
#15734=DIRECTION('center_axis',(0.,1.,0.));
#15735=DIRECTION('ref_axis',(0.,0.,1.));
#15736=DIRECTION('',(0.,0.,1.));
#15737=DIRECTION('',(-1.,0.,0.));
#15738=DIRECTION('',(0.,0.,-1.));
#15739=DIRECTION('',(-1.,0.,0.));
#15740=DIRECTION('center_axis',(1.,0.,0.));
#15741=DIRECTION('ref_axis',(0.,0.,-1.));
#15742=DIRECTION('',(0.,0.,1.));
#15743=DIRECTION('',(0.,1.,0.));
#15744=DIRECTION('',(0.,0.,-1.));
#15745=DIRECTION('',(0.,1.,0.));
#15746=DIRECTION('center_axis',(0.,-1.,0.));
#15747=DIRECTION('ref_axis',(0.,0.,-1.));
#15748=DIRECTION('',(0.,0.,1.));
#15749=DIRECTION('',(1.,0.,0.));
#15750=DIRECTION('',(0.,0.,-1.));
#15751=DIRECTION('',(1.,0.,0.));
#15752=DIRECTION('center_axis',(0.,0.,1.));
#15753=DIRECTION('ref_axis',(1.,0.,0.));
#15754=DIRECTION('center_axis',(0.,0.,1.));
#15755=DIRECTION('ref_axis',(1.,0.,0.));
#15756=DIRECTION('center_axis',(0.,0.,1.));
#15757=DIRECTION('ref_axis',(1.,0.,0.));
#15758=DIRECTION('center_axis',(0.,0.,1.));
#15759=DIRECTION('ref_axis',(1.,0.,0.));
#15760=DIRECTION('center_axis',(0.,0.,1.));
#15761=DIRECTION('ref_axis',(1.,0.,0.));
#15762=DIRECTION('',(1.,0.,0.));
#15763=DIRECTION('center_axis',(0.,0.,-1.));
#15764=DIRECTION('ref_axis',(1.,0.,0.));
#15765=DIRECTION('',(0.,-1.,0.));
#15766=DIRECTION('center_axis',(0.,0.,-1.));
#15767=DIRECTION('ref_axis',(1.,0.,0.));
#15768=DIRECTION('',(-1.,0.,0.));
#15769=DIRECTION('center_axis',(0.,0.,-1.));
#15770=DIRECTION('ref_axis',(1.,0.,0.));
#15771=DIRECTION('',(0.,1.,0.));
#15772=DIRECTION('center_axis',(0.,0.,-1.));
#15773=DIRECTION('ref_axis',(1.,0.,0.));
#15774=DIRECTION('center_axis',(0.,0.,-1.));
#15775=DIRECTION('ref_axis',(-1.,0.,0.));
#15776=DIRECTION('center_axis',(0.,0.,1.));
#15777=DIRECTION('ref_axis',(1.,0.,0.));
#15778=DIRECTION('center_axis',(0.,0.,-1.));
#15779=DIRECTION('ref_axis',(-1.,0.,0.));
#15780=DIRECTION('center_axis',(0.,0.,1.));
#15781=DIRECTION('ref_axis',(1.,0.,0.));
#15782=DIRECTION('center_axis',(0.,0.,-1.));
#15783=DIRECTION('ref_axis',(-1.,0.,0.));
#15784=DIRECTION('center_axis',(0.,0.,1.));
#15785=DIRECTION('ref_axis',(1.,0.,0.));
#15786=DIRECTION('center_axis',(0.,0.,-1.));
#15787=DIRECTION('ref_axis',(-1.,0.,0.));
#15788=DIRECTION('center_axis',(0.,0.,1.));
#15789=DIRECTION('ref_axis',(1.,0.,0.));
#15790=DIRECTION('center_axis',(0.,0.,1.));
#15791=DIRECTION('ref_axis',(1.,0.,0.));
#15792=DIRECTION('center_axis',(0.,0.,1.));
#15793=DIRECTION('ref_axis',(1.,0.,0.));
#15794=DIRECTION('center_axis',(0.,0.,1.));
#15795=DIRECTION('ref_axis',(1.,0.,0.));
#15796=DIRECTION('center_axis',(0.,0.,1.));
#15797=DIRECTION('ref_axis',(1.,0.,0.));
#15798=DIRECTION('center_axis',(0.,0.,1.));
#15799=DIRECTION('ref_axis',(1.,0.,0.));
#15800=DIRECTION('center_axis',(0.,0.,1.));
#15801=DIRECTION('ref_axis',(1.,0.,0.));
#15802=DIRECTION('center_axis',(0.,0.,-1.));
#15803=DIRECTION('ref_axis',(1.,0.,0.));
#15804=DIRECTION('center_axis',(0.,0.,-1.));
#15805=DIRECTION('ref_axis',(-1.,0.,0.));
#15806=DIRECTION('center_axis',(0.,0.,1.));
#15807=DIRECTION('ref_axis',(1.,0.,0.));
#15808=DIRECTION('center_axis',(0.,0.,-1.));
#15809=DIRECTION('ref_axis',(1.,0.,0.));
#15810=DIRECTION('center_axis',(0.,0.,-1.));
#15811=DIRECTION('ref_axis',(-1.,0.,0.));
#15812=DIRECTION('center_axis',(0.,0.,1.));
#15813=DIRECTION('ref_axis',(1.,0.,0.));
#15814=DIRECTION('center_axis',(0.,0.,-1.));
#15815=DIRECTION('ref_axis',(1.,0.,0.));
#15816=DIRECTION('center_axis',(0.,0.,1.));
#15817=DIRECTION('ref_axis',(1.,0.,0.));
#15818=DIRECTION('center_axis',(0.,0.,1.));
#15819=DIRECTION('ref_axis',(1.,0.,0.));
#15820=DIRECTION('center_axis',(0.,0.,-1.));
#15821=DIRECTION('ref_axis',(1.,0.,0.));
#15822=DIRECTION('center_axis',(0.,-0.707106781186545,0.70710678118655));
#15823=DIRECTION('ref_axis',(-1.,0.,0.));
#15824=DIRECTION('',(0.,0.70710678118655,0.707106781186545));
#15825=DIRECTION('',(0.,-0.70710678118655,-0.707106781186545));
#15826=DIRECTION('center_axis',(0.,0.,1.));
#15827=DIRECTION('ref_axis',(1.,0.,0.));
#15828=DIRECTION('',(0.70710678118655,0.,-0.707106781186545));
#15829=DIRECTION('center_axis',(0.,0.,1.));
#15830=DIRECTION('ref_axis',(1.,0.,0.));
#15831=DIRECTION('',(0.70710678118655,0.,0.707106781186545));
#15832=DIRECTION('center_axis',(0.707106781186545,0.,0.70710678118655));
#15833=DIRECTION('ref_axis',(0.,-1.,0.));
#15834=DIRECTION('',(0.70710678118655,0.,-0.707106781186545));
#15835=DIRECTION('center_axis',(0.707106781186545,0.,-0.70710678118655));
#15836=DIRECTION('ref_axis',(0.,1.,0.));
#15837=DIRECTION('',(0.70710678118655,0.,0.707106781186545));
#15838=DIRECTION('center_axis',(0.,0.,1.));
#15839=DIRECTION('ref_axis',(1.,0.,0.));
#15840=DIRECTION('',(0.,0.70710678118655,-0.707106781186545));
#15841=DIRECTION('center_axis',(0.,0.,1.));
#15842=DIRECTION('ref_axis',(1.,0.,0.));
#15843=DIRECTION('',(0.,-0.70710678118655,0.707106781186545));
#15844=DIRECTION('center_axis',(0.,0.707106781186545,0.70710678118655));
#15845=DIRECTION('ref_axis',(1.,0.,0.));
#15846=DIRECTION('center_axis',(0.,0.70710678118655,0.707106781186545));
#15847=DIRECTION('ref_axis',(1.,0.,0.));
#15848=DIRECTION('',(0.,-0.707106781186545,0.70710678118655));
#15849=DIRECTION('',(0.,0.707106781186545,-0.70710678118655));
#15850=DIRECTION('center_axis',(0.,0.,-1.));
#15851=DIRECTION('ref_axis',(-1.,0.,0.));
#15852=DIRECTION('',(-0.707106781186546,0.,-0.70710678118655));
#15853=DIRECTION('center_axis',(0.,0.,-1.));
#15854=DIRECTION('ref_axis',(-1.,0.,0.));
#15855=DIRECTION('',(-0.707106781186545,0.,0.70710678118655));
#15856=DIRECTION('center_axis',(-0.70710678118655,0.,0.707106781186545));
#15857=DIRECTION('ref_axis',(0.,1.,0.));
#15858=DIRECTION('',(-0.707106781186545,0.,-0.70710678118655));
#15859=DIRECTION('center_axis',(-0.70710678118655,0.,-0.707106781186545));
#15860=DIRECTION('ref_axis',(0.,-1.,0.));
#15861=DIRECTION('',(-0.707106781186545,0.,0.70710678118655));
#15862=DIRECTION('center_axis',(0.,0.,-1.));
#15863=DIRECTION('ref_axis',(-1.,0.,0.));
#15864=DIRECTION('',(0.,-0.707106781186545,-0.70710678118655));
#15865=DIRECTION('center_axis',(0.,0.,-1.));
#15866=DIRECTION('ref_axis',(-1.,0.,0.));
#15867=DIRECTION('',(0.,0.707106781186544,0.707106781186551));
#15868=DIRECTION('center_axis',(0.,-0.70710678118655,0.707106781186545));
#15869=DIRECTION('ref_axis',(-1.,0.,0.));
#15870=DIRECTION('center_axis',(1.,0.,0.));
#15871=DIRECTION('ref_axis',(0.,0.,-1.));
#15872=DIRECTION('',(0.,0.,1.));
#15873=DIRECTION('',(0.,0.,1.));
#15874=DIRECTION('',(0.,-1.,0.));
#15875=DIRECTION('',(0.,0.,-1.));
#15876=DIRECTION('',(0.,0.,-1.));
#15877=DIRECTION('',(0.,-1.,0.));
#15878=DIRECTION('',(0.,-1.,0.));
#15879=DIRECTION('',(0.,0.,1.));
#15880=DIRECTION('center_axis',(0.,-1.,0.));
#15881=DIRECTION('ref_axis',(0.,0.,-1.));
#15882=DIRECTION('',(-1.,0.,0.));
#15883=DIRECTION('',(0.,0.,-1.));
#15884=DIRECTION('',(0.,0.,1.));
#15885=DIRECTION('center_axis',(1.,-1.88556899562696E-16,0.));
#15886=DIRECTION('ref_axis',(1.88556899562696E-16,1.,0.));
#15887=DIRECTION('',(-1.88556899562696E-16,-1.,0.));
#15888=DIRECTION('',(0.,0.,-1.));
#15889=DIRECTION('',(0.,0.,1.));
#15890=DIRECTION('center_axis',(0.,-1.,0.));
#15891=DIRECTION('ref_axis',(0.,0.,-1.));
#15892=DIRECTION('',(0.,0.,1.));
#15893=DIRECTION('',(-1.,0.,0.));
#15894=DIRECTION('',(0.,0.,-1.));
#15895=DIRECTION('center_axis',(0.,0.,-1.));
#15896=DIRECTION('ref_axis',(-1.,0.,0.));
#15897=DIRECTION('center_axis',(0.,0.,-1.));
#15898=DIRECTION('ref_axis',(-1.,0.,0.));
#15899=DIRECTION('center_axis',(0.,0.,-1.));
#15900=DIRECTION('ref_axis',(-1.,0.,0.));
#15901=DIRECTION('center_axis',(0.,0.,-1.));
#15902=DIRECTION('ref_axis',(-1.,0.,0.));
#15903=DIRECTION('center_axis',(0.,0.,-1.));
#15904=DIRECTION('ref_axis',(-1.,0.,0.));
#15905=DIRECTION('center_axis',(1.,-1.5770213417971E-16,0.));
#15906=DIRECTION('ref_axis',(1.5770213417971E-16,1.,0.));
#15907=DIRECTION('',(0.,0.,1.));
#15908=DIRECTION('',(1.5770213417971E-16,1.,0.));
#15909=DIRECTION('',(0.,0.,-1.));
#15910=DIRECTION('center_axis',(0.,-1.,0.));
#15911=DIRECTION('ref_axis',(0.,0.,-1.));
#15912=DIRECTION('',(0.,0.,1.));
#15913=DIRECTION('',(-1.,0.,0.));
#15914=DIRECTION('',(0.,0.,-1.));
#15915=DIRECTION('',(0.,0.,1.));
#15916=DIRECTION('',(-1.,0.,0.));
#15917=DIRECTION('',(0.,0.,1.));
#15918=DIRECTION('center_axis',(1.,-1.5770213417971E-16,0.));
#15919=DIRECTION('ref_axis',(1.5770213417971E-16,1.,0.));
#15920=DIRECTION('',(0.,0.,1.));
#15921=DIRECTION('',(-1.5770213417971E-16,-1.,0.));
#15922=DIRECTION('',(0.,0.,-1.));
#15923=DIRECTION('center_axis',(0.,-1.,0.));
#15924=DIRECTION('ref_axis',(0.,0.,-1.));
#15925=DIRECTION('',(0.,0.,1.));
#15926=DIRECTION('',(1.,0.,0.));
#15927=DIRECTION('',(0.,0.,-1.));
#15928=DIRECTION('',(0.,0.,1.));
#15929=DIRECTION('',(1.,0.,0.));
#15930=DIRECTION('',(0.,0.,1.));
#15931=DIRECTION('center_axis',(0.,0.,1.));
#15932=DIRECTION('ref_axis',(1.,0.,0.));
#15933=DIRECTION('center_axis',(0.,0.,-1.));
#15934=DIRECTION('ref_axis',(-1.,0.,0.));
#15935=DIRECTION('center_axis',(-1.,0.,0.));
#15936=DIRECTION('ref_axis',(0.,0.,1.));
#15937=DIRECTION('',(0.,0.,1.));
#15938=DIRECTION('',(0.,1.,0.));
#15939=DIRECTION('',(0.,0.,1.));
#15940=DIRECTION('',(0.,0.,-1.));
#15941=DIRECTION('',(0.,0.,1.));
#15942=DIRECTION('',(0.,-1.,0.));
#15943=DIRECTION('',(0.,-1.,0.));
#15944=DIRECTION('center_axis',(0.,1.,0.));
#15945=DIRECTION('ref_axis',(0.,0.,1.));
#15946=DIRECTION('',(1.,0.,0.));
#15947=DIRECTION('',(0.,0.,1.));
#15948=DIRECTION('',(0.,0.,-1.));
#15949=DIRECTION('center_axis',(1.,0.,0.));
#15950=DIRECTION('ref_axis',(0.,0.,-1.));
#15951=DIRECTION('',(0.,0.,-1.));
#15952=DIRECTION('',(0.,-1.,0.));
#15953=DIRECTION('',(0.,0.,1.));
#15954=DIRECTION('center_axis',(0.,-1.,0.));
#15955=DIRECTION('ref_axis',(0.,0.,-1.));
#15956=DIRECTION('',(0.,0.,-1.));
#15957=DIRECTION('',(-1.,0.,0.));
#15958=DIRECTION('',(0.,0.,1.));
#15959=DIRECTION('center_axis',(0.,0.,-1.));
#15960=DIRECTION('ref_axis',(-1.,0.,0.));
#15961=DIRECTION('center_axis',(0.,0.,1.));
#15962=DIRECTION('ref_axis',(-1.,0.,0.));
#15963=DIRECTION('center_axis',(0.,0.,-1.));
#15964=DIRECTION('ref_axis',(-1.,0.,0.));
#15965=DIRECTION('center_axis',(0.,0.,-1.));
#15966=DIRECTION('ref_axis',(-1.,0.,0.));
#15967=DIRECTION('center_axis',(0.,0.,-1.));
#15968=DIRECTION('ref_axis',(-1.,0.,0.));
#15969=DIRECTION('center_axis',(0.,0.,1.));
#15970=DIRECTION('ref_axis',(-1.,0.,0.));
#15971=DIRECTION('center_axis',(0.,0.,-1.));
#15972=DIRECTION('ref_axis',(-1.,0.,0.));
#15973=DIRECTION('center_axis',(0.,0.,1.));
#15974=DIRECTION('ref_axis',(1.,0.,0.));
#15975=DIRECTION('center_axis',(-1.,0.,0.));
#15976=DIRECTION('ref_axis',(0.,0.,1.));
#15977=DIRECTION('',(0.,-1.,0.));
#15978=DIRECTION('',(0.,0.,1.));
#15979=DIRECTION('',(0.,0.,1.));
#15980=DIRECTION('',(0.,-1.,0.));
#15981=DIRECTION('center_axis',(0.,-1.,0.));
#15982=DIRECTION('ref_axis',(0.,0.,-1.));
#15983=DIRECTION('',(1.,0.,0.));
#15984=DIRECTION('',(0.,0.,1.));
#15985=DIRECTION('',(1.,0.,0.));
#15986=DIRECTION('center_axis',(-1.,0.,0.));
#15987=DIRECTION('ref_axis',(0.,0.,1.));
#15988=DIRECTION('',(0.,-1.,0.));
#15989=DIRECTION('',(0.,0.,-1.));
#15990=DIRECTION('',(0.,-1.,0.));
#15991=DIRECTION('',(0.,-1.,0.));
#15992=DIRECTION('center_axis',(0.,-1.,0.));
#15993=DIRECTION('ref_axis',(0.,0.,-1.));
#15994=DIRECTION('',(1.,0.,0.));
#15995=DIRECTION('center_axis',(0.,0.,1.));
#15996=DIRECTION('ref_axis',(1.,0.,0.));
#15997=DIRECTION('center_axis',(0.,0.,-1.));
#15998=DIRECTION('ref_axis',(1.,0.,0.));
#15999=DIRECTION('',(0.,-1.,0.));
#16000=DIRECTION('center_axis',(0.,0.,-1.));
#16001=DIRECTION('ref_axis',(1.,0.,0.));
#16002=DIRECTION('',(1.,0.,0.));
#16003=DIRECTION('center_axis',(0.,0.,-1.));
#16004=DIRECTION('ref_axis',(-1.,0.,0.));
#16005=DIRECTION('center_axis',(-1.,0.,0.));
#16006=DIRECTION('ref_axis',(0.,0.,1.));
#16007=DIRECTION('',(0.,-1.,0.));
#16008=DIRECTION('',(0.,0.,1.));
#16009=DIRECTION('',(0.,0.,1.));
#16010=DIRECTION('center_axis',(0.,0.,1.));
#16011=DIRECTION('ref_axis',(1.,0.,0.));
#16012=DIRECTION('',(1.,0.,0.));
#16013=DIRECTION('center_axis',(0.,0.,1.));
#16014=DIRECTION('ref_axis',(1.,0.,0.));
#16015=DIRECTION('center_axis',(0.,0.,1.));
#16016=DIRECTION('ref_axis',(1.,0.,0.));
#16017=DIRECTION('center_axis',(0.,0.,1.));
#16018=DIRECTION('ref_axis',(1.,0.,0.));
#16019=DIRECTION('center_axis',(0.,0.,1.));
#16020=DIRECTION('ref_axis',(1.,0.,0.));
#16021=DIRECTION('center_axis',(0.,0.,1.));
#16022=DIRECTION('ref_axis',(1.,0.,0.));
#16023=DIRECTION('center_axis',(0.,0.,1.));
#16024=DIRECTION('ref_axis',(1.,0.,0.));
#16025=DIRECTION('center_axis',(0.,0.,1.));
#16026=DIRECTION('ref_axis',(1.,0.,0.));
#16027=DIRECTION('center_axis',(0.,0.,1.));
#16028=DIRECTION('ref_axis',(1.,0.,0.));
#16029=DIRECTION('center_axis',(0.,0.,1.));
#16030=DIRECTION('ref_axis',(1.,0.,0.));
#16031=DIRECTION('center_axis',(0.,-1.,0.));
#16032=DIRECTION('ref_axis',(0.,0.,-1.));
#16033=DIRECTION('',(0.,0.,-1.));
#16034=DIRECTION('',(0.,0.,1.));
#16035=DIRECTION('',(0.,0.,1.));
#16036=DIRECTION('center_axis',(0.,0.,1.));
#16037=DIRECTION('ref_axis',(1.,0.,0.));
#16038=DIRECTION('center_axis',(0.,0.,-1.));
#16039=DIRECTION('ref_axis',(1.,7.15573433840432E-15,0.));
#16040=DIRECTION('',(0.,-1.,0.));
#16041=DIRECTION('',(1.,-1.44560289664734E-16,0.));
#16042=DIRECTION('',(0.,1.,0.));
#16043=DIRECTION('center_axis',(0.,0.,-1.));
#16044=DIRECTION('ref_axis',(1.,0.,0.));
#16045=DIRECTION('center_axis',(1.,0.,0.));
#16046=DIRECTION('ref_axis',(0.,0.,-1.));
#16047=DIRECTION('',(0.,0.,1.));
#16048=DIRECTION('',(0.,0.,1.));
#16049=DIRECTION('center_axis',(-1.44560289664734E-16,-1.,0.));
#16050=DIRECTION('ref_axis',(1.,-1.44560289664734E-16,0.));
#16051=DIRECTION('',(0.,0.,1.));
#16052=DIRECTION('center_axis',(-1.,0.,0.));
#16053=DIRECTION('ref_axis',(0.,0.,1.));
#16054=DIRECTION('',(0.,0.,-1.));
#16055=DIRECTION('center_axis',(0.,0.,-1.));
#16056=DIRECTION('ref_axis',(-1.,0.,0.));
#16057=DIRECTION('center_axis',(0.,0.,-1.));
#16058=DIRECTION('ref_axis',(-1.,0.,0.));
#16059=DIRECTION('center_axis',(0.,0.,-1.));
#16060=DIRECTION('ref_axis',(-1.,0.,0.));
#16061=DIRECTION('center_axis',(0.,0.,1.));
#16062=DIRECTION('ref_axis',(1.,0.,0.));
#16063=DIRECTION('center_axis',(0.,0.,1.));
#16064=DIRECTION('ref_axis',(1.,0.,0.));
#16065=DIRECTION('center_axis',(0.,0.,-1.));
#16066=DIRECTION('ref_axis',(-1.,0.,0.));
#16067=DIRECTION('center_axis',(0.,0.,-1.));
#16068=DIRECTION('ref_axis',(-1.,0.,0.));
#16069=DIRECTION('center_axis',(0.,0.,1.));
#16070=DIRECTION('ref_axis',(1.,0.,0.));
#16071=DIRECTION('center_axis',(0.,0.,-1.));
#16072=DIRECTION('ref_axis',(-1.,0.,0.));
#16073=DIRECTION('center_axis',(-1.,0.,0.));
#16074=DIRECTION('ref_axis',(0.,0.,1.));
#16075=DIRECTION('',(0.,-1.,0.));
#16076=DIRECTION('',(0.,0.,1.));
#16077=DIRECTION('center_axis',(1.,1.15648231731787E-15,0.));
#16078=DIRECTION('ref_axis',(-1.15648231731787E-15,1.,0.));
#16079=DIRECTION('',(0.,0.,1.));
#16080=DIRECTION('',(-1.15648231731787E-15,1.,0.));
#16081=DIRECTION('center_axis',(0.,-1.,0.));
#16082=DIRECTION('ref_axis',(0.,0.,-1.));
#16083=DIRECTION('',(0.,0.,-1.));
#16084=DIRECTION('',(1.,0.,0.));
#16085=DIRECTION('center_axis',(0.,0.,-1.));
#16086=DIRECTION('ref_axis',(-1.,0.,0.));
#16087=DIRECTION('center_axis',(1.,1.15648231731787E-15,0.));
#16088=DIRECTION('ref_axis',(-1.15648231731787E-15,1.,0.));
#16089=DIRECTION('',(0.,0.,1.));
#16090=DIRECTION('',(-1.15648231731787E-15,1.,0.));
#16091=DIRECTION('center_axis',(0.,-1.,0.));
#16092=DIRECTION('ref_axis',(0.,0.,-1.));
#16093=DIRECTION('',(0.,0.,1.));
#16094=DIRECTION('',(0.,0.,1.));
#16095=DIRECTION('',(1.,0.,0.));
#16096=DIRECTION('center_axis',(1.,0.,0.));
#16097=DIRECTION('ref_axis',(0.,0.,-1.));
#16098=DIRECTION('',(0.,1.,0.));
#16099=DIRECTION('center_axis',(0.,0.,-1.));
#16100=DIRECTION('ref_axis',(-1.,0.,0.));
#16101=DIRECTION('center_axis',(0.,0.,1.));
#16102=DIRECTION('ref_axis',(1.,0.,0.));
#16103=DIRECTION('center_axis',(0.,0.,-1.));
#16104=DIRECTION('ref_axis',(-1.,0.,0.));
#16105=DIRECTION('center_axis',(0.,0.,1.));
#16106=DIRECTION('ref_axis',(-1.,1.22464679914735E-16,0.));
#16107=DIRECTION('center_axis',(0.,0.,-1.));
#16108=DIRECTION('ref_axis',(-1.,0.,0.));
#16109=DIRECTION('center_axis',(0.,0.,1.));
#16110=DIRECTION('ref_axis',(1.,0.,0.));
#16111=DIRECTION('center_axis',(0.,0.,-1.));
#16112=DIRECTION('ref_axis',(-1.,0.,0.));
#16113=DIRECTION('center_axis',(0.,0.,-1.));
#16114=DIRECTION('ref_axis',(-1.,0.,0.));
#16115=DIRECTION('center_axis',(0.,0.,1.));
#16116=DIRECTION('ref_axis',(1.,0.,0.));
#16117=DIRECTION('center_axis',(0.,0.,1.));
#16118=DIRECTION('ref_axis',(1.,0.,0.));
#16119=DIRECTION('center_axis',(0.,0.,-1.));
#16120=DIRECTION('ref_axis',(-1.,0.,0.));
#16121=DIRECTION('center_axis',(0.,0.,1.));
#16122=DIRECTION('ref_axis',(1.,0.,0.));
#16123=DIRECTION('center_axis',(0.,0.,1.));
#16124=DIRECTION('ref_axis',(1.,0.,0.));
#16125=DIRECTION('center_axis',(0.,0.,1.));
#16126=DIRECTION('ref_axis',(1.,0.,0.));
#16127=DIRECTION('center_axis',(0.,0.,-1.));
#16128=DIRECTION('ref_axis',(-1.,0.,0.));
#16129=DIRECTION('center_axis',(0.,0.,1.));
#16130=DIRECTION('ref_axis',(1.,0.,0.));
#16131=DIRECTION('center_axis',(-0.707106781186547,1.11512248486064E-16,
-0.707106781186548));
#16132=DIRECTION('ref_axis',(-1.5770213417971E-16,-1.,1.23259516440783E-32));
#16133=DIRECTION('',(-0.707106781186547,0.,0.707106781186547));
#16134=DIRECTION('',(0.707106781186548,0.,-0.707106781186547));
#16135=DIRECTION('center_axis',(0.,0.,1.));
#16136=DIRECTION('ref_axis',(1.,0.,0.));
#16137=DIRECTION('',(0.,-0.707106781186547,-0.707106781186547));
#16138=DIRECTION('center_axis',(0.,0.,1.));
#16139=DIRECTION('ref_axis',(1.,0.,0.));
#16140=DIRECTION('',(0.,-0.707106781186547,0.707106781186547));
#16141=DIRECTION('center_axis',(0.,0.707106781186548,-0.707106781186548));
#16142=DIRECTION('ref_axis',(-1.,0.,0.));
#16143=DIRECTION('',(0.,-0.707106781186547,-0.707106781186547));
#16144=DIRECTION('center_axis',(0.,0.707106781186548,0.707106781186548));
#16145=DIRECTION('ref_axis',(1.,0.,0.));
#16146=DIRECTION('',(0.,-0.707106781186547,0.707106781186547));
#16147=DIRECTION('center_axis',(0.,0.,1.));
#16148=DIRECTION('ref_axis',(1.,0.,0.));
#16149=DIRECTION('',(-0.707106781186547,0.,-0.707106781186547));
#16150=DIRECTION('center_axis',(0.,0.,1.));
#16151=DIRECTION('ref_axis',(1.,0.,0.));
#16152=DIRECTION('',(0.707106781186547,0.,0.707106781186547));
#16153=DIRECTION('center_axis',(-0.707106781186548,1.11512248486064E-16,
0.707106781186547));
#16154=DIRECTION('ref_axis',(1.5770213417971E-16,1.,-1.23259516440783E-32));
#16155=DIRECTION('center_axis',(0.,0.,1.));
#16156=DIRECTION('ref_axis',(1.,0.,0.));
#16157=DIRECTION('',(-0.707106781186544,0.,0.707106781186551));
#16158=DIRECTION('',(-0.707106781186544,0.,-0.707106781186551));
#16159=DIRECTION('center_axis',(-0.707106781186552,2.11488747128742E-16,
0.707106781186543));
#16160=DIRECTION('ref_axis',(2.9909025447876E-16,1.,0.));
#16161=DIRECTION('',(-0.707106781186544,0.,-0.707106781186551));
#16162=DIRECTION('center_axis',(-0.707106781186551,0.,-0.707106781186544));
#16163=DIRECTION('ref_axis',(0.,-1.,0.));
#16164=DIRECTION('',(-0.707106781186544,0.,0.707106781186551));
#16165=DIRECTION('center_axis',(0.,0.,1.));
#16166=DIRECTION('ref_axis',(1.,0.,0.));
#16167=DIRECTION('center_axis',(0.,0.,1.));
#16168=DIRECTION('ref_axis',(1.,0.,0.));
#16169=DIRECTION('',(-0.707106781186548,0.,0.707106781186547));
#16170=DIRECTION('',(0.,-0.707106781186548,-0.707106781186547));
#16171=DIRECTION('center_axis',(0.,-0.707106781186547,0.707106781186548));
#16172=DIRECTION('ref_axis',(1.,0.,0.));
#16173=DIRECTION('',(0.,-0.707106781186548,-0.707106781186547));
#16174=DIRECTION('center_axis',(0.707106781186547,1.10507633634838E-16,
0.707106781186548));
#16175=DIRECTION('ref_axis',(-1.56281394232145E-16,1.,0.));
#16176=DIRECTION('',(-0.70710678118655,0.,0.707106781186545));
#16177=DIRECTION('center_axis',(0.,0.,1.));
#16178=DIRECTION('ref_axis',(1.,0.,0.));
#16179=DIRECTION('',(-0.707106781186548,0.,-0.707106781186547));
#16180=DIRECTION('center_axis',(0.,0.,1.));
#16181=DIRECTION('ref_axis',(1.,0.,0.));
#16182=DIRECTION('',(0.,-0.707106781186549,0.707106781186546));
#16183=DIRECTION('center_axis',(-0.707106781186547,0.,0.707106781186548));
#16184=DIRECTION('ref_axis',(0.,-1.,0.));
#16185=DIRECTION('',(-0.707106781186548,0.,-0.707106781186547));
#16186=DIRECTION('center_axis',(0.,0.707106781186547,0.707106781186548));
#16187=DIRECTION('ref_axis',(-1.,0.,0.));
#16188=DIRECTION('',(0.,-0.707106781186548,0.707106781186547));
#16189=DIRECTION('center_axis',(0.,0.,1.));
#16190=DIRECTION('ref_axis',(1.,0.,0.));
#16191=DIRECTION('axis',(0.,0.,1.));
#16192=DIRECTION('refdir',(1.,0.,0.));
#16193=DIRECTION('center_axis',(-1.,0.,0.));
#16194=DIRECTION('ref_axis',(0.,0.,1.));
#16195=DIRECTION('center_axis',(-1.,0.,0.));
#16196=DIRECTION('ref_axis',(0.,0.,1.));
#16197=DIRECTION('',(-1.,0.,0.));
#16198=DIRECTION('center_axis',(-1.,0.,0.));
#16199=DIRECTION('ref_axis',(0.,0.,1.));
#16200=DIRECTION('',(-1.,0.,0.));
#16201=DIRECTION('center_axis',(-1.,0.,0.));
#16202=DIRECTION('ref_axis',(0.,0.,1.));
#16203=DIRECTION('center_axis',(-1.,0.,0.));
#16204=DIRECTION('ref_axis',(0.,0.,1.));
#16205=DIRECTION('',(-1.,0.,0.));
#16206=DIRECTION('center_axis',(-1.,0.,0.));
#16207=DIRECTION('ref_axis',(0.,0.,1.));
#16208=DIRECTION('',(-1.,0.,0.));
#16209=DIRECTION('center_axis',(-1.,0.,0.));
#16210=DIRECTION('ref_axis',(0.,0.,1.));
#16211=DIRECTION('center_axis',(-1.,0.,0.));
#16212=DIRECTION('ref_axis',(0.,0.,1.));
#16213=DIRECTION('',(-1.,0.,0.));
#16214=DIRECTION('center_axis',(-1.,0.,0.));
#16215=DIRECTION('ref_axis',(0.,0.,1.));
#16216=DIRECTION('',(-1.,0.,0.));
#16217=DIRECTION('center_axis',(-1.,0.,0.));
#16218=DIRECTION('ref_axis',(0.,0.,1.));
#16219=DIRECTION('center_axis',(-1.,0.,0.));
#16220=DIRECTION('ref_axis',(0.,0.,1.));
#16221=DIRECTION('',(-1.,0.,0.));
#16222=DIRECTION('center_axis',(-1.,0.,0.));
#16223=DIRECTION('ref_axis',(0.,0.,1.));
#16224=DIRECTION('',(-1.,0.,0.));
#16225=DIRECTION('center_axis',(-1.,0.,0.));
#16226=DIRECTION('ref_axis',(0.,0.,1.));
#16227=DIRECTION('center_axis',(-1.,0.,0.));
#16228=DIRECTION('ref_axis',(0.,0.,1.));
#16229=DIRECTION('',(-1.,0.,0.));
#16230=DIRECTION('center_axis',(-1.,0.,0.));
#16231=DIRECTION('ref_axis',(0.,0.,1.));
#16232=DIRECTION('',(-1.,0.,0.));
#16233=DIRECTION('center_axis',(-1.,0.,0.));
#16234=DIRECTION('ref_axis',(0.,0.,1.));
#16235=DIRECTION('center_axis',(-1.,0.,0.));
#16236=DIRECTION('ref_axis',(0.,0.,1.));
#16237=DIRECTION('',(-1.,0.,0.));
#16238=DIRECTION('center_axis',(-1.,0.,0.));
#16239=DIRECTION('ref_axis',(0.,0.,1.));
#16240=DIRECTION('',(-1.,0.,0.));
#16241=DIRECTION('center_axis',(-1.,0.,0.));
#16242=DIRECTION('ref_axis',(0.,0.,1.));
#16243=DIRECTION('center_axis',(-1.,0.,0.));
#16244=DIRECTION('ref_axis',(0.,0.,1.));
#16245=DIRECTION('',(-1.,0.,0.));
#16246=DIRECTION('center_axis',(-1.,0.,0.));
#16247=DIRECTION('ref_axis',(0.,0.,1.));
#16248=DIRECTION('',(-1.,0.,0.));
#16249=DIRECTION('center_axis',(-1.,0.,0.));
#16250=DIRECTION('ref_axis',(0.,0.,1.));
#16251=DIRECTION('center_axis',(-1.,0.,0.));
#16252=DIRECTION('ref_axis',(0.,0.,1.));
#16253=DIRECTION('',(-1.,0.,0.));
#16254=DIRECTION('center_axis',(-1.,0.,0.));
#16255=DIRECTION('ref_axis',(0.,0.,1.));
#16256=DIRECTION('',(-1.,0.,0.));
#16257=DIRECTION('center_axis',(-1.,0.,0.));
#16258=DIRECTION('ref_axis',(0.,0.,1.));
#16259=DIRECTION('center_axis',(-1.,0.,0.));
#16260=DIRECTION('ref_axis',(0.,0.,1.));
#16261=DIRECTION('',(-1.,0.,0.));
#16262=DIRECTION('center_axis',(-1.,0.,0.));
#16263=DIRECTION('ref_axis',(0.,0.,1.));
#16264=DIRECTION('',(-1.,0.,0.));
#16265=DIRECTION('center_axis',(-1.,0.,0.));
#16266=DIRECTION('ref_axis',(0.,0.,1.));
#16267=DIRECTION('center_axis',(-1.,0.,0.));
#16268=DIRECTION('ref_axis',(0.,0.,1.));
#16269=DIRECTION('',(-1.,0.,0.));
#16270=DIRECTION('center_axis',(-1.,0.,0.));
#16271=DIRECTION('ref_axis',(0.,0.,1.));
#16272=DIRECTION('',(-1.,0.,0.));
#16273=DIRECTION('center_axis',(-1.,0.,0.));
#16274=DIRECTION('ref_axis',(0.,0.,1.));
#16275=DIRECTION('center_axis',(-1.,0.,0.));
#16276=DIRECTION('ref_axis',(0.,0.,1.));
#16277=DIRECTION('',(-1.,0.,0.));
#16278=DIRECTION('center_axis',(-1.,0.,0.));
#16279=DIRECTION('ref_axis',(0.,0.,1.));
#16280=DIRECTION('',(-1.,0.,0.));
#16281=DIRECTION('center_axis',(-1.,0.,0.));
#16282=DIRECTION('ref_axis',(0.,0.,1.));
#16283=DIRECTION('center_axis',(-1.,0.,0.));
#16284=DIRECTION('ref_axis',(0.,0.,1.));
#16285=DIRECTION('',(-1.,0.,0.));
#16286=DIRECTION('center_axis',(-1.,0.,0.));
#16287=DIRECTION('ref_axis',(0.,0.,1.));
#16288=DIRECTION('',(-1.,0.,0.));
#16289=DIRECTION('center_axis',(-1.,0.,0.));
#16290=DIRECTION('ref_axis',(0.,0.,1.));
#16291=DIRECTION('center_axis',(-1.,0.,0.));
#16292=DIRECTION('ref_axis',(0.,0.,1.));
#16293=DIRECTION('',(-1.,0.,0.));
#16294=DIRECTION('center_axis',(-1.,0.,0.));
#16295=DIRECTION('ref_axis',(0.,0.,1.));
#16296=DIRECTION('',(-1.,0.,0.));
#16297=DIRECTION('center_axis',(-1.,0.,0.));
#16298=DIRECTION('ref_axis',(0.,0.,1.));
#16299=DIRECTION('center_axis',(-1.,0.,0.));
#16300=DIRECTION('ref_axis',(0.,0.,1.));
#16301=DIRECTION('',(-1.,0.,0.));
#16302=DIRECTION('center_axis',(-1.,0.,0.));
#16303=DIRECTION('ref_axis',(0.,0.,1.));
#16304=DIRECTION('',(-1.,0.,0.));
#16305=DIRECTION('center_axis',(-1.,0.,0.));
#16306=DIRECTION('ref_axis',(0.,0.,1.));
#16307=DIRECTION('center_axis',(-1.,0.,0.));
#16308=DIRECTION('ref_axis',(0.,0.,1.));
#16309=DIRECTION('',(-1.,0.,0.));
#16310=DIRECTION('center_axis',(-1.,0.,0.));
#16311=DIRECTION('ref_axis',(0.,0.,1.));
#16312=DIRECTION('',(-1.,0.,0.));
#16313=DIRECTION('center_axis',(-1.,0.,0.));
#16314=DIRECTION('ref_axis',(0.,0.,1.));
#16315=DIRECTION('center_axis',(-1.,0.,0.));
#16316=DIRECTION('ref_axis',(0.,0.,1.));
#16317=DIRECTION('',(-1.,0.,0.));
#16318=DIRECTION('center_axis',(-1.,0.,0.));
#16319=DIRECTION('ref_axis',(0.,0.,1.));
#16320=DIRECTION('',(-1.,0.,0.));
#16321=DIRECTION('center_axis',(-1.,0.,0.));
#16322=DIRECTION('ref_axis',(0.,0.,1.));
#16323=DIRECTION('center_axis',(-1.,0.,0.));
#16324=DIRECTION('ref_axis',(0.,0.,1.));
#16325=DIRECTION('',(-1.,0.,0.));
#16326=DIRECTION('center_axis',(-1.,0.,0.));
#16327=DIRECTION('ref_axis',(0.,0.,1.));
#16328=DIRECTION('',(-1.,0.,0.));
#16329=DIRECTION('center_axis',(-1.,0.,0.));
#16330=DIRECTION('ref_axis',(0.,0.,1.));
#16331=DIRECTION('center_axis',(-1.,0.,0.));
#16332=DIRECTION('ref_axis',(0.,0.,1.));
#16333=DIRECTION('',(-1.,0.,0.));
#16334=DIRECTION('center_axis',(-1.,0.,0.));
#16335=DIRECTION('ref_axis',(0.,0.,1.));
#16336=DIRECTION('',(-1.,0.,0.));
#16337=DIRECTION('center_axis',(-1.,0.,0.));
#16338=DIRECTION('ref_axis',(0.,0.,1.));
#16339=DIRECTION('center_axis',(-1.,0.,0.));
#16340=DIRECTION('ref_axis',(0.,0.,1.));
#16341=DIRECTION('',(-1.,0.,0.));
#16342=DIRECTION('center_axis',(-1.,0.,0.));
#16343=DIRECTION('ref_axis',(0.,0.,1.));
#16344=DIRECTION('',(-1.,0.,0.));
#16345=DIRECTION('center_axis',(-1.,0.,0.));
#16346=DIRECTION('ref_axis',(0.,0.,1.));
#16347=DIRECTION('center_axis',(-1.,0.,0.));
#16348=DIRECTION('ref_axis',(0.,0.,1.));
#16349=DIRECTION('',(-1.,0.,0.));
#16350=DIRECTION('center_axis',(-1.,0.,0.));
#16351=DIRECTION('ref_axis',(0.,0.,1.));
#16352=DIRECTION('',(-1.,0.,0.));
#16353=DIRECTION('center_axis',(-1.,0.,0.));
#16354=DIRECTION('ref_axis',(0.,0.,1.));
#16355=DIRECTION('center_axis',(-1.,0.,0.));
#16356=DIRECTION('ref_axis',(0.,0.,1.));
#16357=DIRECTION('',(-1.,0.,0.));
#16358=DIRECTION('center_axis',(-1.,0.,0.));
#16359=DIRECTION('ref_axis',(0.,0.,1.));
#16360=DIRECTION('',(-1.,0.,0.));
#16361=DIRECTION('center_axis',(-1.,0.,0.));
#16362=DIRECTION('ref_axis',(0.,0.,1.));
#16363=DIRECTION('center_axis',(-1.,0.,0.));
#16364=DIRECTION('ref_axis',(0.,0.,1.));
#16365=DIRECTION('',(-1.,0.,0.));
#16366=DIRECTION('center_axis',(-1.,0.,0.));
#16367=DIRECTION('ref_axis',(0.,0.,1.));
#16368=DIRECTION('',(-1.,0.,0.));
#16369=DIRECTION('center_axis',(-1.,0.,0.));
#16370=DIRECTION('ref_axis',(0.,0.,1.));
#16371=DIRECTION('center_axis',(-1.,0.,0.));
#16372=DIRECTION('ref_axis',(0.,0.,1.));
#16373=DIRECTION('',(-1.,0.,0.));
#16374=DIRECTION('center_axis',(-1.,0.,0.));
#16375=DIRECTION('ref_axis',(0.,0.,1.));
#16376=DIRECTION('',(-1.,0.,0.));
#16377=DIRECTION('center_axis',(-1.,0.,0.));
#16378=DIRECTION('ref_axis',(0.,0.,1.));
#16379=DIRECTION('center_axis',(-1.,0.,0.));
#16380=DIRECTION('ref_axis',(0.,0.,1.));
#16381=DIRECTION('',(-1.,0.,0.));
#16382=DIRECTION('center_axis',(-1.,0.,0.));
#16383=DIRECTION('ref_axis',(0.,0.,1.));
#16384=DIRECTION('',(-1.,0.,0.));
#16385=DIRECTION('center_axis',(-1.,0.,0.));
#16386=DIRECTION('ref_axis',(0.,0.,1.));
#16387=DIRECTION('center_axis',(-1.,0.,0.));
#16388=DIRECTION('ref_axis',(0.,0.,1.));
#16389=DIRECTION('',(-1.,0.,0.));
#16390=DIRECTION('center_axis',(-1.,0.,0.));
#16391=DIRECTION('ref_axis',(0.,0.,1.));
#16392=DIRECTION('',(-1.,0.,0.));
#16393=DIRECTION('center_axis',(-1.,0.,0.));
#16394=DIRECTION('ref_axis',(0.,0.,1.));
#16395=DIRECTION('center_axis',(-1.,0.,0.));
#16396=DIRECTION('ref_axis',(0.,0.,1.));
#16397=DIRECTION('',(-1.,0.,0.));
#16398=DIRECTION('center_axis',(-1.,0.,0.));
#16399=DIRECTION('ref_axis',(0.,0.,1.));
#16400=DIRECTION('',(-1.,0.,0.));
#16401=DIRECTION('center_axis',(-1.,0.,0.));
#16402=DIRECTION('ref_axis',(0.,0.,1.));
#16403=DIRECTION('center_axis',(-1.,0.,0.));
#16404=DIRECTION('ref_axis',(0.,0.,1.));
#16405=DIRECTION('',(-1.,0.,0.));
#16406=DIRECTION('center_axis',(-1.,0.,0.));
#16407=DIRECTION('ref_axis',(0.,0.,1.));
#16408=DIRECTION('',(-1.,0.,0.));
#16409=DIRECTION('center_axis',(-1.,0.,0.));
#16410=DIRECTION('ref_axis',(0.,0.,1.));
#16411=DIRECTION('center_axis',(-1.,0.,0.));
#16412=DIRECTION('ref_axis',(0.,0.,1.));
#16413=DIRECTION('',(-1.,0.,0.));
#16414=DIRECTION('center_axis',(-1.,0.,0.));
#16415=DIRECTION('ref_axis',(0.,0.,1.));
#16416=DIRECTION('',(-1.,0.,0.));
#16417=DIRECTION('center_axis',(-1.,0.,0.));
#16418=DIRECTION('ref_axis',(0.,0.,1.));
#16419=DIRECTION('center_axis',(-1.,0.,0.));
#16420=DIRECTION('ref_axis',(0.,0.,1.));
#16421=DIRECTION('',(-1.,0.,0.));
#16422=DIRECTION('center_axis',(-1.,0.,0.));
#16423=DIRECTION('ref_axis',(0.,0.,1.));
#16424=DIRECTION('',(-1.,0.,0.));
#16425=DIRECTION('center_axis',(-1.,0.,0.));
#16426=DIRECTION('ref_axis',(0.,0.,1.));
#16427=DIRECTION('center_axis',(-1.,0.,0.));
#16428=DIRECTION('ref_axis',(0.,0.,1.));
#16429=DIRECTION('',(-1.,0.,0.));
#16430=DIRECTION('center_axis',(-1.,0.,0.));
#16431=DIRECTION('ref_axis',(0.,0.,1.));
#16432=DIRECTION('',(-1.,0.,0.));
#16433=DIRECTION('center_axis',(-1.,0.,0.));
#16434=DIRECTION('ref_axis',(0.,0.,1.));
#16435=DIRECTION('center_axis',(-1.,0.,0.));
#16436=DIRECTION('ref_axis',(0.,0.,1.));
#16437=DIRECTION('',(-1.,0.,0.));
#16438=DIRECTION('center_axis',(-1.,0.,0.));
#16439=DIRECTION('ref_axis',(0.,0.,1.));
#16440=DIRECTION('',(-1.,0.,0.));
#16441=DIRECTION('center_axis',(-1.,0.,0.));
#16442=DIRECTION('ref_axis',(0.,0.,1.));
#16443=DIRECTION('center_axis',(-1.,0.,0.));
#16444=DIRECTION('ref_axis',(0.,0.,1.));
#16445=DIRECTION('',(-1.,0.,0.));
#16446=DIRECTION('center_axis',(-1.,0.,0.));
#16447=DIRECTION('ref_axis',(0.,0.,1.));
#16448=DIRECTION('',(-1.,0.,0.));
#16449=DIRECTION('center_axis',(-1.,0.,0.));
#16450=DIRECTION('ref_axis',(0.,0.,1.));
#16451=DIRECTION('center_axis',(-1.,0.,0.));
#16452=DIRECTION('ref_axis',(0.,0.,1.));
#16453=DIRECTION('',(-1.,0.,0.));
#16454=DIRECTION('center_axis',(-1.,0.,0.));
#16455=DIRECTION('ref_axis',(0.,0.,1.));
#16456=DIRECTION('',(-1.,0.,0.));
#16457=DIRECTION('center_axis',(-1.,0.,0.));
#16458=DIRECTION('ref_axis',(0.,0.,1.));
#16459=DIRECTION('center_axis',(-1.,0.,0.));
#16460=DIRECTION('ref_axis',(0.,0.,1.));
#16461=DIRECTION('',(-1.,0.,0.));
#16462=DIRECTION('center_axis',(-1.,0.,0.));
#16463=DIRECTION('ref_axis',(0.,0.,1.));
#16464=DIRECTION('',(-1.,0.,0.));
#16465=DIRECTION('center_axis',(-1.,0.,0.));
#16466=DIRECTION('ref_axis',(0.,0.,1.));
#16467=DIRECTION('center_axis',(-1.,0.,0.));
#16468=DIRECTION('ref_axis',(0.,0.,1.));
#16469=DIRECTION('',(-1.,0.,0.));
#16470=DIRECTION('center_axis',(-1.,0.,0.));
#16471=DIRECTION('ref_axis',(0.,0.,1.));
#16472=DIRECTION('',(-1.,0.,0.));
#16473=DIRECTION('center_axis',(-1.,0.,0.));
#16474=DIRECTION('ref_axis',(0.,0.,1.));
#16475=DIRECTION('center_axis',(-1.,0.,0.));
#16476=DIRECTION('ref_axis',(0.,0.,1.));
#16477=DIRECTION('',(-1.,0.,0.));
#16478=DIRECTION('center_axis',(-1.,0.,0.));
#16479=DIRECTION('ref_axis',(0.,0.,1.));
#16480=DIRECTION('',(-1.,0.,0.));
#16481=DIRECTION('center_axis',(-1.,0.,0.));
#16482=DIRECTION('ref_axis',(0.,0.,1.));
#16483=DIRECTION('center_axis',(-1.,0.,0.));
#16484=DIRECTION('ref_axis',(0.,0.,1.));
#16485=DIRECTION('',(-1.,0.,0.));
#16486=DIRECTION('center_axis',(-1.,0.,0.));
#16487=DIRECTION('ref_axis',(0.,0.,1.));
#16488=DIRECTION('',(-1.,0.,0.));
#16489=DIRECTION('center_axis',(-1.,0.,0.));
#16490=DIRECTION('ref_axis',(0.,0.,1.));
#16491=DIRECTION('center_axis',(-1.,0.,0.));
#16492=DIRECTION('ref_axis',(0.,0.,1.));
#16493=DIRECTION('',(-1.,0.,0.));
#16494=DIRECTION('center_axis',(-1.,0.,0.));
#16495=DIRECTION('ref_axis',(0.,0.,1.));
#16496=DIRECTION('',(-1.,0.,0.));
#16497=DIRECTION('center_axis',(-1.,0.,0.));
#16498=DIRECTION('ref_axis',(0.,0.,1.));
#16499=DIRECTION('center_axis',(-1.,0.,0.));
#16500=DIRECTION('ref_axis',(0.,0.,1.));
#16501=DIRECTION('',(-1.,0.,0.));
#16502=DIRECTION('center_axis',(-1.,0.,0.));
#16503=DIRECTION('ref_axis',(0.,0.,1.));
#16504=DIRECTION('',(-1.,0.,0.));
#16505=DIRECTION('center_axis',(-1.,0.,0.));
#16506=DIRECTION('ref_axis',(0.,0.,1.));
#16507=DIRECTION('center_axis',(-1.,0.,0.));
#16508=DIRECTION('ref_axis',(0.,0.,1.));
#16509=DIRECTION('',(-1.,0.,0.));
#16510=DIRECTION('center_axis',(-1.,0.,0.));
#16511=DIRECTION('ref_axis',(0.,0.,1.));
#16512=DIRECTION('',(-1.,0.,0.));
#16513=DIRECTION('center_axis',(-1.,0.,0.));
#16514=DIRECTION('ref_axis',(0.,0.,1.));
#16515=DIRECTION('center_axis',(-1.,0.,0.));
#16516=DIRECTION('ref_axis',(0.,0.,1.));
#16517=DIRECTION('',(-1.,0.,0.));
#16518=DIRECTION('center_axis',(-1.,0.,0.));
#16519=DIRECTION('ref_axis',(0.,0.,1.));
#16520=DIRECTION('',(-1.,0.,0.));
#16521=DIRECTION('center_axis',(-1.,0.,0.));
#16522=DIRECTION('ref_axis',(0.,0.,1.));
#16523=DIRECTION('center_axis',(-1.,0.,0.));
#16524=DIRECTION('ref_axis',(0.,0.,1.));
#16525=DIRECTION('',(-1.,0.,0.));
#16526=DIRECTION('center_axis',(-1.,0.,0.));
#16527=DIRECTION('ref_axis',(0.,0.,1.));
#16528=DIRECTION('',(-1.,0.,0.));
#16529=DIRECTION('center_axis',(-1.,0.,0.));
#16530=DIRECTION('ref_axis',(0.,0.,1.));
#16531=DIRECTION('center_axis',(-1.,0.,0.));
#16532=DIRECTION('ref_axis',(0.,0.,1.));
#16533=DIRECTION('',(-1.,0.,0.));
#16534=DIRECTION('center_axis',(-1.,0.,0.));
#16535=DIRECTION('ref_axis',(0.,0.,1.));
#16536=DIRECTION('',(-1.,0.,0.));
#16537=DIRECTION('center_axis',(-1.,0.,0.));
#16538=DIRECTION('ref_axis',(0.,0.,1.));
#16539=DIRECTION('center_axis',(-1.,0.,0.));
#16540=DIRECTION('ref_axis',(0.,0.,1.));
#16541=DIRECTION('',(-1.,0.,0.));
#16542=DIRECTION('center_axis',(-1.,0.,0.));
#16543=DIRECTION('ref_axis',(0.,0.,1.));
#16544=DIRECTION('',(-1.,0.,0.));
#16545=DIRECTION('center_axis',(-1.,0.,0.));
#16546=DIRECTION('ref_axis',(0.,0.,1.));
#16547=DIRECTION('center_axis',(-1.,0.,0.));
#16548=DIRECTION('ref_axis',(0.,0.,1.));
#16549=DIRECTION('',(-1.,0.,0.));
#16550=DIRECTION('center_axis',(-1.,0.,0.));
#16551=DIRECTION('ref_axis',(0.,0.,1.));
#16552=DIRECTION('',(-1.,0.,0.));
#16553=DIRECTION('center_axis',(-1.,0.,0.));
#16554=DIRECTION('ref_axis',(0.,0.,1.));
#16555=DIRECTION('center_axis',(-1.,0.,0.));
#16556=DIRECTION('ref_axis',(0.,0.,1.));
#16557=DIRECTION('',(-1.,0.,0.));
#16558=DIRECTION('center_axis',(-1.,0.,0.));
#16559=DIRECTION('ref_axis',(0.,0.,1.));
#16560=DIRECTION('',(-1.,0.,0.));
#16561=DIRECTION('center_axis',(-1.,0.,0.));
#16562=DIRECTION('ref_axis',(0.,0.,1.));
#16563=DIRECTION('center_axis',(-1.,0.,0.));
#16564=DIRECTION('ref_axis',(0.,0.,1.));
#16565=DIRECTION('',(-1.,0.,0.));
#16566=DIRECTION('center_axis',(-1.,0.,0.));
#16567=DIRECTION('ref_axis',(0.,0.,1.));
#16568=DIRECTION('',(-1.,0.,0.));
#16569=DIRECTION('center_axis',(-1.,0.,0.));
#16570=DIRECTION('ref_axis',(0.,0.,1.));
#16571=DIRECTION('center_axis',(-1.,0.,0.));
#16572=DIRECTION('ref_axis',(0.,0.,1.));
#16573=DIRECTION('',(-1.,0.,0.));
#16574=DIRECTION('center_axis',(-1.,0.,0.));
#16575=DIRECTION('ref_axis',(0.,0.,1.));
#16576=DIRECTION('',(-1.,0.,0.));
#16577=DIRECTION('center_axis',(-1.,0.,0.));
#16578=DIRECTION('ref_axis',(0.,0.,1.));
#16579=DIRECTION('center_axis',(-1.,0.,0.));
#16580=DIRECTION('ref_axis',(0.,0.,1.));
#16581=DIRECTION('',(-1.,0.,0.));
#16582=DIRECTION('center_axis',(-1.,0.,0.));
#16583=DIRECTION('ref_axis',(0.,0.,1.));
#16584=DIRECTION('',(-1.,0.,0.));
#16585=DIRECTION('center_axis',(-1.,0.,0.));
#16586=DIRECTION('ref_axis',(0.,0.,1.));
#16587=DIRECTION('center_axis',(-1.,0.,0.));
#16588=DIRECTION('ref_axis',(0.,0.,1.));
#16589=DIRECTION('',(-1.,0.,0.));
#16590=DIRECTION('center_axis',(-1.,0.,0.));
#16591=DIRECTION('ref_axis',(0.,0.,1.));
#16592=DIRECTION('',(-1.,0.,0.));
#16593=DIRECTION('center_axis',(0.,-2.81892564846231E-15,-1.));
#16594=DIRECTION('ref_axis',(0.,1.,-2.81892564846231E-15));
#16595=DIRECTION('',(0.,-1.,2.81892564846231E-15));
#16596=DIRECTION('',(-1.,0.,0.));
#16597=DIRECTION('',(0.,-1.,2.81892564846231E-15));
#16598=DIRECTION('',(-1.,0.,0.));
#16599=DIRECTION('center_axis',(-1.,0.,0.));
#16600=DIRECTION('ref_axis',(0.,0.,1.));
#16601=DIRECTION('center_axis',(-1.,0.,0.));
#16602=DIRECTION('ref_axis',(0.,0.,1.));
#16603=DIRECTION('',(-1.,0.,0.));
#16604=DIRECTION('center_axis',(-1.,0.,0.));
#16605=DIRECTION('ref_axis',(0.,0.,1.));
#16606=DIRECTION('center_axis',(0.,-1.,0.));
#16607=DIRECTION('ref_axis',(0.,0.,-1.));
#16608=DIRECTION('',(0.,0.,1.));
#16609=DIRECTION('',(-1.,0.,0.));
#16610=DIRECTION('',(0.,0.,1.));
#16611=DIRECTION('center_axis',(-1.,0.,0.));
#16612=DIRECTION('ref_axis',(0.,0.,1.));
#16613=DIRECTION('center_axis',(1.,0.,0.));
#16614=DIRECTION('ref_axis',(0.,0.,1.));
#16615=DIRECTION('',(-1.,0.,0.));
#16616=DIRECTION('center_axis',(1.,0.,0.));
#16617=DIRECTION('ref_axis',(0.,0.,1.));
#16618=DIRECTION('center_axis',(0.,0.,-1.));
#16619=DIRECTION('ref_axis',(-1.,0.,0.));
#16620=DIRECTION('',(0.,-1.,0.));
#16621=DIRECTION('',(-1.,0.,0.));
#16622=DIRECTION('',(0.,-1.,0.));
#16623=DIRECTION('center_axis',(-1.,0.,0.));
#16624=DIRECTION('ref_axis',(0.,0.,1.));
#16625=DIRECTION('center_axis',(1.,0.,0.));
#16626=DIRECTION('ref_axis',(0.,0.,1.));
#16627=DIRECTION('',(-1.,0.,0.));
#16628=DIRECTION('center_axis',(1.,0.,0.));
#16629=DIRECTION('ref_axis',(0.,0.,1.));
#16630=DIRECTION('center_axis',(0.,-1.,0.));
#16631=DIRECTION('ref_axis',(0.,0.,-1.));
#16632=DIRECTION('',(0.,0.,1.));
#16633=DIRECTION('',(-1.,0.,0.));
#16634=DIRECTION('',(0.,0.,1.));
#16635=DIRECTION('center_axis',(0.,-0.500000000000001,0.866025403784438));
#16636=DIRECTION('ref_axis',(0.,-0.866025403784438,-0.500000000000001));
#16637=DIRECTION('',(0.,0.866025403784438,0.500000000000001));
#16638=DIRECTION('',(-1.,0.,0.));
#16639=DIRECTION('',(0.,0.866025403784438,0.500000000000001));
#16640=DIRECTION('center_axis',(0.,0.5,0.866025403784439));
#16641=DIRECTION('ref_axis',(0.,-0.866025403784439,0.5));
#16642=DIRECTION('',(0.,0.866025403784439,-0.5));
#16643=DIRECTION('',(0.,0.866025403784439,-0.5));
#16644=DIRECTION('center_axis',(0.,0.5,0.866025403784439));
#16645=DIRECTION('ref_axis',(0.,-0.866025403784439,0.5));
#16646=DIRECTION('',(0.,0.866025403784438,-0.5));
#16647=DIRECTION('',(-1.,0.,0.));
#16648=DIRECTION('',(0.,0.866025403784438,-0.5));
#16649=DIRECTION('center_axis',(0.,0.499999999996829,0.866025403786269));
#16650=DIRECTION('ref_axis',(0.,-0.86602540378627,0.499999999996829));
#16651=DIRECTION('',(0.,0.866025403786269,-0.499999999996829));
#16652=DIRECTION('',(-1.,0.,0.));
#16653=DIRECTION('',(0.,0.866025403786269,-0.499999999996829));
#16654=DIRECTION('center_axis',(0.,0.499999999977885,-0.866025403797207));
#16655=DIRECTION('ref_axis',(0.,0.866025403797207,0.499999999977885));
#16656=DIRECTION('',(0.,-0.866025403797207,-0.499999999977885));
#16657=DIRECTION('',(0.,-0.866025403797207,-0.499999999977885));
#16658=DIRECTION('center_axis',(0.,-0.500000000000001,0.866025403784438));
#16659=DIRECTION('ref_axis',(0.,-0.866025403784438,-0.500000000000001));
#16660=DIRECTION('',(0.,0.866025403784438,0.500000000000001));
#16661=DIRECTION('',(-1.,0.,0.));
#16662=DIRECTION('',(0.,0.866025403784438,0.500000000000001));
#16663=DIRECTION('center_axis',(-1.,0.,0.));
#16664=DIRECTION('ref_axis',(0.,1.22464679914735E-16,-1.));
#16665=DIRECTION('center_axis',(-1.,0.,0.));
#16666=DIRECTION('ref_axis',(0.,0.,1.));
#16667=DIRECTION('',(-1.,0.,0.));
#16668=DIRECTION('center_axis',(-1.,0.,0.));
#16669=DIRECTION('ref_axis',(0.,0.,1.));
#16670=DIRECTION('',(-1.,0.,0.));
#16671=DIRECTION('center_axis',(0.,-1.,0.));
#16672=DIRECTION('ref_axis',(0.,0.,-1.));
#16673=DIRECTION('',(0.,0.,1.));
#16674=DIRECTION('',(-1.,0.,0.));
#16675=DIRECTION('',(0.,0.,1.));
#16676=DIRECTION('center_axis',(0.,0.499999999996832,0.866025403786268));
#16677=DIRECTION('ref_axis',(0.,-0.866025403786268,0.499999999996832));
#16678=DIRECTION('',(0.,0.866025403786268,-0.499999999996832));
#16679=DIRECTION('',(0.,0.866025403786268,-0.499999999996832));
#16680=DIRECTION('center_axis',(0.,0.499999999996827,0.86602540378627));
#16681=DIRECTION('ref_axis',(0.,-0.86602540378627,0.499999999996827));
#16682=DIRECTION('',(0.,0.86602540378627,-0.499999999996827));
#16683=DIRECTION('',(-1.,0.,0.));
#16684=DIRECTION('',(0.,0.86602540378627,-0.499999999996827));
#16685=DIRECTION('center_axis',(0.,0.499999999977889,-0.866025403797204));
#16686=DIRECTION('ref_axis',(0.,0.866025403797204,0.49999999997789));
#16687=DIRECTION('',(0.,-0.866025403797204,-0.499999999977889));
#16688=DIRECTION('',(0.,-0.866025403797204,-0.499999999977889));
#16689=DIRECTION('center_axis',(0.,0.5,-0.866025403784439));
#16690=DIRECTION('ref_axis',(0.,0.866025403784439,0.5));
#16691=DIRECTION('',(0.,-0.866025403784439,-0.5));
#16692=DIRECTION('',(-1.,0.,0.));
#16693=DIRECTION('',(0.,-0.866025403784439,-0.5));
#16694=DIRECTION('center_axis',(-1.,0.,0.));
#16695=DIRECTION('ref_axis',(0.,1.22464679914735E-16,-1.));
#16696=DIRECTION('center_axis',(-1.,0.,0.));
#16697=DIRECTION('ref_axis',(0.,0.,1.));
#16698=DIRECTION('',(-1.,0.,0.));
#16699=DIRECTION('center_axis',(-1.,0.,0.));
#16700=DIRECTION('ref_axis',(0.,0.,1.));
#16701=DIRECTION('',(-1.,0.,0.));
#16702=DIRECTION('center_axis',(0.,-1.,-1.1201801009696E-13));
#16703=DIRECTION('ref_axis',(0.,1.1201801009696E-13,-1.));
#16704=DIRECTION('',(0.,-1.1201801009696E-13,1.));
#16705=DIRECTION('',(-1.,0.,0.));
#16706=DIRECTION('',(0.,-1.1201801009696E-13,1.));
#16707=DIRECTION('center_axis',(0.,0.499999999996832,0.866025403786268));
#16708=DIRECTION('ref_axis',(0.,-0.866025403786268,0.499999999996832));
#16709=DIRECTION('',(0.,0.866025403786268,-0.499999999996832));
#16710=DIRECTION('',(0.,0.866025403786268,-0.499999999996832));
#16711=DIRECTION('center_axis',(0.,0.499999999996829,0.86602540378627));
#16712=DIRECTION('ref_axis',(0.,-0.86602540378627,0.499999999996829));
#16713=DIRECTION('',(0.,0.86602540378627,-0.499999999996829));
#16714=DIRECTION('',(-1.,0.,0.));
#16715=DIRECTION('',(0.,0.86602540378627,-0.499999999996829));
#16716=DIRECTION('center_axis',(0.,0.499999999977882,-0.866025403797208));
#16717=DIRECTION('ref_axis',(0.,0.866025403797209,0.499999999977882));
#16718=DIRECTION('',(0.,-0.866025403797208,-0.499999999977882));
#16719=DIRECTION('',(0.,-0.866025403797208,-0.499999999977882));
#16720=DIRECTION('center_axis',(0.,0.499999999999999,-0.866025403784439));
#16721=DIRECTION('ref_axis',(0.,0.866025403784439,0.499999999999999));
#16722=DIRECTION('',(0.,-0.866025403784439,-0.499999999999999));
#16723=DIRECTION('',(-1.,0.,0.));
#16724=DIRECTION('',(0.,-0.866025403784439,-0.499999999999999));
#16725=DIRECTION('center_axis',(-1.,0.,0.));
#16726=DIRECTION('ref_axis',(0.,1.22464679914735E-16,-1.));
#16727=DIRECTION('center_axis',(-1.,0.,0.));
#16728=DIRECTION('ref_axis',(0.,0.,1.));
#16729=DIRECTION('',(-1.,0.,0.));
#16730=DIRECTION('center_axis',(-1.,0.,0.));
#16731=DIRECTION('ref_axis',(0.,0.,1.));
#16732=DIRECTION('',(-1.,0.,0.));
#16733=DIRECTION('center_axis',(0.,-1.,0.));
#16734=DIRECTION('ref_axis',(0.,0.,-1.));
#16735=DIRECTION('',(0.,0.,1.));
#16736=DIRECTION('',(-1.,0.,0.));
#16737=DIRECTION('',(0.,0.,1.));
#16738=DIRECTION('center_axis',(0.,0.499999999996831,0.866025403786268));
#16739=DIRECTION('ref_axis',(0.,-0.866025403786268,0.499999999996831));
#16740=DIRECTION('',(0.,0.866025403786268,-0.499999999996831));
#16741=DIRECTION('',(0.,0.866025403786268,-0.499999999996831));
#16742=DIRECTION('center_axis',(0.,0.499999999996856,0.866025403786254));
#16743=DIRECTION('ref_axis',(0.,-0.866025403786254,0.499999999996856));
#16744=DIRECTION('',(0.,0.866025403786254,-0.499999999996856));
#16745=DIRECTION('',(-1.,0.,0.));
#16746=DIRECTION('',(0.,0.866025403786254,-0.499999999996856));
#16747=DIRECTION('center_axis',(0.,0.499999999977923,-0.866025403797185));
#16748=DIRECTION('ref_axis',(0.,0.866025403797185,0.499999999977923));
#16749=DIRECTION('',(0.,-0.866025403797185,-0.499999999977923));
#16750=DIRECTION('',(0.,-0.866025403797185,-0.499999999977923));
#16751=DIRECTION('center_axis',(0.,0.500000000000001,-0.866025403784438));
#16752=DIRECTION('ref_axis',(0.,0.866025403784438,0.500000000000001));
#16753=DIRECTION('',(0.,-0.866025403784438,-0.500000000000001));
#16754=DIRECTION('',(-1.,0.,0.));
#16755=DIRECTION('',(0.,-0.866025403784438,-0.500000000000001));
#16756=DIRECTION('center_axis',(-1.,0.,0.));
#16757=DIRECTION('ref_axis',(0.,1.22464679914735E-16,-1.));
#16758=DIRECTION('center_axis',(-1.,0.,0.));
#16759=DIRECTION('ref_axis',(0.,0.,1.));
#16760=DIRECTION('',(-1.,0.,0.));
#16761=DIRECTION('center_axis',(-1.,0.,0.));
#16762=DIRECTION('ref_axis',(0.,0.,1.));
#16763=DIRECTION('',(-1.,0.,0.));
#16764=DIRECTION('center_axis',(0.,-1.,0.));
#16765=DIRECTION('ref_axis',(0.,0.,-1.));
#16766=DIRECTION('',(0.,0.,1.));
#16767=DIRECTION('',(-1.,0.,0.));
#16768=DIRECTION('',(0.,0.,1.));
#16769=DIRECTION('center_axis',(0.,0.499999999996833,0.866025403786267));
#16770=DIRECTION('ref_axis',(0.,-0.866025403786267,0.499999999996833));
#16771=DIRECTION('',(0.,0.866025403786267,-0.499999999996833));
#16772=DIRECTION('',(0.,0.866025403786267,-0.499999999996833));
#16773=DIRECTION('center_axis',(0.,0.499999999996847,0.866025403786259));
#16774=DIRECTION('ref_axis',(0.,-0.866025403786259,0.499999999996847));
#16775=DIRECTION('',(0.,0.866025403786259,-0.499999999996847));
#16776=DIRECTION('',(-1.,0.,0.));
#16777=DIRECTION('',(0.,0.866025403786259,-0.499999999996847));
#16778=DIRECTION('center_axis',(0.,0.49999999997791,-0.866025403797192));
#16779=DIRECTION('ref_axis',(0.,0.866025403797192,0.49999999997791));
#16780=DIRECTION('',(0.,-0.866025403797192,-0.49999999997791));
#16781=DIRECTION('',(0.,-0.866025403797192,-0.49999999997791));
#16782=DIRECTION('center_axis',(0.,0.499999999999999,-0.866025403784439));
#16783=DIRECTION('ref_axis',(0.,0.866025403784439,0.499999999999999));
#16784=DIRECTION('',(0.,-0.866025403784439,-0.499999999999999));
#16785=DIRECTION('',(-1.,0.,0.));
#16786=DIRECTION('',(0.,-0.866025403784439,-0.499999999999999));
#16787=DIRECTION('center_axis',(-1.,0.,0.));
#16788=DIRECTION('ref_axis',(0.,1.22464679914735E-16,-1.));
#16789=DIRECTION('center_axis',(-1.,0.,0.));
#16790=DIRECTION('ref_axis',(0.,0.,1.));
#16791=DIRECTION('',(-1.,0.,0.));
#16792=DIRECTION('center_axis',(-1.,0.,0.));
#16793=DIRECTION('ref_axis',(0.,0.,1.));
#16794=DIRECTION('',(-1.,0.,0.));
#16795=DIRECTION('center_axis',(0.,-1.,0.));
#16796=DIRECTION('ref_axis',(0.,0.,-1.));
#16797=DIRECTION('',(0.,0.,1.));
#16798=DIRECTION('',(-1.,0.,0.));
#16799=DIRECTION('',(0.,0.,1.));
#16800=DIRECTION('center_axis',(0.,0.499999999996831,0.866025403786268));
#16801=DIRECTION('ref_axis',(0.,-0.866025403786268,0.499999999996831));
#16802=DIRECTION('',(0.,0.866025403786268,-0.499999999996831));
#16803=DIRECTION('',(0.,0.866025403786268,-0.499999999996831));
#16804=DIRECTION('center_axis',(0.,0.499999999996836,0.866025403786266));
#16805=DIRECTION('ref_axis',(0.,-0.866025403786265,0.499999999996836));
#16806=DIRECTION('',(0.,0.866025403786265,-0.499999999996836));
#16807=DIRECTION('',(-1.,0.,0.));
#16808=DIRECTION('',(0.,0.866025403786265,-0.499999999996836));
#16809=DIRECTION('center_axis',(0.,0.499999999977903,-0.866025403797196));
#16810=DIRECTION('ref_axis',(0.,0.866025403797197,0.499999999977903));
#16811=DIRECTION('',(0.,-0.866025403797196,-0.499999999977903));
#16812=DIRECTION('',(0.,-0.866025403797196,-0.499999999977903));
#16813=DIRECTION('center_axis',(0.,0.500000000000001,-0.866025403784438));
#16814=DIRECTION('ref_axis',(0.,0.866025403784438,0.500000000000001));
#16815=DIRECTION('',(0.,-0.866025403784438,-0.500000000000001));
#16816=DIRECTION('',(-1.,0.,0.));
#16817=DIRECTION('',(0.,-0.866025403784438,-0.500000000000001));
#16818=DIRECTION('center_axis',(-1.,0.,0.));
#16819=DIRECTION('ref_axis',(0.,1.22464679914735E-16,-1.));
#16820=DIRECTION('center_axis',(-1.,0.,0.));
#16821=DIRECTION('ref_axis',(0.,0.,1.));
#16822=DIRECTION('',(-1.,0.,0.));
#16823=DIRECTION('center_axis',(-1.,0.,0.));
#16824=DIRECTION('ref_axis',(0.,0.,1.));
#16825=DIRECTION('',(-1.,0.,0.));
#16826=DIRECTION('center_axis',(0.,-1.,0.));
#16827=DIRECTION('ref_axis',(0.,0.,-1.));
#16828=DIRECTION('',(0.,0.,1.));
#16829=DIRECTION('',(-1.,0.,0.));
#16830=DIRECTION('',(0.,0.,1.));
#16831=DIRECTION('center_axis',(0.,0.499999999996833,0.866025403786267));
#16832=DIRECTION('ref_axis',(0.,-0.866025403786267,0.499999999996833));
#16833=DIRECTION('',(0.,0.866025403786267,-0.499999999996833));
#16834=DIRECTION('',(0.,0.866025403786267,-0.499999999996833));
#16835=DIRECTION('center_axis',(0.,0.499999999996827,0.866025403786271));
#16836=DIRECTION('ref_axis',(0.,-0.866025403786271,0.499999999996827));
#16837=DIRECTION('',(0.,0.866025403786271,-0.499999999996827));
#16838=DIRECTION('',(-1.,0.,0.));
#16839=DIRECTION('',(0.,0.866025403786271,-0.499999999996827));
#16840=DIRECTION('center_axis',(0.,0.49999999997789,-0.866025403797204));
#16841=DIRECTION('ref_axis',(0.,0.866025403797204,0.49999999997789));
#16842=DIRECTION('',(0.,-0.866025403797204,-0.49999999997789));
#16843=DIRECTION('',(0.,-0.866025403797204,-0.49999999997789));
#16844=DIRECTION('center_axis',(0.,0.499999999999999,-0.866025403784439));
#16845=DIRECTION('ref_axis',(0.,0.866025403784439,0.499999999999999));
#16846=DIRECTION('',(0.,-0.866025403784439,-0.499999999999999));
#16847=DIRECTION('',(-1.,0.,0.));
#16848=DIRECTION('',(0.,-0.866025403784439,-0.499999999999999));
#16849=DIRECTION('center_axis',(-1.,0.,0.));
#16850=DIRECTION('ref_axis',(0.,1.22464679914735E-16,-1.));
#16851=DIRECTION('center_axis',(-1.,0.,0.));
#16852=DIRECTION('ref_axis',(0.,0.,1.));
#16853=DIRECTION('',(-1.,0.,0.));
#16854=DIRECTION('center_axis',(-1.,0.,0.));
#16855=DIRECTION('ref_axis',(0.,0.,1.));
#16856=DIRECTION('',(-1.,0.,0.));
#16857=DIRECTION('center_axis',(0.,-1.,0.));
#16858=DIRECTION('ref_axis',(0.,0.,-1.));
#16859=DIRECTION('',(0.,0.,1.));
#16860=DIRECTION('',(-1.,0.,0.));
#16861=DIRECTION('',(0.,0.,1.));
#16862=DIRECTION('center_axis',(0.,0.499999999996831,0.866025403786268));
#16863=DIRECTION('ref_axis',(0.,-0.866025403786268,0.499999999996831));
#16864=DIRECTION('',(0.,0.866025403786268,-0.499999999996831));
#16865=DIRECTION('',(0.,0.866025403786268,-0.499999999996831));
#16866=DIRECTION('center_axis',(0.,0.499999999996855,0.866025403786255));
#16867=DIRECTION('ref_axis',(0.,-0.866025403786255,0.499999999996855));
#16868=DIRECTION('',(0.,0.866025403786254,-0.499999999996855));
#16869=DIRECTION('',(-1.,0.,0.));
#16870=DIRECTION('',(0.,0.866025403786254,-0.499999999996855));
#16871=DIRECTION('center_axis',(0.,0.499999999977921,-0.866025403797186));
#16872=DIRECTION('ref_axis',(0.,0.866025403797186,0.49999999997792));
#16873=DIRECTION('',(0.,-0.866025403797186,-0.499999999977921));
#16874=DIRECTION('',(0.,-0.866025403797186,-0.499999999977921));
#16875=DIRECTION('center_axis',(0.,0.500000000000001,-0.866025403784438));
#16876=DIRECTION('ref_axis',(0.,0.866025403784438,0.500000000000001));
#16877=DIRECTION('',(0.,-0.866025403784438,-0.500000000000001));
#16878=DIRECTION('',(-1.,0.,0.));
#16879=DIRECTION('',(0.,-0.866025403784438,-0.500000000000001));
#16880=DIRECTION('center_axis',(-1.,0.,0.));
#16881=DIRECTION('ref_axis',(0.,1.22464679914735E-16,-1.));
#16882=DIRECTION('center_axis',(-1.,0.,0.));
#16883=DIRECTION('ref_axis',(0.,0.,1.));
#16884=DIRECTION('',(-1.,0.,0.));
#16885=DIRECTION('center_axis',(-1.,0.,0.));
#16886=DIRECTION('ref_axis',(0.,0.,1.));
#16887=DIRECTION('',(-1.,0.,0.));
#16888=DIRECTION('center_axis',(0.,-1.,0.));
#16889=DIRECTION('ref_axis',(0.,0.,-1.));
#16890=DIRECTION('',(0.,0.,1.));
#16891=DIRECTION('',(-1.,0.,0.));
#16892=DIRECTION('',(0.,0.,1.));
#16893=DIRECTION('center_axis',(0.,0.499999999996833,0.866025403786267));
#16894=DIRECTION('ref_axis',(0.,-0.866025403786267,0.499999999996833));
#16895=DIRECTION('',(0.,0.866025403786267,-0.499999999996833));
#16896=DIRECTION('',(0.,0.866025403786267,-0.499999999996833));
#16897=DIRECTION('center_axis',(0.,0.499999999996846,0.86602540378626));
#16898=DIRECTION('ref_axis',(0.,-0.86602540378626,0.499999999996846));
#16899=DIRECTION('',(0.,0.86602540378626,-0.499999999996846));
#16900=DIRECTION('',(-1.,0.,0.));
#16901=DIRECTION('',(0.,0.86602540378626,-0.499999999996846));
#16902=DIRECTION('center_axis',(0.,0.499999999977908,-0.866025403797194));
#16903=DIRECTION('ref_axis',(0.,0.866025403797194,0.499999999977908));
#16904=DIRECTION('',(0.,-0.866025403797194,-0.499999999977908));
#16905=DIRECTION('',(0.,-0.866025403797194,-0.499999999977908));
#16906=DIRECTION('center_axis',(0.,0.499999999999999,-0.866025403784439));
#16907=DIRECTION('ref_axis',(0.,0.866025403784439,0.499999999999999));
#16908=DIRECTION('',(0.,-0.866025403784439,-0.499999999999999));
#16909=DIRECTION('',(-1.,0.,0.));
#16910=DIRECTION('',(0.,-0.866025403784439,-0.499999999999999));
#16911=DIRECTION('center_axis',(-1.,0.,0.));
#16912=DIRECTION('ref_axis',(0.,1.22464679914735E-16,-1.));
#16913=DIRECTION('center_axis',(-1.,0.,0.));
#16914=DIRECTION('ref_axis',(0.,0.,1.));
#16915=DIRECTION('',(-1.,0.,0.));
#16916=DIRECTION('center_axis',(-1.,0.,0.));
#16917=DIRECTION('ref_axis',(0.,0.,1.));
#16918=DIRECTION('',(-1.,0.,0.));
#16919=DIRECTION('center_axis',(0.,-1.,0.));
#16920=DIRECTION('ref_axis',(0.,0.,-1.));
#16921=DIRECTION('',(0.,0.,1.));
#16922=DIRECTION('',(-1.,0.,0.));
#16923=DIRECTION('',(0.,0.,1.));
#16924=DIRECTION('center_axis',(0.,0.499999999996831,0.866025403786268));
#16925=DIRECTION('ref_axis',(0.,-0.866025403786268,0.499999999996831));
#16926=DIRECTION('',(0.,0.866025403786268,-0.499999999996831));
#16927=DIRECTION('',(0.,0.866025403786268,-0.499999999996831));
#16928=DIRECTION('center_axis',(0.,0.499999999996835,0.866025403786266));
#16929=DIRECTION('ref_axis',(0.,-0.866025403786266,0.499999999996835));
#16930=DIRECTION('',(0.,0.866025403786266,-0.499999999996835));
#16931=DIRECTION('',(-1.,0.,0.));
#16932=DIRECTION('',(0.,0.866025403786266,-0.499999999996835));
#16933=DIRECTION('center_axis',(0.,0.4999999999779,-0.866025403797198));
#16934=DIRECTION('ref_axis',(0.,0.866025403797198,0.4999999999779));
#16935=DIRECTION('',(0.,-0.866025403797198,-0.4999999999779));
#16936=DIRECTION('',(0.,-0.866025403797198,-0.4999999999779));
#16937=DIRECTION('center_axis',(0.,0.500000000000001,-0.866025403784438));
#16938=DIRECTION('ref_axis',(0.,0.866025403784438,0.500000000000001));
#16939=DIRECTION('',(0.,-0.866025403784438,-0.500000000000001));
#16940=DIRECTION('',(-1.,0.,0.));
#16941=DIRECTION('',(0.,-0.866025403784438,-0.500000000000001));
#16942=DIRECTION('center_axis',(-1.,0.,0.));
#16943=DIRECTION('ref_axis',(0.,1.22464679914735E-16,-1.));
#16944=DIRECTION('center_axis',(-1.,0.,0.));
#16945=DIRECTION('ref_axis',(0.,0.,1.));
#16946=DIRECTION('',(-1.,0.,0.));
#16947=DIRECTION('center_axis',(-1.,0.,0.));
#16948=DIRECTION('ref_axis',(0.,0.,1.));
#16949=DIRECTION('',(-1.,0.,0.));
#16950=DIRECTION('center_axis',(0.,-1.,0.));
#16951=DIRECTION('ref_axis',(0.,0.,-1.));
#16952=DIRECTION('',(0.,0.,1.));
#16953=DIRECTION('',(-1.,0.,0.));
#16954=DIRECTION('',(0.,0.,1.));
#16955=DIRECTION('center_axis',(0.,0.499999999996832,0.866025403786268));
#16956=DIRECTION('ref_axis',(0.,-0.866025403786268,0.499999999996832));
#16957=DIRECTION('',(0.,0.866025403786268,-0.499999999996832));
#16958=DIRECTION('',(0.,0.866025403786268,-0.499999999996832));
#16959=DIRECTION('center_axis',(0.,0.499999999996827,0.86602540378627));
#16960=DIRECTION('ref_axis',(0.,-0.86602540378627,0.499999999996827));
#16961=DIRECTION('',(0.,0.86602540378627,-0.499999999996827));
#16962=DIRECTION('',(-1.,0.,0.));
#16963=DIRECTION('',(0.,0.86602540378627,-0.499999999996827));
#16964=DIRECTION('center_axis',(0.,0.499999999977889,-0.866025403797204));
#16965=DIRECTION('ref_axis',(0.,0.866025403797204,0.49999999997789));
#16966=DIRECTION('',(0.,-0.866025403797204,-0.499999999977889));
#16967=DIRECTION('',(0.,-0.866025403797204,-0.499999999977889));
#16968=DIRECTION('center_axis',(0.,0.5,-0.866025403784439));
#16969=DIRECTION('ref_axis',(0.,0.866025403784439,0.5));
#16970=DIRECTION('',(0.,-0.866025403784439,-0.5));
#16971=DIRECTION('',(-1.,0.,0.));
#16972=DIRECTION('',(0.,-0.866025403784439,-0.5));
#16973=DIRECTION('center_axis',(-1.,0.,0.));
#16974=DIRECTION('ref_axis',(0.,1.22464679914735E-16,-1.));
#16975=DIRECTION('center_axis',(-1.,0.,0.));
#16976=DIRECTION('ref_axis',(0.,0.,1.));
#16977=DIRECTION('',(-1.,0.,0.));
#16978=DIRECTION('center_axis',(-1.,0.,0.));
#16979=DIRECTION('ref_axis',(0.,0.,1.));
#16980=DIRECTION('',(-1.,0.,0.));
#16981=DIRECTION('center_axis',(0.,-1.,-2.21600846061392E-13));
#16982=DIRECTION('ref_axis',(0.,2.21600846061392E-13,-1.));
#16983=DIRECTION('',(0.,-2.21600846061392E-13,1.));
#16984=DIRECTION('',(-1.,0.,0.));
#16985=DIRECTION('',(0.,-2.21600846061392E-13,1.));
#16986=DIRECTION('center_axis',(0.,0.499999999996831,0.866025403786268));
#16987=DIRECTION('ref_axis',(0.,-0.866025403786268,0.499999999996831));
#16988=DIRECTION('',(0.,0.866025403786268,-0.499999999996831));
#16989=DIRECTION('',(0.,0.866025403786268,-0.499999999996831));
#16990=DIRECTION('center_axis',(0.,0.499999999996832,0.866025403786268));
#16991=DIRECTION('ref_axis',(0.,-0.866025403786268,0.499999999996832));
#16992=DIRECTION('',(0.,0.866025403786268,-0.499999999996832));
#16993=DIRECTION('',(-1.,0.,0.));
#16994=DIRECTION('',(0.,0.866025403786268,-0.499999999996832));
#16995=DIRECTION('center_axis',(0.,0.499999999977883,-0.866025403797208));
#16996=DIRECTION('ref_axis',(0.,0.866025403797208,0.499999999977883));
#16997=DIRECTION('',(0.,-0.866025403797208,-0.499999999977883));
#16998=DIRECTION('',(0.,-0.866025403797208,-0.499999999977883));
#16999=DIRECTION('center_axis',(0.,0.499999999999999,-0.866025403784439));
#17000=DIRECTION('ref_axis',(0.,0.866025403784439,0.499999999999999));
#17001=DIRECTION('',(0.,-0.866025403784439,-0.499999999999999));
#17002=DIRECTION('',(-1.,0.,0.));
#17003=DIRECTION('',(0.,-0.866025403784439,-0.499999999999999));
#17004=DIRECTION('center_axis',(-1.,0.,0.));
#17005=DIRECTION('ref_axis',(0.,1.22464679914735E-16,-1.));
#17006=DIRECTION('center_axis',(-1.,0.,0.));
#17007=DIRECTION('ref_axis',(0.,0.,1.));
#17008=DIRECTION('',(-1.,0.,0.));
#17009=DIRECTION('center_axis',(-1.,0.,0.));
#17010=DIRECTION('ref_axis',(0.,0.,1.));
#17011=DIRECTION('',(-1.,0.,0.));
#17012=DIRECTION('center_axis',(0.,-1.,-1.09582835964418E-13));
#17013=DIRECTION('ref_axis',(0.,1.09582835964418E-13,-1.));
#17014=DIRECTION('',(0.,-1.09582835964418E-13,1.));
#17015=DIRECTION('',(-1.,0.,0.));
#17016=DIRECTION('',(0.,-1.09582835964418E-13,1.));
#17017=DIRECTION('center_axis',(0.,0.499999999996832,0.866025403786268));
#17018=DIRECTION('ref_axis',(0.,-0.866025403786268,0.499999999996832));
#17019=DIRECTION('',(0.,0.866025403786268,-0.499999999996832));
#17020=DIRECTION('',(0.,0.866025403786268,-0.499999999996832));
#17021=DIRECTION('center_axis',(0.,0.499999999996829,0.866025403786269));
#17022=DIRECTION('ref_axis',(0.,-0.86602540378627,0.499999999996829));
#17023=DIRECTION('',(0.,0.866025403786269,-0.499999999996829));
#17024=DIRECTION('',(-1.,0.,0.));
#17025=DIRECTION('',(0.,0.866025403786269,-0.499999999996829));
#17026=DIRECTION('center_axis',(0.,0.499999999977886,-0.866025403797206));
#17027=DIRECTION('ref_axis',(0.,0.866025403797206,0.499999999977886));
#17028=DIRECTION('',(0.,-0.866025403797206,-0.499999999977886));
#17029=DIRECTION('',(0.,-0.866025403797206,-0.499999999977886));
#17030=DIRECTION('center_axis',(0.,0.5,-0.866025403784439));
#17031=DIRECTION('ref_axis',(0.,0.866025403784439,0.5));
#17032=DIRECTION('',(0.,-0.866025403784439,-0.5));
#17033=DIRECTION('',(-1.,0.,0.));
#17034=DIRECTION('',(0.,-0.866025403784439,-0.5));
#17035=DIRECTION('center_axis',(-1.,0.,0.));
#17036=DIRECTION('ref_axis',(0.,1.22464679914735E-16,-1.));
#17037=DIRECTION('center_axis',(-1.,0.,0.));
#17038=DIRECTION('ref_axis',(0.,0.,1.));
#17039=DIRECTION('',(-1.,0.,0.));
#17040=DIRECTION('center_axis',(-1.,0.,0.));
#17041=DIRECTION('ref_axis',(0.,0.,1.));
#17042=DIRECTION('',(-1.,0.,0.));
#17043=DIRECTION('center_axis',(0.,-1.,0.));
#17044=DIRECTION('ref_axis',(0.,0.,-1.));
#17045=DIRECTION('',(0.,0.,1.));
#17046=DIRECTION('',(-1.,0.,0.));
#17047=DIRECTION('',(0.,0.,1.));
#17048=DIRECTION('center_axis',(0.,0.499999999996833,0.866025403786267));
#17049=DIRECTION('ref_axis',(0.,-0.866025403786267,0.499999999996833));
#17050=DIRECTION('',(0.,0.866025403786267,-0.499999999996833));
#17051=DIRECTION('',(0.,0.866025403786267,-0.499999999996833));
#17052=DIRECTION('center_axis',(0.,0.499999999996864,0.866025403786249));
#17053=DIRECTION('ref_axis',(0.,-0.866025403786249,0.499999999996865));
#17054=DIRECTION('',(0.,0.866025403786249,-0.499999999996865));
#17055=DIRECTION('',(-1.,0.,0.));
#17056=DIRECTION('',(0.,0.866025403786249,-0.499999999996865));
#17057=DIRECTION('center_axis',(0.,0.499999999977919,-0.866025403797187));
#17058=DIRECTION('ref_axis',(0.,0.866025403797187,0.499999999977919));
#17059=DIRECTION('',(0.,-0.866025403797187,-0.499999999977919));
#17060=DIRECTION('',(0.,-0.866025403797187,-0.499999999977919));
#17061=DIRECTION('center_axis',(0.,0.499999999999999,-0.866025403784439));
#17062=DIRECTION('ref_axis',(0.,0.866025403784439,0.499999999999999));
#17063=DIRECTION('',(0.,-0.866025403784439,-0.499999999999999));
#17064=DIRECTION('',(-1.,0.,0.));
#17065=DIRECTION('',(0.,-0.866025403784439,-0.499999999999999));
#17066=DIRECTION('center_axis',(-1.,0.,0.));
#17067=DIRECTION('ref_axis',(0.,1.22464679914735E-16,-1.));
#17068=DIRECTION('center_axis',(-1.,0.,0.));
#17069=DIRECTION('ref_axis',(0.,0.,1.));
#17070=DIRECTION('',(-1.,0.,0.));
#17071=DIRECTION('center_axis',(-1.,0.,0.));
#17072=DIRECTION('ref_axis',(0.,0.,1.));
#17073=DIRECTION('',(-1.,0.,0.));
#17074=DIRECTION('center_axis',(0.,-1.,0.));
#17075=DIRECTION('ref_axis',(0.,0.,-1.));
#17076=DIRECTION('',(0.,0.,1.));
#17077=DIRECTION('',(-1.,0.,0.));
#17078=DIRECTION('',(0.,0.,1.));
#17079=DIRECTION('center_axis',(0.,0.499999999996831,0.866025403786268));
#17080=DIRECTION('ref_axis',(0.,-0.866025403786268,0.499999999996831));
#17081=DIRECTION('',(0.,0.866025403786268,-0.499999999996831));
#17082=DIRECTION('',(0.,0.866025403786268,-0.499999999996831));
#17083=DIRECTION('center_axis',(0.,0.499999999996854,0.866025403786255));
#17084=DIRECTION('ref_axis',(0.,-0.866025403786255,0.499999999996854));
#17085=DIRECTION('',(0.,0.866025403786255,-0.499999999996853));
#17086=DIRECTION('',(-1.,0.,0.));
#17087=DIRECTION('',(0.,0.866025403786255,-0.499999999996853));
#17088=DIRECTION('center_axis',(0.,0.499999999977911,-0.866025403797192));
#17089=DIRECTION('ref_axis',(0.,0.866025403797192,0.499999999977911));
#17090=DIRECTION('',(0.,-0.866025403797192,-0.499999999977911));
#17091=DIRECTION('',(0.,-0.866025403797192,-0.499999999977911));
#17092=DIRECTION('center_axis',(0.,0.500000000000001,-0.866025403784438));
#17093=DIRECTION('ref_axis',(0.,0.866025403784438,0.500000000000001));
#17094=DIRECTION('',(0.,-0.866025403784438,-0.500000000000001));
#17095=DIRECTION('',(-1.,0.,0.));
#17096=DIRECTION('',(0.,-0.866025403784438,-0.500000000000001));
#17097=DIRECTION('center_axis',(-1.,0.,0.));
#17098=DIRECTION('ref_axis',(0.,1.22464679914735E-16,-1.));
#17099=DIRECTION('center_axis',(-1.,0.,0.));
#17100=DIRECTION('ref_axis',(0.,0.,1.));
#17101=DIRECTION('',(-1.,0.,0.));
#17102=DIRECTION('center_axis',(-1.,0.,0.));
#17103=DIRECTION('ref_axis',(0.,0.,1.));
#17104=DIRECTION('',(-1.,0.,0.));
#17105=DIRECTION('center_axis',(0.,-1.,-4.87034826508615E-15));
#17106=DIRECTION('ref_axis',(0.,4.87034826508615E-15,-1.));
#17107=DIRECTION('',(0.,-4.87034826508615E-15,1.));
#17108=DIRECTION('',(-1.,0.,0.));
#17109=DIRECTION('',(0.,-4.87034826508615E-15,1.));
#17110=DIRECTION('center_axis',(0.,0.499999999996833,0.866025403786267));
#17111=DIRECTION('ref_axis',(0.,-0.866025403786267,0.499999999996833));
#17112=DIRECTION('',(0.,0.866025403786267,-0.499999999996833));
#17113=DIRECTION('',(0.,0.866025403786267,-0.499999999996833));
#17114=DIRECTION('center_axis',(0.,0.499999999996843,0.866025403786262));
#17115=DIRECTION('ref_axis',(0.,-0.866025403786262,0.499999999996843));
#17116=DIRECTION('',(0.,0.866025403786262,-0.499999999996843));
#17117=DIRECTION('',(-1.,0.,0.));
#17118=DIRECTION('',(0.,0.866025403786262,-0.499999999996843));
#17119=DIRECTION('center_axis',(0.,0.499999999978085,-0.866025403797092));
#17120=DIRECTION('ref_axis',(0.,0.866025403797092,0.499999999978085));
#17121=DIRECTION('',(0.,-0.866025403797091,-0.499999999978084));
#17122=DIRECTION('',(0.,-0.866025403797091,-0.499999999978084));
#17123=DIRECTION('center_axis',(0.,0.500000000000001,-0.866025403784438));
#17124=DIRECTION('ref_axis',(0.,0.866025403784438,0.500000000000001));
#17125=DIRECTION('',(0.,-0.866025403784438,-0.500000000000001));
#17126=DIRECTION('',(-1.,0.,0.));
#17127=DIRECTION('',(0.,-0.866025403784438,-0.500000000000001));
#17128=DIRECTION('center_axis',(-1.,0.,0.));
#17129=DIRECTION('ref_axis',(0.,1.22464679914735E-16,-1.));
#17130=DIRECTION('center_axis',(-1.,0.,0.));
#17131=DIRECTION('ref_axis',(0.,0.,1.));
#17132=DIRECTION('',(-1.,0.,0.));
#17133=DIRECTION('center_axis',(-1.,0.,0.));
#17134=DIRECTION('ref_axis',(0.,0.,1.));
#17135=DIRECTION('',(-1.,0.,0.));
#17136=DIRECTION('center_axis',(0.,-1.,0.));
#17137=DIRECTION('ref_axis',(0.,0.,-1.));
#17138=DIRECTION('',(0.,0.,1.));
#17139=DIRECTION('',(-1.,0.,0.));
#17140=DIRECTION('',(0.,0.,1.));
#17141=DIRECTION('center_axis',(0.,0.499999999996831,0.866025403786268));
#17142=DIRECTION('ref_axis',(0.,-0.866025403786268,0.499999999996831));
#17143=DIRECTION('',(0.,0.866025403786268,-0.499999999996831));
#17144=DIRECTION('',(0.,0.866025403786268,-0.499999999996831));
#17145=DIRECTION('center_axis',(0.,0.499999999996858,0.866025403786253));
#17146=DIRECTION('ref_axis',(0.,-0.866025403786253,0.499999999996858));
#17147=DIRECTION('',(0.,0.866025403786253,-0.499999999996858));
#17148=DIRECTION('',(-1.,0.,0.));
#17149=DIRECTION('',(0.,0.866025403786253,-0.499999999996858));
#17150=DIRECTION('center_axis',(0.,0.499999999977919,-0.866025403797187));
#17151=DIRECTION('ref_axis',(0.,0.866025403797187,0.499999999977919));
#17152=DIRECTION('',(0.,-0.866025403797187,-0.499999999977919));
#17153=DIRECTION('',(0.,-0.866025403797187,-0.499999999977919));
#17154=DIRECTION('center_axis',(0.,0.499999999999999,-0.866025403784439));
#17155=DIRECTION('ref_axis',(0.,0.866025403784439,0.499999999999999));
#17156=DIRECTION('',(0.,-0.866025403784439,-0.499999999999999));
#17157=DIRECTION('',(-1.,0.,0.));
#17158=DIRECTION('',(0.,-0.866025403784439,-0.499999999999999));
#17159=DIRECTION('center_axis',(-1.,0.,0.));
#17160=DIRECTION('ref_axis',(0.,1.22464679914735E-16,-1.));
#17161=DIRECTION('center_axis',(-1.,0.,0.));
#17162=DIRECTION('ref_axis',(0.,0.,1.));
#17163=DIRECTION('',(-1.,0.,0.));
#17164=DIRECTION('center_axis',(-1.,0.,0.));
#17165=DIRECTION('ref_axis',(0.,0.,1.));
#17166=DIRECTION('',(-1.,0.,0.));
#17167=DIRECTION('center_axis',(0.,-1.,0.));
#17168=DIRECTION('ref_axis',(0.,0.,-1.));
#17169=DIRECTION('',(0.,0.,1.));
#17170=DIRECTION('',(-1.,0.,0.));
#17171=DIRECTION('',(0.,0.,1.));
#17172=DIRECTION('center_axis',(0.,0.499999999996833,0.866025403786267));
#17173=DIRECTION('ref_axis',(0.,-0.866025403786267,0.499999999996833));
#17174=DIRECTION('',(0.,0.866025403786267,-0.499999999996833));
#17175=DIRECTION('',(0.,0.866025403786267,-0.499999999996833));
#17176=DIRECTION('center_axis',(0.,0.499999999996849,0.866025403786258));
#17177=DIRECTION('ref_axis',(0.,-0.866025403786258,0.499999999996849));
#17178=DIRECTION('',(0.,0.866025403786258,-0.499999999996849));
#17179=DIRECTION('',(-1.,0.,0.));
#17180=DIRECTION('',(0.,0.866025403786258,-0.499999999996849));
#17181=DIRECTION('center_axis',(0.,0.49999999997791,-0.866025403797193));
#17182=DIRECTION('ref_axis',(0.,0.866025403797193,0.49999999997791));
#17183=DIRECTION('',(0.,-0.866025403797193,-0.49999999997791));
#17184=DIRECTION('',(0.,-0.866025403797193,-0.49999999997791));
#17185=DIRECTION('center_axis',(0.,0.500000000000001,-0.866025403784438));
#17186=DIRECTION('ref_axis',(0.,0.866025403784438,0.500000000000001));
#17187=DIRECTION('',(0.,-0.866025403784438,-0.500000000000001));
#17188=DIRECTION('',(-1.,0.,0.));
#17189=DIRECTION('',(0.,-0.866025403784438,-0.500000000000001));
#17190=DIRECTION('center_axis',(-1.,0.,0.));
#17191=DIRECTION('ref_axis',(0.,1.22464679914735E-16,-1.));
#17192=DIRECTION('center_axis',(-1.,0.,0.));
#17193=DIRECTION('ref_axis',(0.,0.,1.));
#17194=DIRECTION('',(-1.,0.,0.));
#17195=DIRECTION('center_axis',(-1.,0.,0.));
#17196=DIRECTION('ref_axis',(0.,0.,1.));
#17197=DIRECTION('',(-1.,0.,0.));
#17198=DIRECTION('center_axis',(0.,-1.,0.));
#17199=DIRECTION('ref_axis',(0.,0.,-1.));
#17200=DIRECTION('',(0.,0.,1.));
#17201=DIRECTION('',(-1.,0.,0.));
#17202=DIRECTION('',(0.,0.,1.));
#17203=DIRECTION('center_axis',(0.,0.499999999996831,0.866025403786268));
#17204=DIRECTION('ref_axis',(0.,-0.866025403786268,0.499999999996831));
#17205=DIRECTION('',(0.,0.866025403786268,-0.499999999996831));
#17206=DIRECTION('',(0.,0.866025403786268,-0.499999999996831));
#17207=DIRECTION('center_axis',(0.,0.49999999999684,0.866025403786263));
#17208=DIRECTION('ref_axis',(0.,-0.866025403786263,0.49999999999684));
#17209=DIRECTION('',(0.,0.866025403786263,-0.49999999999684));
#17210=DIRECTION('',(-1.,0.,0.));
#17211=DIRECTION('',(0.,0.866025403786263,-0.49999999999684));
#17212=DIRECTION('center_axis',(0.,0.499999999977901,-0.866025403797198));
#17213=DIRECTION('ref_axis',(0.,0.866025403797198,0.499999999977901));
#17214=DIRECTION('',(0.,-0.866025403797198,-0.499999999977901));
#17215=DIRECTION('',(0.,-0.866025403797198,-0.499999999977901));
#17216=DIRECTION('center_axis',(0.,0.499999999999999,-0.866025403784439));
#17217=DIRECTION('ref_axis',(0.,0.866025403784439,0.499999999999999));
#17218=DIRECTION('',(0.,-0.866025403784439,-0.499999999999999));
#17219=DIRECTION('',(-1.,0.,0.));
#17220=DIRECTION('',(0.,-0.866025403784439,-0.499999999999999));
#17221=DIRECTION('center_axis',(-1.,0.,0.));
#17222=DIRECTION('ref_axis',(0.,1.22464679914735E-16,-1.));
#17223=DIRECTION('center_axis',(-1.,0.,0.));
#17224=DIRECTION('ref_axis',(0.,0.,1.));
#17225=DIRECTION('',(-1.,0.,0.));
#17226=DIRECTION('center_axis',(-1.,0.,0.));
#17227=DIRECTION('ref_axis',(0.,0.,1.));
#17228=DIRECTION('',(-1.,0.,0.));
#17229=DIRECTION('center_axis',(0.,-1.,0.));
#17230=DIRECTION('ref_axis',(0.,0.,-1.));
#17231=DIRECTION('',(0.,0.,1.));
#17232=DIRECTION('',(-1.,0.,0.));
#17233=DIRECTION('',(0.,0.,1.));
#17234=DIRECTION('center_axis',(0.,0.499999999996833,0.866025403786267));
#17235=DIRECTION('ref_axis',(0.,-0.866025403786267,0.499999999996833));
#17236=DIRECTION('',(0.,0.866025403786267,-0.499999999996833));
#17237=DIRECTION('',(0.,0.866025403786267,-0.499999999996833));
#17238=DIRECTION('center_axis',(0.,0.499999999996868,0.866025403786247));
#17239=DIRECTION('ref_axis',(0.,-0.866025403786247,0.499999999996868));
#17240=DIRECTION('',(0.,0.866025403786247,-0.499999999996868));
#17241=DIRECTION('',(-1.,0.,0.));
#17242=DIRECTION('',(0.,0.866025403786247,-0.499999999996868));
#17243=DIRECTION('center_axis',(0.,0.499999999977929,-0.866025403797181));
#17244=DIRECTION('ref_axis',(0.,0.866025403797181,0.499999999977929));
#17245=DIRECTION('',(0.,-0.866025403797181,-0.499999999977929));
#17246=DIRECTION('',(0.,-0.866025403797181,-0.499999999977929));
#17247=DIRECTION('center_axis',(0.,0.499999999999999,-0.866025403784439));
#17248=DIRECTION('ref_axis',(0.,0.866025403784439,0.499999999999999));
#17249=DIRECTION('',(0.,-0.866025403784439,-0.499999999999999));
#17250=DIRECTION('',(-1.,0.,0.));
#17251=DIRECTION('',(0.,-0.866025403784439,-0.499999999999999));
#17252=DIRECTION('center_axis',(-1.,0.,0.));
#17253=DIRECTION('ref_axis',(0.,1.22464679914735E-16,-1.));
#17254=DIRECTION('center_axis',(-1.,0.,0.));
#17255=DIRECTION('ref_axis',(0.,0.,1.));
#17256=DIRECTION('',(-1.,0.,0.));
#17257=DIRECTION('center_axis',(-1.,0.,0.));
#17258=DIRECTION('ref_axis',(0.,0.,1.));
#17259=DIRECTION('',(-1.,0.,0.));
#17260=DIRECTION('center_axis',(0.,-1.,0.));
#17261=DIRECTION('ref_axis',(0.,0.,-1.));
#17262=DIRECTION('',(0.,0.,1.));
#17263=DIRECTION('',(-1.,0.,0.));
#17264=DIRECTION('',(0.,0.,1.));
#17265=DIRECTION('center_axis',(0.,0.499999999996831,0.866025403786268));
#17266=DIRECTION('ref_axis',(0.,-0.866025403786268,0.499999999996831));
#17267=DIRECTION('',(0.,0.866025403786268,-0.499999999996831));
#17268=DIRECTION('',(0.,0.866025403786268,-0.499999999996831));
#17269=DIRECTION('center_axis',(0.,0.499999999996855,0.866025403786254));
#17270=DIRECTION('ref_axis',(0.,-0.866025403786254,0.499999999996855));
#17271=DIRECTION('',(0.,0.866025403786254,-0.499999999996855));
#17272=DIRECTION('',(-1.,0.,0.));
#17273=DIRECTION('',(0.,0.866025403786254,-0.499999999996855));
#17274=DIRECTION('center_axis',(0.,0.49999999997792,-0.866025403797187));
#17275=DIRECTION('ref_axis',(0.,0.866025403797187,0.49999999997792));
#17276=DIRECTION('',(0.,-0.866025403797187,-0.49999999997792));
#17277=DIRECTION('',(0.,-0.866025403797187,-0.49999999997792));
#17278=DIRECTION('center_axis',(0.,0.500000000000001,-0.866025403784438));
#17279=DIRECTION('ref_axis',(0.,0.866025403784438,0.500000000000001));
#17280=DIRECTION('',(0.,-0.866025403784438,-0.500000000000001));
#17281=DIRECTION('',(-1.,0.,0.));
#17282=DIRECTION('',(0.,-0.866025403784438,-0.500000000000001));
#17283=DIRECTION('center_axis',(-1.,0.,0.));
#17284=DIRECTION('ref_axis',(0.,1.22464679914735E-16,-1.));
#17285=DIRECTION('center_axis',(-1.,0.,0.));
#17286=DIRECTION('ref_axis',(0.,0.,1.));
#17287=DIRECTION('',(-1.,0.,0.));
#17288=DIRECTION('center_axis',(-1.,0.,0.));
#17289=DIRECTION('ref_axis',(0.,0.,1.));
#17290=DIRECTION('',(-1.,0.,0.));
#17291=DIRECTION('center_axis',(0.,-1.,0.));
#17292=DIRECTION('ref_axis',(0.,0.,-1.));
#17293=DIRECTION('',(0.,0.,1.));
#17294=DIRECTION('',(-1.,0.,0.));
#17295=DIRECTION('',(0.,0.,1.));
#17296=DIRECTION('center_axis',(0.,0.499999999996833,0.866025403786267));
#17297=DIRECTION('ref_axis',(0.,-0.866025403786267,0.499999999996833));
#17298=DIRECTION('',(0.,0.866025403786267,-0.499999999996833));
#17299=DIRECTION('',(0.,0.866025403786267,-0.499999999996833));
#17300=DIRECTION('center_axis',(0.,0.499999999996846,0.866025403786259));
#17301=DIRECTION('ref_axis',(0.,-0.86602540378626,0.499999999996846));
#17302=DIRECTION('',(0.,0.866025403786259,-0.499999999996846));
#17303=DIRECTION('',(-1.,0.,0.));
#17304=DIRECTION('',(0.,0.866025403786259,-0.499999999996846));
#17305=DIRECTION('center_axis',(0.,0.499999999977907,-0.866025403797194));
#17306=DIRECTION('ref_axis',(0.,0.866025403797194,0.499999999977907));
#17307=DIRECTION('',(0.,-0.866025403797194,-0.499999999977907));
#17308=DIRECTION('',(0.,-0.866025403797194,-0.499999999977907));
#17309=DIRECTION('center_axis',(0.,0.499999999999999,-0.866025403784439));
#17310=DIRECTION('ref_axis',(0.,0.866025403784439,0.499999999999999));
#17311=DIRECTION('',(0.,-0.866025403784439,-0.499999999999999));
#17312=DIRECTION('',(-1.,0.,0.));
#17313=DIRECTION('',(0.,-0.866025403784439,-0.499999999999999));
#17314=DIRECTION('center_axis',(-1.,0.,0.));
#17315=DIRECTION('ref_axis',(0.,1.22464679914735E-16,-1.));
#17316=DIRECTION('center_axis',(-1.,0.,0.));
#17317=DIRECTION('ref_axis',(0.,0.,1.));
#17318=DIRECTION('',(-1.,0.,0.));
#17319=DIRECTION('center_axis',(-1.,0.,0.));
#17320=DIRECTION('ref_axis',(0.,0.,1.));
#17321=DIRECTION('',(-1.,0.,0.));
#17322=DIRECTION('center_axis',(0.,-1.,0.));
#17323=DIRECTION('ref_axis',(0.,0.,-1.));
#17324=DIRECTION('',(0.,0.,1.));
#17325=DIRECTION('',(-1.,0.,0.));
#17326=DIRECTION('',(0.,0.,1.));
#17327=DIRECTION('center_axis',(0.,0.499999999996831,0.866025403786268));
#17328=DIRECTION('ref_axis',(0.,-0.866025403786268,0.499999999996831));
#17329=DIRECTION('',(0.,0.866025403786268,-0.499999999996831));
#17330=DIRECTION('',(0.,0.866025403786268,-0.499999999996831));
#17331=DIRECTION('center_axis',(0.,0.499999999996835,0.866025403786266));
#17332=DIRECTION('ref_axis',(0.,-0.866025403786266,0.499999999996835));
#17333=DIRECTION('',(0.,0.866025403786266,-0.499999999996835));
#17334=DIRECTION('',(-1.,0.,0.));
#17335=DIRECTION('',(0.,0.866025403786266,-0.499999999996835));
#17336=DIRECTION('center_axis',(0.,0.4999999999779,-0.866025403797198));
#17337=DIRECTION('ref_axis',(0.,0.866025403797198,0.4999999999779));
#17338=DIRECTION('',(0.,-0.866025403797198,-0.4999999999779));
#17339=DIRECTION('',(0.,-0.866025403797198,-0.4999999999779));
#17340=DIRECTION('center_axis',(0.,0.500000000000001,-0.866025403784438));
#17341=DIRECTION('ref_axis',(0.,0.866025403784438,0.500000000000001));
#17342=DIRECTION('',(0.,-0.866025403784438,-0.500000000000001));
#17343=DIRECTION('',(-1.,0.,0.));
#17344=DIRECTION('',(0.,-0.866025403784438,-0.500000000000001));
#17345=DIRECTION('center_axis',(-1.,0.,0.));
#17346=DIRECTION('ref_axis',(0.,1.22464679914735E-16,-1.));
#17347=DIRECTION('center_axis',(-1.,0.,0.));
#17348=DIRECTION('ref_axis',(0.,0.,1.));
#17349=DIRECTION('',(-1.,0.,0.));
#17350=DIRECTION('center_axis',(-1.,0.,0.));
#17351=DIRECTION('ref_axis',(0.,0.,1.));
#17352=DIRECTION('',(-1.,0.,0.));
#17353=DIRECTION('center_axis',(0.,-1.,0.));
#17354=DIRECTION('ref_axis',(0.,0.,-1.));
#17355=DIRECTION('',(0.,0.,1.));
#17356=DIRECTION('',(-1.,0.,0.));
#17357=DIRECTION('',(0.,0.,1.));
#17358=DIRECTION('center_axis',(0.,0.499999999996828,0.86602540378627));
#17359=DIRECTION('ref_axis',(0.,-0.86602540378627,0.499999999996828));
#17360=DIRECTION('',(0.,0.86602540378627,-0.499999999996828));
#17361=DIRECTION('',(0.,0.86602540378627,-0.499999999996828));
#17362=DIRECTION('center_axis',(0.,0.499999999996826,0.866025403786271));
#17363=DIRECTION('ref_axis',(0.,-0.866025403786271,0.499999999996827));
#17364=DIRECTION('',(0.,0.866025403786271,-0.499999999996826));
#17365=DIRECTION('',(-1.,0.,0.));
#17366=DIRECTION('',(0.,0.866025403786271,-0.499999999996826));
#17367=DIRECTION('center_axis',(0.,0.499999999977884,-0.866025403797207));
#17368=DIRECTION('ref_axis',(0.,0.866025403797207,0.499999999977884));
#17369=DIRECTION('',(0.,-0.866025403797207,-0.499999999977884));
#17370=DIRECTION('',(0.,-0.866025403797207,-0.499999999977884));
#17371=DIRECTION('center_axis',(0.,0.5,-0.866025403784439));
#17372=DIRECTION('ref_axis',(0.,0.866025403784439,0.5));
#17373=DIRECTION('',(0.,-0.866025403784439,-0.5));
#17374=DIRECTION('',(-1.,0.,0.));
#17375=DIRECTION('',(0.,-0.866025403784439,-0.5));
#17376=DIRECTION('center_axis',(0.,0.500000000000001,-0.866025403784438));
#17377=DIRECTION('ref_axis',(0.,0.866025403784438,0.500000000000001));
#17378=DIRECTION('',(0.,-0.866025403784438,-0.500000000000001));
#17379=DIRECTION('',(0.,-0.866025403784438,-0.500000000000001));
#17380=DIRECTION('center_axis',(0.,0.499999999996832,0.866025403786268));
#17381=DIRECTION('ref_axis',(0.,-0.866025403786268,0.499999999996832));
#17382=DIRECTION('',(0.,0.866025403786268,-0.499999999996832));
#17383=DIRECTION('',(0.,0.866025403786268,-0.499999999996832));
#17384=DIRECTION('center_axis',(0.,-1.,0.));
#17385=DIRECTION('ref_axis',(0.,0.,-1.));
#17386=DIRECTION('',(0.,0.,1.));
#17387=DIRECTION('',(0.,0.,1.));
#17388=DIRECTION('center_axis',(0.,-1.,0.));
#17389=DIRECTION('ref_axis',(0.,0.,-1.));
#17390=DIRECTION('',(0.,0.,1.));
#17391=DIRECTION('',(0.,0.,1.));
#17392=DIRECTION('center_axis',(0.,-1.,0.));
#17393=DIRECTION('ref_axis',(0.,0.,-1.));
#17394=DIRECTION('',(0.,0.,1.));
#17395=DIRECTION('',(0.,0.,1.));
#17396=DIRECTION('center_axis',(0.,-1.,0.));
#17397=DIRECTION('ref_axis',(0.,0.,-1.));
#17398=DIRECTION('',(0.,0.,1.));
#17399=DIRECTION('',(0.,0.,1.));
#17400=DIRECTION('center_axis',(0.,-1.,0.));
#17401=DIRECTION('ref_axis',(0.,0.,-1.));
#17402=DIRECTION('',(0.,0.,1.));
#17403=DIRECTION('',(0.,0.,1.));
#17404=DIRECTION('center_axis',(0.,-1.,0.));
#17405=DIRECTION('ref_axis',(0.,0.,-1.));
#17406=DIRECTION('',(0.,0.,1.));
#17407=DIRECTION('',(0.,0.,1.));
#17408=DIRECTION('center_axis',(0.,-1.,0.));
#17409=DIRECTION('ref_axis',(0.,0.,-1.));
#17410=DIRECTION('',(0.,0.,1.));
#17411=DIRECTION('',(0.,0.,1.));
#17412=DIRECTION('center_axis',(0.,-1.,0.));
#17413=DIRECTION('ref_axis',(0.,0.,-1.));
#17414=DIRECTION('',(0.,0.,1.));
#17415=DIRECTION('',(0.,0.,1.));
#17416=DIRECTION('center_axis',(0.,-1.,0.));
#17417=DIRECTION('ref_axis',(0.,0.,-1.));
#17418=DIRECTION('',(0.,0.,1.));
#17419=DIRECTION('',(0.,0.,1.));
#17420=DIRECTION('center_axis',(0.,-1.,0.));
#17421=DIRECTION('ref_axis',(0.,0.,-1.));
#17422=DIRECTION('',(0.,0.,1.));
#17423=DIRECTION('',(0.,0.,1.));
#17424=DIRECTION('center_axis',(0.,-1.,0.));
#17425=DIRECTION('ref_axis',(0.,0.,-1.));
#17426=DIRECTION('',(0.,0.,1.));
#17427=DIRECTION('',(0.,0.,1.));
#17428=DIRECTION('center_axis',(0.,-1.,0.));
#17429=DIRECTION('ref_axis',(0.,0.,-1.));
#17430=DIRECTION('',(0.,0.,1.));
#17431=DIRECTION('',(0.,0.,1.));
#17432=DIRECTION('center_axis',(0.,-1.,0.));
#17433=DIRECTION('ref_axis',(0.,0.,-1.));
#17434=DIRECTION('',(0.,0.,1.));
#17435=DIRECTION('',(0.,0.,1.));
#17436=DIRECTION('center_axis',(0.,-1.,0.));
#17437=DIRECTION('ref_axis',(0.,0.,-1.));
#17438=DIRECTION('',(0.,0.,1.));
#17439=DIRECTION('',(0.,0.,1.));
#17440=DIRECTION('center_axis',(0.,-1.,0.));
#17441=DIRECTION('ref_axis',(0.,0.,-1.));
#17442=DIRECTION('',(0.,0.,1.));
#17443=DIRECTION('',(0.,0.,1.));
#17444=DIRECTION('center_axis',(0.,-1.,0.));
#17445=DIRECTION('ref_axis',(0.,0.,-1.));
#17446=DIRECTION('',(0.,0.,1.));
#17447=DIRECTION('',(0.,0.,1.));
#17448=DIRECTION('center_axis',(0.,-1.,0.));
#17449=DIRECTION('ref_axis',(0.,0.,-1.));
#17450=DIRECTION('',(0.,0.,1.));
#17451=DIRECTION('',(0.,0.,1.));
#17452=DIRECTION('center_axis',(0.,-1.,0.));
#17453=DIRECTION('ref_axis',(0.,0.,-1.));
#17454=DIRECTION('',(0.,0.,1.));
#17455=DIRECTION('',(0.,0.,1.));
#17456=DIRECTION('center_axis',(0.,-1.,0.));
#17457=DIRECTION('ref_axis',(0.,0.,-1.));
#17458=DIRECTION('',(0.,0.,1.));
#17459=DIRECTION('',(0.,0.,1.));
#17460=DIRECTION('center_axis',(0.,-1.,0.));
#17461=DIRECTION('ref_axis',(0.,0.,-1.));
#17462=DIRECTION('',(0.,0.,1.));
#17463=DIRECTION('',(0.,0.,1.));
#17464=DIRECTION('center_axis',(0.,-1.,0.));
#17465=DIRECTION('ref_axis',(0.,0.,-1.));
#17466=DIRECTION('',(0.,0.,1.));
#17467=DIRECTION('',(0.,0.,1.));
#17468=DIRECTION('center_axis',(0.,-1.,0.));
#17469=DIRECTION('ref_axis',(0.,0.,-1.));
#17470=DIRECTION('',(0.,0.,1.));
#17471=DIRECTION('',(0.,0.,1.));
#17472=DIRECTION('center_axis',(0.,-1.,0.));
#17473=DIRECTION('ref_axis',(0.,0.,-1.));
#17474=DIRECTION('',(0.,0.,1.));
#17475=DIRECTION('',(0.,0.,1.));
#17476=DIRECTION('center_axis',(-1.,0.,0.));
#17477=DIRECTION('ref_axis',(0.,0.,1.));
#17478=DIRECTION('center_axis',(-1.,0.,0.));
#17479=DIRECTION('ref_axis',(0.,0.,1.));
#17480=DIRECTION('center_axis',(-1.,0.,0.));
#17481=DIRECTION('ref_axis',(0.,0.,1.));
#17482=DIRECTION('center_axis',(-1.,0.,0.));
#17483=DIRECTION('ref_axis',(0.,0.,1.));
#17484=DIRECTION('center_axis',(-1.,0.,0.));
#17485=DIRECTION('ref_axis',(0.,0.,1.));
#17486=DIRECTION('center_axis',(0.,0.,-1.));
#17487=DIRECTION('ref_axis',(-1.,0.,0.));
#17488=DIRECTION('center_axis',(0.,0.,-1.));
#17489=DIRECTION('ref_axis',(1.,0.,0.));
#17490=DIRECTION('',(0.,0.,-1.));
#17491=DIRECTION('',(0.,0.,1.));
#17492=DIRECTION('',(0.,0.,-1.));
#17493=DIRECTION('center_axis',(0.,0.,-1.));
#17494=DIRECTION('ref_axis',(1.,0.,0.));
#17495=DIRECTION('',(0.,0.,-1.));
#17496=DIRECTION('',(0.,0.,-1.));
#17497=DIRECTION('',(0.,0.,-1.));
#17498=DIRECTION('center_axis',(0.,0.,-1.));
#17499=DIRECTION('ref_axis',(-1.,0.,0.));
#17500=DIRECTION('',(0.,0.,-1.));
#17501=DIRECTION('',(0.,0.,-1.));
#17502=DIRECTION('center_axis',(0.,0.,1.));
#17503=DIRECTION('ref_axis',(1.,0.,0.));
#17504=DIRECTION('',(0.,0.,-1.));
#17505=DIRECTION('',(0.,0.,1.));
#17506=DIRECTION('',(0.,0.,-1.));
#17507=DIRECTION('center_axis',(0.,0.,1.));
#17508=DIRECTION('ref_axis',(1.,0.,0.));
#17509=DIRECTION('',(0.,0.,-1.));
#17510=DIRECTION('center_axis',(-1.,0.,0.));
#17511=DIRECTION('ref_axis',(0.,0.,1.));
#17512=DIRECTION('',(0.,1.,0.));
#17513=DIRECTION('',(0.,0.,-1.));
#17514=DIRECTION('',(0.,1.,0.));
#17515=DIRECTION('',(0.,0.,1.));
#17516=DIRECTION('center_axis',(-1.,0.,0.));
#17517=DIRECTION('ref_axis',(0.,0.,1.));
#17518=DIRECTION('',(0.,0.,1.));
#17519=DIRECTION('center_axis',(-1.,0.,0.));
#17520=DIRECTION('ref_axis',(0.,0.,1.));
#17521=DIRECTION('',(0.,0.,1.));
#17522=DIRECTION('',(0.,-1.92747052886312E-16,1.));
#17523=DIRECTION('center_axis',(-1.,0.,0.));
#17524=DIRECTION('ref_axis',(0.,0.,1.));
#17525=DIRECTION('',(0.,-1.92747052886312E-16,1.));
#17526=DIRECTION('center_axis',(-1.,0.,0.));
#17527=DIRECTION('ref_axis',(0.,0.,1.));
#17528=DIRECTION('center_axis',(-1.,0.,0.));
#17529=DIRECTION('ref_axis',(0.,0.,1.));
#17530=DIRECTION('',(0.,-2.16840434497105E-16,1.));
#17531=DIRECTION('center_axis',(-1.,0.,0.));
#17532=DIRECTION('ref_axis',(0.,0.,1.));
#17533=DIRECTION('',(0.,0.,1.));
#17534=DIRECTION('center_axis',(-1.,0.,0.));
#17535=DIRECTION('ref_axis',(0.,0.,1.));
#17536=DIRECTION('',(0.,0.,1.));
#17537=DIRECTION('center_axis',(-1.,0.,0.));
#17538=DIRECTION('ref_axis',(0.,0.,1.));
#17539=DIRECTION('',(0.,0.,1.));
#17540=DIRECTION('center_axis',(-1.,0.,0.));
#17541=DIRECTION('ref_axis',(0.,0.,1.));
#17542=DIRECTION('',(0.,0.,1.));
#17543=DIRECTION('center_axis',(-1.,0.,0.));
#17544=DIRECTION('ref_axis',(0.,0.,1.));
#17545=DIRECTION('',(0.,0.,1.));
#17546=DIRECTION('center_axis',(-1.,0.,0.));
#17547=DIRECTION('ref_axis',(0.,0.,1.));
#17548=DIRECTION('',(0.,0.,1.));
#17549=DIRECTION('center_axis',(-1.,0.,0.));
#17550=DIRECTION('ref_axis',(0.,0.,1.));
#17551=DIRECTION('',(0.,0.,1.));
#17552=DIRECTION('',(0.,-2.16840434497102E-16,1.));
#17553=DIRECTION('center_axis',(-1.,0.,0.));
#17554=DIRECTION('ref_axis',(0.,0.,1.));
#17555=DIRECTION('',(0.,-2.16840434497102E-16,1.));
#17556=DIRECTION('center_axis',(-1.,0.,0.));
#17557=DIRECTION('ref_axis',(0.,0.,1.));
#17558=DIRECTION('',(0.,0.,1.));
#17559=DIRECTION('center_axis',(-1.,0.,0.));
#17560=DIRECTION('ref_axis',(0.,0.,1.));
#17561=DIRECTION('',(0.,0.,1.));
#17562=DIRECTION('center_axis',(-1.,0.,0.));
#17563=DIRECTION('ref_axis',(0.,0.,1.));
#17564=DIRECTION('',(0.,-1.0842021724855E-16,1.));
#17565=DIRECTION('center_axis',(-1.,0.,0.));
#17566=DIRECTION('ref_axis',(0.,0.,1.));
#17567=DIRECTION('',(0.,-1.0842021724855E-16,1.));
#17568=DIRECTION('center_axis',(-1.,0.,0.));
#17569=DIRECTION('ref_axis',(0.,0.,1.));
#17570=DIRECTION('',(0.,0.,1.));
#17571=DIRECTION('center_axis',(-1.,0.,0.));
#17572=DIRECTION('ref_axis',(0.,0.,1.));
#17573=DIRECTION('',(0.,0.,1.));
#17574=DIRECTION('center_axis',(-1.,0.,0.));
#17575=DIRECTION('ref_axis',(0.,0.,1.));
#17576=DIRECTION('',(0.,0.,1.));
#17577=DIRECTION('center_axis',(-1.,0.,0.));
#17578=DIRECTION('ref_axis',(0.,0.,1.));
#17579=DIRECTION('',(0.,0.,1.));
#17580=DIRECTION('center_axis',(-1.,0.,0.));
#17581=DIRECTION('ref_axis',(0.,0.,1.));
#17582=DIRECTION('center_axis',(-1.,0.,0.));
#17583=DIRECTION('ref_axis',(0.,0.,1.));
#17584=DIRECTION('',(0.,-1.08420217248551E-16,1.));
#17585=DIRECTION('center_axis',(-1.,0.,0.));
#17586=DIRECTION('ref_axis',(0.,0.,1.));
#17587=DIRECTION('',(0.,-1.08420217248551E-16,1.));
#17588=DIRECTION('',(0.,-9.63735264431563E-17,1.));
#17589=DIRECTION('center_axis',(-1.,0.,0.));
#17590=DIRECTION('ref_axis',(0.,0.,1.));
#17591=DIRECTION('',(0.,-1.92747052886313E-16,1.));
#17592=DIRECTION('center_axis',(-1.,0.,0.));
#17593=DIRECTION('ref_axis',(0.,0.,1.));
#17594=DIRECTION('',(0.,0.,1.));
#17595=DIRECTION('center_axis',(-1.,0.,0.));
#17596=DIRECTION('ref_axis',(0.,0.,1.));
#17597=DIRECTION('',(0.,0.,1.));
#17598=DIRECTION('center_axis',(-1.,0.,0.));
#17599=DIRECTION('ref_axis',(0.,0.,1.));
#17600=DIRECTION('center_axis',(-1.,0.,0.));
#17601=DIRECTION('ref_axis',(0.,0.,1.));
#17602=DIRECTION('',(0.,0.,-1.));
#17603=DIRECTION('center_axis',(1.,0.,0.));
#17604=DIRECTION('ref_axis',(0.,0.,1.));
#17605=DIRECTION('',(0.,0.,-1.));
#17606=DIRECTION('center_axis',(1.,0.,0.));
#17607=DIRECTION('ref_axis',(0.,-3.46944695195361E-15,1.));
#17608=DIRECTION('',(0.,0.,-1.));
#17609=DIRECTION('',(0.,1.,0.));
#17610=DIRECTION('',(0.,0.,-1.));
#17611=DIRECTION('center_axis',(1.,0.,0.));
#17612=DIRECTION('ref_axis',(0.,0.,1.));
#17613=DIRECTION('',(0.,1.92747052886313E-16,-1.));
#17614=DIRECTION('center_axis',(1.,0.,0.));
#17615=DIRECTION('ref_axis',(0.,8.67361737988403E-16,1.));
#17616=DIRECTION('',(0.,0.,-1.));
#17617=DIRECTION('center_axis',(1.,0.,0.));
#17618=DIRECTION('ref_axis',(0.,0.,1.));
#17619=DIRECTION('',(0.,1.08420217248551E-16,-1.));
#17620=DIRECTION('center_axis',(1.,0.,0.));
#17621=DIRECTION('ref_axis',(0.,4.33680868994201E-15,1.));
#17622=DIRECTION('',(0.,0.,-1.));
#17623=DIRECTION('',(0.,1.,0.));
#17624=DIRECTION('',(0.,0.,-1.));
#17625=DIRECTION('center_axis',(1.,0.,0.));
#17626=DIRECTION('ref_axis',(0.,0.,1.));
#17627=DIRECTION('',(0.,0.,-1.));
#17628=DIRECTION('center_axis',(1.,0.,0.));
#17629=DIRECTION('ref_axis',(0.,0.,1.));
#17630=DIRECTION('center_axis',(1.,0.,0.));
#17631=DIRECTION('ref_axis',(0.,0.,1.));
#17632=DIRECTION('',(0.,1.0842021724855E-16,-1.));
#17633=DIRECTION('center_axis',(1.,0.,0.));
#17634=DIRECTION('ref_axis',(0.,0.,1.));
#17635=DIRECTION('',(0.,1.0842021724855E-16,-1.));
#17636=DIRECTION('',(0.,0.,-1.));
#17637=DIRECTION('center_axis',(1.,0.,0.));
#17638=DIRECTION('ref_axis',(0.,-1.35308431126191E-13,1.));
#17639=DIRECTION('',(0.,0.,-1.));
#17640=DIRECTION('center_axis',(1.,0.,0.));
#17641=DIRECTION('ref_axis',(0.,0.,1.));
#17642=DIRECTION('center_axis',(1.,0.,0.));
#17643=DIRECTION('ref_axis',(0.,1.73472347597681E-15,1.));
#17644=DIRECTION('',(0.,2.16840434497102E-16,-1.));
#17645=DIRECTION('center_axis',(1.,0.,0.));
#17646=DIRECTION('ref_axis',(0.,0.,1.));
#17647=DIRECTION('',(0.,2.16840434497102E-16,-1.));
#17648=DIRECTION('',(0.,0.,-1.));
#17649=DIRECTION('center_axis',(1.,0.,0.));
#17650=DIRECTION('ref_axis',(0.,-8.32667268468867E-14,1.));
#17651=DIRECTION('',(0.,0.,-1.));
#17652=DIRECTION('center_axis',(1.,0.,0.));
#17653=DIRECTION('ref_axis',(0.,0.,1.));
#17654=DIRECTION('',(0.,0.,-1.));
#17655=DIRECTION('center_axis',(1.,0.,0.));
#17656=DIRECTION('ref_axis',(0.,2.08166817117217E-14,1.));
#17657=DIRECTION('',(0.,0.,-1.));
#17658=DIRECTION('center_axis',(1.,0.,0.));
#17659=DIRECTION('ref_axis',(0.,0.,1.));
#17660=DIRECTION('',(0.,0.,-1.));
#17661=DIRECTION('center_axis',(1.,0.,0.));
#17662=DIRECTION('ref_axis',(0.,1.04083408558608E-14,1.));
#17663=DIRECTION('',(0.,0.,-1.));
#17664=DIRECTION('center_axis',(1.,0.,0.));
#17665=DIRECTION('ref_axis',(0.,0.,1.));
#17666=DIRECTION('center_axis',(1.,0.,0.));
#17667=DIRECTION('ref_axis',(0.,8.67361737988403E-16,1.));
#17668=DIRECTION('',(0.,1.92747052886312E-16,-1.));
#17669=DIRECTION('center_axis',(1.,0.,0.));
#17670=DIRECTION('ref_axis',(0.,0.,1.));
#17671=DIRECTION('',(0.,1.92747052886312E-16,-1.));
#17672=DIRECTION('',(0.,0.,-1.));
#17673=DIRECTION('center_axis',(1.,0.,0.));
#17674=DIRECTION('ref_axis',(0.,3.81639164714898E-14,1.));
#17675=DIRECTION('',(0.,0.,-1.));
#17676=DIRECTION('center_axis',(1.,0.,0.));
#17677=DIRECTION('ref_axis',(0.,0.,1.));
#17678=DIRECTION('',(0.,0.,-1.));
#17679=DIRECTION('center_axis',(1.,0.,0.));
#17680=DIRECTION('ref_axis',(0.,-8.84708972748171E-14,1.));
#17681=DIRECTION('',(0.,2.16840434497105E-16,-1.));
#17682=DIRECTION('center_axis',(1.,0.,0.));
#17683=DIRECTION('ref_axis',(0.,0.,1.));
#17684=DIRECTION('',(0.,0.,-1.));
#17685=DIRECTION('center_axis',(1.,0.,0.));
#17686=DIRECTION('ref_axis',(0.,0.,1.));
#17687=DIRECTION('',(0.,0.,-1.));
#17688=DIRECTION('center_axis',(1.,0.,0.));
#17689=DIRECTION('ref_axis',(0.,0.,1.));
#17690=DIRECTION('center_axis',(0.,0.,-1.));
#17691=DIRECTION('ref_axis',(0.707106781186543,-0.707106781186552,0.));
#17692=DIRECTION('',(0.,0.,-1.));
#17693=DIRECTION('',(0.,0.,-1.));
#17694=DIRECTION('center_axis',(0.,0.,-1.));
#17695=DIRECTION('ref_axis',(1.,0.,0.));
#17696=DIRECTION('',(0.,0.,1.));
#17697=DIRECTION('',(0.,0.,1.));
#17698=DIRECTION('center_axis',(0.,0.,-1.));
#17699=DIRECTION('ref_axis',(1.,0.,0.));
#17700=DIRECTION('',(0.,0.,-1.));
#17701=DIRECTION('',(0.,0.,-1.));
#17702=DIRECTION('',(0.,0.,-1.));
#17703=DIRECTION('center_axis',(-1.,0.,0.));
#17704=DIRECTION('ref_axis',(0.,0.,1.));
#17705=DIRECTION('',(0.,0.,-1.));
#17706=DIRECTION('center_axis',(-1.,0.,0.));
#17707=DIRECTION('ref_axis',(0.,0.,1.));
#17708=DIRECTION('center_axis',(-1.,0.,0.));
#17709=DIRECTION('ref_axis',(0.,0.,1.));
#17710=DIRECTION('center_axis',(-1.,0.,0.));
#17711=DIRECTION('ref_axis',(0.,0.,1.));
#17712=DIRECTION('',(0.,0.,-1.));
#17713=DIRECTION('center_axis',(-1.,0.,0.));
#17714=DIRECTION('ref_axis',(0.,0.,1.));
#17715=DIRECTION('',(0.,1.,0.));
#17716=DIRECTION('center_axis',(0.,-1.,0.));
#17717=DIRECTION('ref_axis',(0.,0.,-1.));
#17718=DIRECTION('',(-1.,0.,0.));
#17719=DIRECTION('',(-1.,0.,0.));
#17720=DIRECTION('',(0.,0.,-1.));
#17721=DIRECTION('center_axis',(0.,-1.,0.));
#17722=DIRECTION('ref_axis',(0.,0.,-1.));
#17723=DIRECTION('',(-1.,0.,0.));
#17724=DIRECTION('',(-1.,0.,0.));
#17725=DIRECTION('',(0.,0.,-1.));
#17726=DIRECTION('center_axis',(-1.,0.,0.));
#17727=DIRECTION('ref_axis',(0.,0.,1.));
#17728=DIRECTION('',(0.,0.,-1.));
#17729=DIRECTION('center_axis',(1.,0.,0.));
#17730=DIRECTION('ref_axis',(0.,8.67361737988403E-16,1.));
#17731=DIRECTION('',(0.,1.08420217248551E-16,-1.));
#17732=DIRECTION('center_axis',(1.,0.,0.));
#17733=DIRECTION('ref_axis',(0.,-8.67361737988404E-16,1.));
#17734=DIRECTION('center_axis',(1.,0.,0.));
#17735=DIRECTION('ref_axis',(0.,0.,1.));
#17736=DIRECTION('',(0.,9.63735264431563E-17,-1.));
#17737=DIRECTION('center_axis',(1.,0.,0.));
#17738=DIRECTION('ref_axis',(0.,0.,1.));
#17739=DIRECTION('',(0.,1.,0.));
#17740=DIRECTION('',(0.,0.,-1.));
#17741=DIRECTION('',(0.,1.,0.));
#17742=DIRECTION('center_axis',(1.,0.,0.));
#17743=DIRECTION('ref_axis',(0.,0.,-1.));
#17744=DIRECTION('',(0.,0.,-1.));
#17745=DIRECTION('center_axis',(1.,0.,0.));
#17746=DIRECTION('ref_axis',(0.,0.,-1.));
#17747=DIRECTION('',(0.,0.,1.));
#17748=DIRECTION('center_axis',(1.,0.,0.));
#17749=DIRECTION('ref_axis',(0.,0.,-1.));
#17750=DIRECTION('',(0.,0.,-1.));
#17751=DIRECTION('center_axis',(1.,0.,0.));
#17752=DIRECTION('ref_axis',(0.,0.,-1.));
#17753=DIRECTION('',(0.,0.,1.));
#17754=DIRECTION('center_axis',(1.,0.,0.));
#17755=DIRECTION('ref_axis',(0.,0.,-1.));
#17756=DIRECTION('',(0.,0.,-1.));
#17757=DIRECTION('',(0.,-1.,0.));
#17758=DIRECTION('',(0.,0.,-1.));
#17759=DIRECTION('',(0.,-1.,0.));
#17760=DIRECTION('center_axis',(0.,-1.,0.));
#17761=DIRECTION('ref_axis',(0.,0.,-1.));
#17762=DIRECTION('',(0.,0.,-1.));
#17763=DIRECTION('',(-1.,0.,0.));
#17764=DIRECTION('',(-1.,0.,0.));
#17765=DIRECTION('center_axis',(0.,-1.,0.));
#17766=DIRECTION('ref_axis',(0.,0.,-1.));
#17767=DIRECTION('',(-1.,0.,0.));
#17768=DIRECTION('',(0.,0.,-1.));
#17769=DIRECTION('',(-1.,0.,0.));
#17770=DIRECTION('center_axis',(1.,0.,0.));
#17771=DIRECTION('ref_axis',(0.,0.,-1.));
#17772=DIRECTION('',(0.,0.,-1.));
#17773=DIRECTION('center_axis',(-1.,0.,0.));
#17774=DIRECTION('ref_axis',(0.,-1.38777878078145E-14,-1.));
#17775=DIRECTION('',(0.,-1.,0.));
#17776=DIRECTION('center_axis',(1.,0.,0.));
#17777=DIRECTION('ref_axis',(0.,0.,-1.));
#17778=DIRECTION('center_axis',(-1.,0.,0.));
#17779=DIRECTION('ref_axis',(0.,-6.93889390390723E-15,-1.));
#17780=DIRECTION('',(0.,0.,-1.));
#17781=DIRECTION('center_axis',(-1.,0.,0.));
#17782=DIRECTION('ref_axis',(0.,3.46944695195361E-15,-1.));
#17783=DIRECTION('center_axis',(0.,0.,-1.));
#17784=DIRECTION('ref_axis',(0.707106781186545,0.707106781186551,0.));
#17785=DIRECTION('',(0.,0.,-1.));
#17786=DIRECTION('',(0.,0.,-1.));
#17787=DIRECTION('center_axis',(0.,0.,1.));
#17788=DIRECTION('ref_axis',(1.,0.,0.));
#17789=DIRECTION('',(0.,0.,-1.));
#17790=DIRECTION('',(0.,0.,1.));
#17791=DIRECTION('',(0.,0.,1.));
#17792=DIRECTION('center_axis',(0.,0.,1.));
#17793=DIRECTION('ref_axis',(1.,0.,0.));
#17794=DIRECTION('center_axis',(0.,1.,0.));
#17795=DIRECTION('ref_axis',(0.,0.,1.));
#17796=DIRECTION('',(0.,0.,-1.));
#17797=DIRECTION('',(-1.,0.,0.));
#17798=DIRECTION('',(0.,0.,-1.));
#17799=DIRECTION('',(1.,0.,0.));
#17800=DIRECTION('center_axis',(-1.,0.,0.));
#17801=DIRECTION('ref_axis',(0.,0.,1.));
#17802=DIRECTION('center_axis',(1.,0.,0.));
#17803=DIRECTION('ref_axis',(0.,-1.73472347597681E-15,1.));
#17804=DIRECTION('',(0.,1.,0.));
#17805=DIRECTION('center_axis',(-1.,-9.39380943669752E-17,0.));
#17806=DIRECTION('ref_axis',(9.39380943669752E-17,-1.,0.));
#17807=DIRECTION('',(9.39380943669752E-17,-1.,3.43509599203328E-16));
#17808=DIRECTION('center_axis',(-1.,-9.39380943669752E-17,0.));
#17809=DIRECTION('ref_axis',(9.39380943669752E-17,-1.,0.));
#17810=DIRECTION('',(-9.39380943669752E-17,1.,0.));
#17811=DIRECTION('center_axis',(-1.,-9.39380943669752E-17,0.));
#17812=DIRECTION('ref_axis',(9.39380943669752E-17,-1.,0.));
#17813=DIRECTION('center_axis',(1.,0.,0.));
#17814=DIRECTION('ref_axis',(0.,0.,-1.));
#17815=DIRECTION('center_axis',(1.,0.,0.));
#17816=DIRECTION('ref_axis',(0.,0.,-1.));
#17817=DIRECTION('',(0.,0.,-1.));
#17818=DIRECTION('',(0.,-1.,0.));
#17819=DIRECTION('center_axis',(0.,1.,0.));
#17820=DIRECTION('ref_axis',(0.,0.,1.));
#17821=DIRECTION('',(-1.,0.,0.));
#17822=DIRECTION('',(0.,0.,-1.));
#17823=DIRECTION('',(1.,0.,0.));
#17824=DIRECTION('center_axis',(0.,1.,0.));
#17825=DIRECTION('ref_axis',(0.,0.,1.));
#17826=DIRECTION('',(1.,0.,0.));
#17827=DIRECTION('',(0.,0.,-1.));
#17828=DIRECTION('',(1.,0.,0.));
#17829=DIRECTION('',(0.,0.,1.));
#17830=DIRECTION('center_axis',(1.19430187674823E-16,1.,0.));
#17831=DIRECTION('ref_axis',(-1.,1.19430187674823E-16,0.));
#17832=DIRECTION('',(1.,-1.19430187674823E-16,0.));
#17833=DIRECTION('',(0.,0.,-1.));
#17834=DIRECTION('',(1.,-1.19430187674823E-16,0.));
#17835=DIRECTION('',(0.,0.,1.));
#17836=DIRECTION('center_axis',(-1.,0.,0.));
#17837=DIRECTION('ref_axis',(0.,0.,1.));
#17838=DIRECTION('center_axis',(-1.,0.,0.));
#17839=DIRECTION('ref_axis',(0.,0.,1.));
#17840=DIRECTION('',(0.,0.,-1.));
#17841=DIRECTION('',(0.,1.,0.));
#17842=DIRECTION('center_axis',(0.,-1.,0.));
#17843=DIRECTION('ref_axis',(0.,0.,-1.));
#17844=DIRECTION('',(-1.,0.,0.));
#17845=DIRECTION('',(-1.,0.,0.));
#17846=DIRECTION('center_axis',(0.,1.,0.));
#17847=DIRECTION('ref_axis',(0.,0.,1.));
#17848=DIRECTION('',(1.,0.,0.));
#17849=DIRECTION('',(0.,0.,-1.));
#17850=DIRECTION('',(1.,0.,0.));
#17851=DIRECTION('center_axis',(-1.,0.,0.));
#17852=DIRECTION('ref_axis',(0.,0.,1.));
#17853=DIRECTION('',(0.,0.,-1.));
#17854=DIRECTION('center_axis',(-1.,0.,0.));
#17855=DIRECTION('ref_axis',(0.,0.,1.));
#17856=DIRECTION('',(0.,0.,1.));
#17857=DIRECTION('center_axis',(-1.,0.,0.));
#17858=DIRECTION('ref_axis',(0.,0.,1.));
#17859=DIRECTION('',(0.,1.,0.));
#17860=DIRECTION('',(0.,1.,0.));
#17861=DIRECTION('center_axis',(0.,1.,0.));
#17862=DIRECTION('ref_axis',(0.,0.,1.));
#17863=DIRECTION('',(-1.,0.,0.));
#17864=DIRECTION('',(1.,0.,0.));
#17865=DIRECTION('',(0.,0.,-1.));
#17866=DIRECTION('center_axis',(-1.,0.,0.));
#17867=DIRECTION('ref_axis',(0.,0.,1.));
#17868=DIRECTION('center_axis',(1.,0.,0.));
#17869=DIRECTION('ref_axis',(0.,1.73472347597681E-15,1.));
#17870=DIRECTION('',(0.,1.,0.));
#17871=DIRECTION('center_axis',(-1.,-9.39380943669752E-17,0.));
#17872=DIRECTION('ref_axis',(9.39380943669752E-17,-1.,0.));
#17873=DIRECTION('center_axis',(-1.,-9.39380943669752E-17,0.));
#17874=DIRECTION('ref_axis',(9.39380943669752E-17,-1.,0.));
#17875=DIRECTION('',(9.39380943669752E-17,-1.,8.58773998008321E-17));
#17876=DIRECTION('center_axis',(-1.,-9.39380943669752E-17,0.));
#17877=DIRECTION('ref_axis',(9.39380943669752E-17,-1.,0.));
#17878=DIRECTION('',(-9.39380943669752E-17,1.,0.));
#17879=DIRECTION('center_axis',(1.,0.,0.));
#17880=DIRECTION('ref_axis',(0.,0.,-1.));
#17881=DIRECTION('',(0.,0.,-1.));
#17882=DIRECTION('center_axis',(1.,0.,0.));
#17883=DIRECTION('ref_axis',(0.,0.,-1.));
#17884=DIRECTION('',(0.,-1.,0.));
#17885=DIRECTION('center_axis',(0.,1.,0.));
#17886=DIRECTION('ref_axis',(0.,0.,1.));
#17887=DIRECTION('',(0.,0.,-1.));
#17888=DIRECTION('',(-1.,0.,0.));
#17889=DIRECTION('',(1.,0.,0.));
#17890=DIRECTION('center_axis',(1.,0.,0.));
#17891=DIRECTION('ref_axis',(0.,0.,-1.));
#17892=DIRECTION('',(0.,0.,-1.));
#17893=DIRECTION('center_axis',(-1.,0.,0.));
#17894=DIRECTION('ref_axis',(0.,3.46944695195361E-15,-1.));
#17895=DIRECTION('',(0.,-1.,0.));
#17896=DIRECTION('',(0.,0.,-1.));
#17897=DIRECTION('',(0.,-1.,0.));
#17898=DIRECTION('center_axis',(-1.,0.,0.));
#17899=DIRECTION('ref_axis',(0.,-1.73472347597681E-15,-1.));
#17900=DIRECTION('center_axis',(0.,1.,0.));
#17901=DIRECTION('ref_axis',(0.,0.,1.));
#17902=DIRECTION('',(1.,0.,0.));
#17903=DIRECTION('',(1.,0.,0.));
#17904=DIRECTION('center_axis',(0.,-1.,0.));
#17905=DIRECTION('ref_axis',(0.,0.,-1.));
#17906=DIRECTION('',(-1.,0.,0.));
#17907=DIRECTION('',(0.,0.,-1.));
#17908=DIRECTION('',(-1.,0.,0.));
#17909=DIRECTION('center_axis',(1.,0.,0.));
#17910=DIRECTION('ref_axis',(0.,0.,-1.));
#17911=DIRECTION('center_axis',(-1.,0.,0.));
#17912=DIRECTION('ref_axis',(0.,3.46944695195361E-15,-1.));
#17913=DIRECTION('',(0.,-1.,0.));
#17914=DIRECTION('center_axis',(-1.,0.,0.));
#17915=DIRECTION('ref_axis',(0.,0.,1.));
#17916=DIRECTION('',(0.,1.,0.));
#17917=DIRECTION('',(0.,0.,1.));
#17918=DIRECTION('',(0.,1.,0.));
#17919=DIRECTION('',(0.,0.,-1.));
#17920=DIRECTION('',(0.,0.,1.));
#17921=DIRECTION('center_axis',(-1.,0.,0.));
#17922=DIRECTION('ref_axis',(0.,0.,-1.));
#17923=DIRECTION('',(0.,1.,-4.28326784191804E-16));
#17924=DIRECTION('center_axis',(-1.,0.,0.));
#17925=DIRECTION('ref_axis',(0.,0.,1.));
#17926=DIRECTION('',(0.,0.,1.));
#17927=DIRECTION('center_axis',(-1.,0.,0.));
#17928=DIRECTION('ref_axis',(0.,0.,1.));
#17929=DIRECTION('',(0.,-1.,0.));
#17930=DIRECTION('center_axis',(-1.,0.,0.));
#17931=DIRECTION('ref_axis',(0.,0.,-1.));
#17932=DIRECTION('center_axis',(0.,0.,1.));
#17933=DIRECTION('ref_axis',(1.,0.,0.));
#17934=DIRECTION('center_axis',(0.,0.,1.));
#17935=DIRECTION('ref_axis',(1.,0.,0.));
#17936=DIRECTION('center_axis',(0.,0.,1.));
#17937=DIRECTION('ref_axis',(1.,0.,0.));
#17938=DIRECTION('center_axis',(0.,0.,1.));
#17939=DIRECTION('ref_axis',(1.,0.,0.));
#17940=DIRECTION('center_axis',(0.,0.,1.));
#17941=DIRECTION('ref_axis',(1.,0.,0.));
#17942=DIRECTION('center_axis',(0.,0.,1.));
#17943=DIRECTION('ref_axis',(1.,0.,0.));
#17944=DIRECTION('center_axis',(0.,0.,-1.));
#17945=DIRECTION('ref_axis',(1.,0.,0.));
#17946=DIRECTION('center_axis',(0.,0.,-1.));
#17947=DIRECTION('ref_axis',(1.,0.,0.));
#17948=DIRECTION('center_axis',(0.,0.,-1.));
#17949=DIRECTION('ref_axis',(1.,0.,0.));
#17950=DIRECTION('center_axis',(0.,0.,-1.));
#17951=DIRECTION('ref_axis',(1.,0.,0.));
#17952=DIRECTION('center_axis',(0.,0.,1.));
#17953=DIRECTION('ref_axis',(1.,0.,0.));
#17954=DIRECTION('center_axis',(0.,0.,-1.));
#17955=DIRECTION('ref_axis',(-1.,0.,0.));
#17956=DIRECTION('center_axis',(0.,0.,1.));
#17957=DIRECTION('ref_axis',(1.,0.,0.));
#17958=DIRECTION('center_axis',(0.,0.,-1.));
#17959=DIRECTION('ref_axis',(-1.,0.,0.));
#17960=DIRECTION('center_axis',(0.,-1.,0.));
#17961=DIRECTION('ref_axis',(0.,0.,-1.));
#17962=DIRECTION('',(-1.,0.,0.));
#17963=DIRECTION('',(0.,0.,1.));
#17964=DIRECTION('',(-1.,0.,0.));
#17965=DIRECTION('',(-1.,0.,0.));
#17966=DIRECTION('',(0.,0.,1.));
#17967=DIRECTION('',(1.,0.,0.));
#17968=DIRECTION('center_axis',(0.,-3.43509599203328E-16,-1.));
#17969=DIRECTION('ref_axis',(0.,1.,-3.43509599203328E-16));
#17970=DIRECTION('',(0.,-1.,3.43509599203328E-16));
#17971=DIRECTION('',(1.,0.,0.));
#17972=DIRECTION('',(-1.,0.,0.));
#17973=DIRECTION('center_axis',(0.,-1.,0.));
#17974=DIRECTION('ref_axis',(0.,0.,-1.));
#17975=DIRECTION('',(-1.,0.,0.));
#17976=DIRECTION('',(0.,0.,-1.));
#17977=DIRECTION('',(-1.,0.,0.));
#17978=DIRECTION('',(-1.,0.,0.));
#17979=DIRECTION('',(0.,0.,-1.));
#17980=DIRECTION('',(1.,0.,0.));
#17981=DIRECTION('center_axis',(0.,-8.5877399800832E-17,-1.));
#17982=DIRECTION('ref_axis',(0.,1.,-8.5877399800832E-17));
#17983=DIRECTION('',(-1.,0.,0.));
#17984=DIRECTION('',(0.,-1.,8.58773998008321E-17));
#17985=DIRECTION('',(1.,0.,0.));
#17986=DIRECTION('center_axis',(0.,-1.,0.));
#17987=DIRECTION('ref_axis',(0.,0.,-1.));
#17988=DIRECTION('',(1.,0.,0.));
#17989=DIRECTION('',(-1.,0.,0.));
#17990=DIRECTION('center_axis',(0.,-1.,0.));
#17991=DIRECTION('ref_axis',(0.,0.,-1.));
#17992=DIRECTION('',(-1.,0.,0.));
#17993=DIRECTION('',(1.,0.,0.));
#17994=DIRECTION('center_axis',(-1.,0.,0.));
#17995=DIRECTION('ref_axis',(0.,0.,1.));
#17996=DIRECTION('center_axis',(-1.,0.,0.));
#17997=DIRECTION('ref_axis',(0.,0.,-1.));
#17998=DIRECTION('center_axis',(1.,0.,0.));
#17999=DIRECTION('ref_axis',(0.,0.,-1.));
#18000=DIRECTION('center_axis',(1.,0.,0.));
#18001=DIRECTION('ref_axis',(0.,0.,-1.));
#18002=DIRECTION('center_axis',(-1.,0.,0.));
#18003=DIRECTION('ref_axis',(0.,0.,-1.));
#18004=DIRECTION('center_axis',(1.,0.,0.));
#18005=DIRECTION('ref_axis',(0.,0.,-1.));
#18006=DIRECTION('center_axis',(1.,0.,0.));
#18007=DIRECTION('ref_axis',(0.,0.,-1.));
#18008=DIRECTION('center_axis',(1.,0.,0.));
#18009=DIRECTION('ref_axis',(0.,0.,-1.));
#18010=DIRECTION('center_axis',(-1.,0.,0.));
#18011=DIRECTION('ref_axis',(0.,0.,-1.));
#18012=DIRECTION('center_axis',(1.,0.,0.));
#18013=DIRECTION('ref_axis',(0.,0.,-1.));
#18014=DIRECTION('center_axis',(-1.,0.,0.));
#18015=DIRECTION('ref_axis',(0.,0.,1.));
#18016=DIRECTION('center_axis',(-1.,0.,0.));
#18017=DIRECTION('ref_axis',(0.,0.,-1.));
#18018=DIRECTION('center_axis',(0.,1.,0.));
#18019=DIRECTION('ref_axis',(0.,0.,1.));
#18020=DIRECTION('',(1.,0.,0.));
#18021=DIRECTION('',(-1.,0.,0.));
#18022=DIRECTION('center_axis',(0.,1.,0.));
#18023=DIRECTION('ref_axis',(0.,0.,1.));
#18024=DIRECTION('',(1.,0.,0.));
#18025=DIRECTION('',(-1.,0.,0.));
#18026=DIRECTION('center_axis',(0.,1.,0.));
#18027=DIRECTION('ref_axis',(0.,0.,1.));
#18028=DIRECTION('',(-1.,0.,0.));
#18029=DIRECTION('',(1.,0.,0.));
#18030=DIRECTION('center_axis',(0.,1.,0.));
#18031=DIRECTION('ref_axis',(0.,0.,1.));
#18032=DIRECTION('',(1.,0.,0.));
#18033=DIRECTION('',(-1.,0.,0.));
#18034=DIRECTION('center_axis',(0.,1.,0.));
#18035=DIRECTION('ref_axis',(0.,0.,1.));
#18036=DIRECTION('',(1.,0.,0.));
#18037=DIRECTION('',(-1.,0.,0.));
#18038=DIRECTION('center_axis',(0.,1.,0.));
#18039=DIRECTION('ref_axis',(0.,0.,1.));
#18040=DIRECTION('',(-1.,0.,0.));
#18041=DIRECTION('',(1.,0.,0.));
#18042=DIRECTION('center_axis',(0.,1.,9.63735264431563E-17));
#18043=DIRECTION('ref_axis',(0.,-9.63735264431563E-17,1.));
#18044=DIRECTION('',(-1.,0.,0.));
#18045=DIRECTION('',(1.,0.,0.));
#18046=DIRECTION('center_axis',(0.,1.,1.08420217248551E-16));
#18047=DIRECTION('ref_axis',(0.,-1.08420217248551E-16,1.));
#18048=DIRECTION('',(1.,0.,0.));
#18049=DIRECTION('',(-1.,0.,0.));
#18050=DIRECTION('center_axis',(0.,1.,9.63735264431563E-17));
#18051=DIRECTION('ref_axis',(0.,-9.63735264431563E-17,1.));
#18052=DIRECTION('',(-1.,0.,0.));
#18053=DIRECTION('',(1.,0.,0.));
#18054=DIRECTION('center_axis',(0.,1.,1.92747052886313E-16));
#18055=DIRECTION('ref_axis',(0.,-1.92747052886313E-16,1.));
#18056=DIRECTION('',(1.,0.,0.));
#18057=DIRECTION('',(-1.,0.,0.));
#18058=DIRECTION('center_axis',(0.,1.,1.08420217248551E-16));
#18059=DIRECTION('ref_axis',(0.,-1.08420217248551E-16,1.));
#18060=DIRECTION('',(1.,0.,0.));
#18061=DIRECTION('',(-1.,0.,0.));
#18062=DIRECTION('center_axis',(0.,1.,1.08420217248551E-16));
#18063=DIRECTION('ref_axis',(0.,-1.08420217248551E-16,1.));
#18064=DIRECTION('',(-1.,0.,0.));
#18065=DIRECTION('',(1.,0.,0.));
#18066=DIRECTION('center_axis',(0.,1.,0.));
#18067=DIRECTION('ref_axis',(0.,0.,1.));
#18068=DIRECTION('',(-1.,0.,0.));
#18069=DIRECTION('',(1.,0.,0.));
#18070=DIRECTION('center_axis',(0.,1.,0.));
#18071=DIRECTION('ref_axis',(0.,0.,1.));
#18072=DIRECTION('',(1.,0.,0.));
#18073=DIRECTION('',(-1.,0.,0.));
#18074=DIRECTION('center_axis',(0.,1.,1.92747052886312E-16));
#18075=DIRECTION('ref_axis',(0.,-1.92747052886312E-16,1.));
#18076=DIRECTION('',(-1.,0.,0.));
#18077=DIRECTION('',(1.,0.,0.));
#18078=DIRECTION('center_axis',(0.,1.,1.92747052886312E-16));
#18079=DIRECTION('ref_axis',(0.,-1.92747052886312E-16,1.));
#18080=DIRECTION('',(1.,0.,0.));
#18081=DIRECTION('',(-1.,0.,0.));
#18082=DIRECTION('center_axis',(0.,1.,0.));
#18083=DIRECTION('ref_axis',(0.,0.,1.));
#18084=DIRECTION('',(-1.,0.,0.));
#18085=DIRECTION('',(1.,0.,0.));
#18086=DIRECTION('center_axis',(0.,1.,0.));
#18087=DIRECTION('ref_axis',(0.,0.,1.));
#18088=DIRECTION('',(1.,0.,0.));
#18089=DIRECTION('',(-1.,0.,0.));
#18090=DIRECTION('center_axis',(0.,1.,2.16840434497105E-16));
#18091=DIRECTION('ref_axis',(0.,-2.16840434497105E-16,1.));
#18092=DIRECTION('',(1.,0.,0.));
#18093=DIRECTION('',(-1.,0.,0.));
#18094=DIRECTION('center_axis',(0.,1.,0.));
#18095=DIRECTION('ref_axis',(0.,0.,1.));
#18096=DIRECTION('',(-1.,0.,0.));
#18097=DIRECTION('',(1.,0.,0.));
#18098=DIRECTION('center_axis',(0.,1.,0.));
#18099=DIRECTION('ref_axis',(0.,0.,1.));
#18100=DIRECTION('',(-1.,0.,0.));
#18101=DIRECTION('',(1.,0.,0.));
#18102=DIRECTION('center_axis',(0.,1.,0.));
#18103=DIRECTION('ref_axis',(0.,0.,1.));
#18104=DIRECTION('',(1.,0.,0.));
#18105=DIRECTION('',(-1.,0.,0.));
#18106=DIRECTION('center_axis',(0.,1.,0.));
#18107=DIRECTION('ref_axis',(0.,0.,1.));
#18108=DIRECTION('',(1.,0.,0.));
#18109=DIRECTION('',(-1.,0.,0.));
#18110=DIRECTION('center_axis',(0.,1.,0.));
#18111=DIRECTION('ref_axis',(0.,0.,1.));
#18112=DIRECTION('',(-1.,0.,0.));
#18113=DIRECTION('',(1.,0.,0.));
#18114=DIRECTION('center_axis',(0.,1.,1.0842021724855E-16));
#18115=DIRECTION('ref_axis',(0.,-1.0842021724855E-16,1.));
#18116=DIRECTION('',(-1.,0.,0.));
#18117=DIRECTION('',(1.,0.,0.));
#18118=DIRECTION('center_axis',(0.,1.,1.0842021724855E-16));
#18119=DIRECTION('ref_axis',(0.,-1.0842021724855E-16,1.));
#18120=DIRECTION('',(1.,0.,0.));
#18121=DIRECTION('',(-1.,0.,0.));
#18122=DIRECTION('center_axis',(0.,1.,0.));
#18123=DIRECTION('ref_axis',(0.,0.,1.));
#18124=DIRECTION('',(1.,0.,0.));
#18125=DIRECTION('',(-1.,0.,0.));
#18126=DIRECTION('center_axis',(0.,1.,0.));
#18127=DIRECTION('ref_axis',(0.,0.,1.));
#18128=DIRECTION('',(-1.,0.,0.));
#18129=DIRECTION('',(1.,0.,0.));
#18130=DIRECTION('center_axis',(0.,1.,2.16840434497102E-16));
#18131=DIRECTION('ref_axis',(0.,-2.16840434497102E-16,1.));
#18132=DIRECTION('',(-1.,0.,0.));
#18133=DIRECTION('',(1.,0.,0.));
#18134=DIRECTION('center_axis',(0.,1.,2.16840434497102E-16));
#18135=DIRECTION('ref_axis',(0.,-2.16840434497102E-16,1.));
#18136=DIRECTION('',(1.,0.,0.));
#18137=DIRECTION('',(-1.,0.,0.));
#18138=DIRECTION('center_axis',(0.,1.,0.));
#18139=DIRECTION('ref_axis',(0.,0.,1.));
#18140=DIRECTION('',(-1.,0.,0.));
#18141=DIRECTION('',(1.,0.,0.));
#18142=DIRECTION('center_axis',(0.,1.,0.));
#18143=DIRECTION('ref_axis',(0.,0.,1.));
#18144=DIRECTION('',(-1.,0.,0.));
#18145=DIRECTION('',(1.,0.,0.));
#18146=DIRECTION('center_axis',(1.,0.,0.));
#18147=DIRECTION('ref_axis',(0.,0.,-1.));
#18148=DIRECTION('center_axis',(-1.,0.,0.));
#18149=DIRECTION('ref_axis',(0.,0.,1.));
#18150=DIRECTION('center_axis',(-1.,0.,0.));
#18151=DIRECTION('ref_axis',(0.,1.22464679914735E-16,-1.));
#18152=DIRECTION('center_axis',(-1.,0.,0.));
#18153=DIRECTION('ref_axis',(0.,0.,1.));
#18154=DIRECTION('center_axis',(-1.,0.,0.));
#18155=DIRECTION('ref_axis',(0.,1.22464679914735E-16,-1.));
#18156=DIRECTION('center_axis',(1.,0.,0.));
#18157=DIRECTION('ref_axis',(0.,0.,-1.));
#18158=DIRECTION('center_axis',(-1.,0.,0.));
#18159=DIRECTION('ref_axis',(0.,-3.43024899888577E-15,-1.));
#18160=DIRECTION('center_axis',(1.,0.,0.));
#18161=DIRECTION('ref_axis',(0.,0.,-1.));
#18162=DIRECTION('center_axis',(1.,0.,0.));
#18163=DIRECTION('ref_axis',(0.,0.,-1.));
#18164=DIRECTION('center_axis',(1.,0.,0.));
#18165=DIRECTION('ref_axis',(0.,0.,-1.));
#18166=DIRECTION('center_axis',(1.,0.,0.));
#18167=DIRECTION('ref_axis',(0.,0.,-1.));
#18168=DIRECTION('center_axis',(1.,0.,0.));
#18169=DIRECTION('ref_axis',(0.,0.,-1.));
#18170=DIRECTION('center_axis',(1.,0.,0.));
#18171=DIRECTION('ref_axis',(0.,0.,-1.));
#18172=DIRECTION('center_axis',(1.,0.,0.));
#18173=DIRECTION('ref_axis',(0.,0.,-1.));
#18174=DIRECTION('center_axis',(1.,0.,0.));
#18175=DIRECTION('ref_axis',(0.,0.,-1.));
#18176=DIRECTION('center_axis',(1.,0.,0.));
#18177=DIRECTION('ref_axis',(0.,0.,-1.));
#18178=DIRECTION('center_axis',(1.,0.,0.));
#18179=DIRECTION('ref_axis',(0.,-1.22464679914735E-16,1.));
#18180=DIRECTION('center_axis',(1.,0.,0.));
#18181=DIRECTION('ref_axis',(0.,0.,-1.));
#18182=DIRECTION('center_axis',(-1.,0.,0.));
#18183=DIRECTION('ref_axis',(0.,0.,1.));
#18184=DIRECTION('center_axis',(1.,0.,0.));
#18185=DIRECTION('ref_axis',(0.,-1.22464679914735E-16,1.));
#18186=DIRECTION('center_axis',(1.,0.,0.));
#18187=DIRECTION('ref_axis',(0.,-1.22464679914735E-16,1.));
#18188=DIRECTION('center_axis',(-1.,0.,0.));
#18189=DIRECTION('ref_axis',(0.,0.,1.));
#18190=DIRECTION('center_axis',(-1.,0.,0.));
#18191=DIRECTION('ref_axis',(0.,1.22464679914735E-16,-1.));
#18192=DIRECTION('center_axis',(1.,0.,0.));
#18193=DIRECTION('ref_axis',(0.,-1.01064309961486E-15,1.));
#18194=DIRECTION('center_axis',(-1.,0.,0.));
#18195=DIRECTION('ref_axis',(0.,0.,1.));
#18196=DIRECTION('center_axis',(-1.,0.,0.));
#18197=DIRECTION('ref_axis',(0.,1.22464679914735E-16,-1.));
#18198=DIRECTION('center_axis',(1.,0.,0.));
#18199=DIRECTION('ref_axis',(0.,0.,-1.));
#18200=DIRECTION('center_axis',(-1.,0.,0.));
#18201=DIRECTION('ref_axis',(0.,0.,1.));
#18202=DIRECTION('center_axis',(1.,0.,0.));
#18203=DIRECTION('ref_axis',(0.,0.,-1.));
#18204=DIRECTION('center_axis',(-1.,0.,0.));
#18205=DIRECTION('ref_axis',(0.,0.,1.));
#18206=DIRECTION('center_axis',(1.,0.,0.));
#18207=DIRECTION('ref_axis',(0.,0.,-1.));
#18208=DIRECTION('center_axis',(-1.,0.,0.));
#18209=DIRECTION('ref_axis',(0.,0.,1.));
#18210=DIRECTION('center_axis',(1.,0.,0.));
#18211=DIRECTION('ref_axis',(0.,0.,-1.));
#18212=DIRECTION('center_axis',(-1.,0.,0.));
#18213=DIRECTION('ref_axis',(0.,3.67517835871524E-15,-1.));
#18214=DIRECTION('center_axis',(-1.,0.,0.));
#18215=DIRECTION('ref_axis',(0.,0.,1.));
#18216=DIRECTION('center_axis',(-1.,0.,0.));
#18217=DIRECTION('ref_axis',(0.,0.,1.));
#18218=DIRECTION('center_axis',(1.,0.,0.));
#18219=DIRECTION('ref_axis',(0.,0.,-1.));
#18220=DIRECTION('center_axis',(-1.,0.,0.));
#18221=DIRECTION('ref_axis',(0.,0.,1.));
#18222=DIRECTION('',(0.,1.,-4.28326784191804E-16));
#18223=DIRECTION('center_axis',(-1.,0.,0.));
#18224=DIRECTION('ref_axis',(0.,0.,-1.));
#18225=DIRECTION('center_axis',(-1.,0.,0.));
#18226=DIRECTION('ref_axis',(0.,0.,1.));
#18227=DIRECTION('',(-1.,0.,0.));
#18228=DIRECTION('center_axis',(0.,4.28326784191804E-16,1.));
#18229=DIRECTION('ref_axis',(0.,-1.,4.28326784191804E-16));
#18230=DIRECTION('',(-1.,0.,0.));
#18231=DIRECTION('center_axis',(-1.,0.,0.));
#18232=DIRECTION('ref_axis',(0.,0.,1.));
#18233=DIRECTION('center_axis',(1.,0.,0.));
#18234=DIRECTION('ref_axis',(0.,0.,-1.));
#18235=DIRECTION('center_axis',(-1.,0.,0.));
#18236=DIRECTION('ref_axis',(0.,0.,-1.));
#18237=DIRECTION('',(0.,-1.,0.));
#18238=DIRECTION('center_axis',(-1.,0.,0.));
#18239=DIRECTION('ref_axis',(0.,0.,1.));
#18240=DIRECTION('center_axis',(-1.,0.,0.));
#18241=DIRECTION('ref_axis',(0.,0.,1.));
#18242=DIRECTION('',(-1.,0.,0.));
#18243=DIRECTION('center_axis',(-1.,0.,0.));
#18244=DIRECTION('ref_axis',(0.,0.,1.));
#18245=DIRECTION('',(-1.,0.,0.));
#18246=DIRECTION('center_axis',(0.,0.,-1.));
#18247=DIRECTION('ref_axis',(-1.,0.,0.));
#18248=DIRECTION('',(0.,0.,1.));
#18249=DIRECTION('',(1.,0.,0.));
#18250=DIRECTION('',(-5.59715247473602E-31,-4.35762537165374E-15,-1.));
#18251=DIRECTION('',(-1.,-1.95189726019065E-15,1.02074694878699E-29));
#18252=DIRECTION('',(0.,0.,1.));
#18253=DIRECTION('',(1.,0.,0.));
#18254=CARTESIAN_POINT('',(0.,0.,0.));
#18255=CARTESIAN_POINT('',(0.,0.,0.));
#18256=CARTESIAN_POINT('Origin',(37.0149745795711,22.1,2.));
#18257=CARTESIAN_POINT('',(37.5149495828539,22.1049996092192,2.4950003907808));
#18258=CARTESIAN_POINT('',(37.0149745795711,21.6,3.00000000000001));
#18259=CARTESIAN_POINT('Origin',(37.0149745795712,22.1,2.50000000000006));
#18260=CARTESIAN_POINT('',(37.5149495828539,22.1049996092192,5.6));
#18261=CARTESIAN_POINT('',(37.5149495828539,22.1049996092192,2.));
#18262=CARTESIAN_POINT('',(37.0149745795711,21.6,5.6));
#18263=CARTESIAN_POINT('Origin',(37.0149745795711,22.1,5.6));
#18264=CARTESIAN_POINT('',(37.0149745795711,21.6,2.));
#18265=CARTESIAN_POINT('Origin',(2.70000000000016,22.5,6.8));
#18266=CARTESIAN_POINT('',(4.00000000000016,22.5,6.8));
#18267=CARTESIAN_POINT('',(1.40000000000016,22.5,6.8));
#18268=CARTESIAN_POINT('Origin',(2.70000000000016,22.5,6.8));
#18269=CARTESIAN_POINT('Origin',(2.70000000000016,22.5,6.8));
#18270=CARTESIAN_POINT('',(0.200000000000155,22.5,8.));
#18271=CARTESIAN_POINT('',(1.40000000000016,22.5,6.8));
#18272=CARTESIAN_POINT('Origin',(2.70000000000016,22.5,8.));
#18273=CARTESIAN_POINT('Origin',(2.70000000000016,2.7,6.8));
#18274=CARTESIAN_POINT('',(4.00000000000016,2.7,6.8));
#18275=CARTESIAN_POINT('',(1.40000000000016,2.7,6.8));
#18276=CARTESIAN_POINT('Origin',(2.70000000000016,2.7,6.8));
#18277=CARTESIAN_POINT('Origin',(2.70000000000016,2.7,6.8));
#18278=CARTESIAN_POINT('',(0.200000000000157,2.7,8.));
#18279=CARTESIAN_POINT('',(1.40000000000016,2.7,6.8));
#18280=CARTESIAN_POINT('Origin',(2.70000000000016,2.7,8.));
#18281=CARTESIAN_POINT('Origin',(55.4999999999998,2.7,6.80000000000001));
#18282=CARTESIAN_POINT('',(56.7999999999998,2.7,6.80000000000001));
#18283=CARTESIAN_POINT('',(54.1999999999998,2.7,6.8));
#18284=CARTESIAN_POINT('Origin',(55.4999999999998,2.7,6.80000000000001));
#18285=CARTESIAN_POINT('Origin',(55.4999999999998,2.7,6.80000000000001));
#18286=CARTESIAN_POINT('',(52.9999999999998,2.7,8.));
#18287=CARTESIAN_POINT('',(54.1999999999998,2.7,6.80000000000001));
#18288=CARTESIAN_POINT('',(55.4685784503214,5.19980252944424,8.));
#18289=CARTESIAN_POINT('Origin',(55.4999999999998,2.7,8.));
#18290=CARTESIAN_POINT('',(54.4879867649713,4.86417979886667,7.88910966464404));
#18291=CARTESIAN_POINT('Ctrl Pts',(54.4879867649713,4.86417979886667,7.88910966464403));
#18292=CARTESIAN_POINT('Ctrl Pts',(54.6006876571636,4.88922867735599,7.86406078615472));
#18293=CARTESIAN_POINT('Ctrl Pts',(54.712739874962,4.91849230963052,7.85133670477473));
#18294=CARTESIAN_POINT('Ctrl Pts',(55.0260498709215,5.0130483764503,7.85133670477473));
#18295=CARTESIAN_POINT('Ctrl Pts',(55.2364080542612,5.09409734529868,7.90041624328195));
#18296=CARTESIAN_POINT('Ctrl Pts',(55.4442438862469,5.18858645293951,7.98918012173284));
#18297=CARTESIAN_POINT('Ctrl Pts',(55.456438256158,5.19418210448296,7.9945326044717));
#18298=CARTESIAN_POINT('Ctrl Pts',(55.4685784503214,5.19980252944424,8.));
#18299=CARTESIAN_POINT('',(54.0738154470629,4.7532894635107,8.));
#18300=CARTESIAN_POINT('Origin',(54.2759598498709,-135.377104610331,148.193778255027));
#18301=CARTESIAN_POINT('Origin',(55.4999999999998,2.7,8.));
#18302=CARTESIAN_POINT('Origin',(55.4999999999998,22.5,6.80000000000001));
#18303=CARTESIAN_POINT('',(56.7999999999998,22.5,6.80000000000001));
#18304=CARTESIAN_POINT('',(54.1999999999998,22.5,6.8));
#18305=CARTESIAN_POINT('Origin',(55.4999999999998,22.5,6.80000000000001));
#18306=CARTESIAN_POINT('Origin',(55.4999999999998,22.5,6.80000000000001));
#18307=CARTESIAN_POINT('',(52.9999999999998,22.5,8.00000000000001));
#18308=CARTESIAN_POINT('',(54.1999999999998,22.5,6.80000000000001));
#18309=CARTESIAN_POINT('',(54.0690911978744,20.45,8.));
#18310=CARTESIAN_POINT('Origin',(55.4999999999998,22.5,8.));
#18311=CARTESIAN_POINT('',(54.4879867649713,20.3375462404256,7.8875462404256));
#18312=CARTESIAN_POINT('Origin',(54.2734434207237,158.796419471495,146.410939411594));
#18313=CARTESIAN_POINT('',(55.4714617558973,20.000162891582,8.));
#18314=CARTESIAN_POINT('Ctrl Pts',(55.4714617558973,20.000162891582,8.));
#18315=CARTESIAN_POINT('Ctrl Pts',(55.4168629965588,20.0255139481461,7.97527385631404));
#18316=CARTESIAN_POINT('Ctrl Pts',(55.3602725744741,20.0507940580124,7.95242542509611));
#18317=CARTESIAN_POINT('Ctrl Pts',(55.1603138547789,20.1356230214184,7.88424531012879));
#18318=CARTESIAN_POINT('Ctrl Pts',(55.0049549709133,20.1949080918999,7.84976218297466));
#18319=CARTESIAN_POINT('Ctrl Pts',(54.7012546251071,20.2866539932248,7.84976218297466));
#18320=CARTESIAN_POINT('Ctrl Pts',(54.5913838577806,20.3145486082527,7.86454860825273));
#18321=CARTESIAN_POINT('Ctrl Pts',(54.4879867649713,20.3375462404256,7.8875462404256));
#18322=CARTESIAN_POINT('Origin',(55.4999999999998,22.5,8.));
#18323=CARTESIAN_POINT('Origin',(33.5,3.6,4.));
#18324=CARTESIAN_POINT('',(31.6,3.6,5.6));
#18325=CARTESIAN_POINT('Origin',(33.5,3.6,5.6));
#18326=CARTESIAN_POINT('',(31.6,3.6,4.));
#18327=CARTESIAN_POINT('',(31.6,3.6,4.));
#18328=CARTESIAN_POINT('Origin',(33.5,3.6,4.));
#18329=CARTESIAN_POINT('Origin',(33.5,3.6,4.));
#18330=CARTESIAN_POINT('',(32.7,3.6,4.));
#18331=CARTESIAN_POINT('Origin',(33.5,3.6,4.));
#18332=CARTESIAN_POINT('',(32.7,3.6,7.));
#18333=CARTESIAN_POINT('',(32.7,3.6,4.));
#18334=CARTESIAN_POINT('Origin',(33.5,3.6,7.));
#18335=CARTESIAN_POINT('Origin',(55.4999999999998,2.7,8.));
#18336=CARTESIAN_POINT('',(56.7999999999998,2.7,5.6));
#18337=CARTESIAN_POINT('',(56.7999999999998,2.7,8.));
#18338=CARTESIAN_POINT('Origin',(55.4999999999998,2.7,5.6));
#18339=CARTESIAN_POINT('Origin',(2.70000000000016,2.7,8.));
#18340=CARTESIAN_POINT('',(4.00000000000016,2.7,5.6));
#18341=CARTESIAN_POINT('',(4.00000000000016,2.7,8.));
#18342=CARTESIAN_POINT('Origin',(2.70000000000016,2.7,5.6));
#18343=CARTESIAN_POINT('Origin',(2.70000000000016,22.5,8.));
#18344=CARTESIAN_POINT('',(4.00000000000016,22.5,5.6));
#18345=CARTESIAN_POINT('',(4.00000000000016,22.5,8.));
#18346=CARTESIAN_POINT('Origin',(2.70000000000016,22.5,5.6));
#18347=CARTESIAN_POINT('Origin',(55.4999999999998,22.5,8.));
#18348=CARTESIAN_POINT('',(56.7999999999998,22.5,5.6));
#18349=CARTESIAN_POINT('',(56.7999999999998,22.5,8.));
#18350=CARTESIAN_POINT('Origin',(55.4999999999998,22.5,5.6));
#18351=CARTESIAN_POINT('Origin',(0.,0.,5.6));
#18352=CARTESIAN_POINT('',(58.2,24.2,5.6));
#18353=CARTESIAN_POINT('',(58.2,1.,5.6));
#18354=CARTESIAN_POINT('',(58.2,25.2,5.6));
#18355=CARTESIAN_POINT('',(57.2,0.,5.6));
#18356=CARTESIAN_POINT('Origin',(57.2,1.,5.6));
#18357=CARTESIAN_POINT('',(1.,0.,5.6));
#18358=CARTESIAN_POINT('',(58.2,0.,5.6));
#18359=CARTESIAN_POINT('',(0.,1.,5.6));
#18360=CARTESIAN_POINT('Origin',(1.,1.,5.6));
#18361=CARTESIAN_POINT('',(0.,24.2,5.6));
#18362=CARTESIAN_POINT('',(0.,25.2,5.6));
#18363=CARTESIAN_POINT('',(1.,25.2,5.6));
#18364=CARTESIAN_POINT('Origin',(1.,24.2,5.6));
#18365=CARTESIAN_POINT('',(57.2,25.2,5.6));
#18366=CARTESIAN_POINT('',(58.2,25.2,5.6));
#18367=CARTESIAN_POINT('Origin',(57.2,24.2,5.6));
#18368=CARTESIAN_POINT('',(38.8199994367174,20.6,5.6));
#18369=CARTESIAN_POINT('',(38.8199994367174,13.6,5.6));
#18370=CARTESIAN_POINT('',(38.8199994367174,21.6,5.6));
#18371=CARTESIAN_POINT('',(37.8199994367174,21.6,5.6));
#18372=CARTESIAN_POINT('Origin',(37.8199994367174,20.6,5.6));
#18373=CARTESIAN_POINT('',(38.8199994367174,21.6,5.6));
#18374=CARTESIAN_POINT('',(37.5,23.6,5.6));
#18375=CARTESIAN_POINT('',(37.7322203437663,0.377311576484858,5.6));
#18376=CARTESIAN_POINT('',(29.5199994367174,23.6,5.6));
#18377=CARTESIAN_POINT('',(0.,23.6,5.6));
#18378=CARTESIAN_POINT('',(29.5199994367174,22.1,5.6));
#18379=CARTESIAN_POINT('',(29.5199994367174,0.,5.6));
#18380=CARTESIAN_POINT('',(30.0199994367174,21.6,5.6));
#18381=CARTESIAN_POINT('Origin',(30.0199994367174,22.1,5.6));
#18382=CARTESIAN_POINT('',(29.2199994367174,21.6,5.6));
#18383=CARTESIAN_POINT('',(38.8199994367174,21.6,5.6));
#18384=CARTESIAN_POINT('',(28.2199994367174,20.6,5.6));
#18385=CARTESIAN_POINT('Origin',(29.2199994367174,20.6,5.6));
#18386=CARTESIAN_POINT('',(28.2199994367174,13.6,5.6));
#18387=CARTESIAN_POINT('',(28.2199994367174,21.6,5.6));
#18388=CARTESIAN_POINT('',(29.2199994367174,12.6,5.6));
#18389=CARTESIAN_POINT('Origin',(29.2199994367174,13.6,5.6));
#18390=CARTESIAN_POINT('',(37.8199994367174,12.6,5.6));
#18391=CARTESIAN_POINT('',(38.8199994367174,12.6,5.6));
#18392=CARTESIAN_POINT('Origin',(37.8199994367174,13.6,5.6));
#18393=CARTESIAN_POINT('',(3.69999999999999,7.69999999999999,5.6));
#18394=CARTESIAN_POINT('',(5.20000000000003,7.69999999999999,5.6));
#18395=CARTESIAN_POINT('',(5.20000000000003,7.69999999999999,5.6));
#18396=CARTESIAN_POINT('',(6.50000000000003,9.,5.6));
#18397=CARTESIAN_POINT('Origin',(5.20000000000003,9.,5.6));
#18398=CARTESIAN_POINT('',(6.50000000000004,16.2,5.6));
#18399=CARTESIAN_POINT('',(6.50000000000004,16.2,5.6));
#18400=CARTESIAN_POINT('',(5.20000000000003,17.5,5.6));
#18401=CARTESIAN_POINT('Origin',(5.20000000000003,16.2,5.6));
#18402=CARTESIAN_POINT('',(3.69999999999999,17.5,5.6));
#18403=CARTESIAN_POINT('',(0.,17.5,5.6));
#18404=CARTESIAN_POINT('',(2.39999999999998,16.2,5.6));
#18405=CARTESIAN_POINT('Origin',(3.69999999999999,16.2,5.6));
#18406=CARTESIAN_POINT('',(2.39999999999998,9.,5.6));
#18407=CARTESIAN_POINT('',(2.39999999999997,-4.52536558950467E-16,5.6));
#18408=CARTESIAN_POINT('Origin',(3.69999999999999,9.,5.6));
#18409=CARTESIAN_POINT('',(46.45,24.75,5.6));
#18410=CARTESIAN_POINT('',(45.45,23.75,5.6));
#18411=CARTESIAN_POINT('Origin',(46.45,23.75,5.6));
#18412=CARTESIAN_POINT('',(45.45,14.6,5.6));
#18413=CARTESIAN_POINT('',(45.45,0.,5.6));
#18414=CARTESIAN_POINT('',(43.9,14.6,5.6));
#18415=CARTESIAN_POINT('',(44.9,14.6,5.6));
#18416=CARTESIAN_POINT('',(43.9,10.6,5.6));
#18417=CARTESIAN_POINT('',(43.9,11.6,5.6));
#18418=CARTESIAN_POINT('',(45.45,10.6,5.6));
#18419=CARTESIAN_POINT('',(45.95,10.6,5.6));
#18420=CARTESIAN_POINT('',(45.45,1.45,5.6));
#18421=CARTESIAN_POINT('',(45.45,0.,5.6));
#18422=CARTESIAN_POINT('',(46.45,0.449999999999996,5.6));
#18423=CARTESIAN_POINT('Origin',(46.45,1.45,5.6));
#18424=CARTESIAN_POINT('',(49.85,0.449999999999995,5.6));
#18425=CARTESIAN_POINT('',(49.85,0.449999999999996,5.6));
#18426=CARTESIAN_POINT('',(50.85,1.45,5.6));
#18427=CARTESIAN_POINT('Origin',(49.85,1.45,5.6));
#18428=CARTESIAN_POINT('',(50.85,1.70328946351066,5.6));
#18429=CARTESIAN_POINT('',(50.85,1.70328946351066,5.6));
#18430=CARTESIAN_POINT('',(51.3375,2.20313318908896,5.6));
#18431=CARTESIAN_POINT('Origin',(51.35,1.70328946351066,5.6));
#18432=CARTESIAN_POINT('',(52.8,3.70266436582388,5.6));
#18433=CARTESIAN_POINT('Origin',(51.3,3.70266436582388,5.6));
#18434=CARTESIAN_POINT('',(52.8,4.05328946351069,5.6));
#18435=CARTESIAN_POINT('',(52.8,0.,5.6));
#18436=CARTESIAN_POINT('',(53.3,4.55328946351069,5.6));
#18437=CARTESIAN_POINT('Origin',(53.3,4.05328946351069,5.6));
#18438=CARTESIAN_POINT('',(54.4879867649713,4.5532894635107,5.6));
#18439=CARTESIAN_POINT('',(54.4879867649713,4.5532894635107,5.6));
#18440=CARTESIAN_POINT('',(55.9879867649713,6.0532894635107,5.6));
#18441=CARTESIAN_POINT('Origin',(54.4879867649713,6.0532894635107,5.6));
#18442=CARTESIAN_POINT('',(55.9879867649713,19.15,5.6));
#18443=CARTESIAN_POINT('',(55.9879867649713,19.15,5.6));
#18444=CARTESIAN_POINT('',(54.4879867649713,20.65,5.6));
#18445=CARTESIAN_POINT('Origin',(54.4879867649713,19.15,5.6));
#18446=CARTESIAN_POINT('',(53.3,20.65,5.6));
#18447=CARTESIAN_POINT('',(0.,20.65,5.6));
#18448=CARTESIAN_POINT('',(52.8,21.15,5.6));
#18449=CARTESIAN_POINT('Origin',(53.3,21.15,5.6));
#18450=CARTESIAN_POINT('',(52.8,21.5006250976868,5.6));
#18451=CARTESIAN_POINT('',(52.8,0.,5.6));
#18452=CARTESIAN_POINT('',(51.3375,23.0001562744217,5.6));
#18453=CARTESIAN_POINT('Origin',(51.3,21.5006250976868,5.6));
#18454=CARTESIAN_POINT('',(50.85,23.5,5.6));
#18455=CARTESIAN_POINT('Origin',(51.35,23.5,5.6));
#18456=CARTESIAN_POINT('',(50.85,23.75,5.6));
#18457=CARTESIAN_POINT('',(50.85,23.75,5.6));
#18458=CARTESIAN_POINT('',(49.85,24.75,5.6));
#18459=CARTESIAN_POINT('Origin',(49.85,23.75,5.6));
#18460=CARTESIAN_POINT('',(-1.9515639104739E-14,24.75,5.6));
#18461=CARTESIAN_POINT('Origin',(0.,0.,8.));
#18462=CARTESIAN_POINT('',(57.2,-0.499999999999985,8.));
#18463=CARTESIAN_POINT('',(58.7,1.,8.));
#18464=CARTESIAN_POINT('Origin',(57.2,1.,8.));
#18465=CARTESIAN_POINT('',(58.7,24.2,8.));
#18466=CARTESIAN_POINT('',(58.7,0.,8.));
#18467=CARTESIAN_POINT('',(57.2,25.7,8.));
#18468=CARTESIAN_POINT('Origin',(57.2,24.2,8.));
#18469=CARTESIAN_POINT('',(1.,25.7,8.));
#18470=CARTESIAN_POINT('',(0.,25.7,8.));
#18471=CARTESIAN_POINT('',(-0.499999999999985,24.2,8.));
#18472=CARTESIAN_POINT('Origin',(1.,24.2,8.));
#18473=CARTESIAN_POINT('',(-0.499999999999985,1.,8.));
#18474=CARTESIAN_POINT('',(-0.499999999999985,1.,8.));
#18475=CARTESIAN_POINT('',(1.,-0.499999999999985,8.));
#18476=CARTESIAN_POINT('Origin',(1.,1.,8.));
#18477=CARTESIAN_POINT('',(57.2,-0.499999999999985,8.));
#18478=CARTESIAN_POINT('',(53.3,20.45,8.));
#18479=CARTESIAN_POINT('',(0.,20.45,8.));
#18480=CARTESIAN_POINT('',(55.7879867649713,19.15,8.));
#18481=CARTESIAN_POINT('Origin',(54.4879867649713,19.15,8.));
#18482=CARTESIAN_POINT('',(55.7879867649713,6.0532894635107,8.));
#18483=CARTESIAN_POINT('',(55.7879867649713,6.0532894635107,8.));
#18484=CARTESIAN_POINT('Origin',(54.4879867649713,6.0532894635107,8.));
#18485=CARTESIAN_POINT('',(53.3,4.75328946351069,8.));
#18486=CARTESIAN_POINT('',(53.3,4.75328946351068,8.));
#18487=CARTESIAN_POINT('',(52.6,4.05328946351069,8.));
#18488=CARTESIAN_POINT('Origin',(53.3,4.05328946351069,8.));
#18489=CARTESIAN_POINT('',(52.6,3.70266436582388,8.));
#18490=CARTESIAN_POINT('',(52.6,0.,8.));
#18491=CARTESIAN_POINT('',(51.3325,2.40307067932028,8.));
#18492=CARTESIAN_POINT('Origin',(51.3,3.70266436582388,8.));
#18493=CARTESIAN_POINT('',(50.65,1.70328946351066,8.));
#18494=CARTESIAN_POINT('Origin',(51.35,1.70328946351066,8.));
#18495=CARTESIAN_POINT('',(50.65,1.45,8.));
#18496=CARTESIAN_POINT('',(50.65,1.45,8.));
#18497=CARTESIAN_POINT('',(49.85,0.649999999999994,8.));
#18498=CARTESIAN_POINT('Origin',(49.85,1.45,8.));
#18499=CARTESIAN_POINT('',(46.45,0.649999999999994,8.));
#18500=CARTESIAN_POINT('',(46.45,0.649999999999994,8.));
#18501=CARTESIAN_POINT('',(45.65,1.45,8.));
#18502=CARTESIAN_POINT('Origin',(46.45,1.45,8.));
#18503=CARTESIAN_POINT('',(45.65,23.75,8.));
#18504=CARTESIAN_POINT('',(45.65,0.,8.));
#18505=CARTESIAN_POINT('',(46.45,24.55,8.));
#18506=CARTESIAN_POINT('Origin',(46.45,23.75,8.));
#18507=CARTESIAN_POINT('',(49.85,24.55,8.));
#18508=CARTESIAN_POINT('',(-1.93579369705593E-14,24.55,8.));
#18509=CARTESIAN_POINT('',(50.65,23.75,8.));
#18510=CARTESIAN_POINT('Origin',(49.85,23.75,8.));
#18511=CARTESIAN_POINT('',(50.65,23.5,8.));
#18512=CARTESIAN_POINT('',(50.65,23.5,8.));
#18513=CARTESIAN_POINT('',(51.3325,22.8002187841904,8.));
#18514=CARTESIAN_POINT('Origin',(51.35,23.5,8.));
#18515=CARTESIAN_POINT('',(52.6,21.5006250976868,8.));
#18516=CARTESIAN_POINT('Origin',(51.3,21.5006250976868,8.));
#18517=CARTESIAN_POINT('',(52.6,21.15,8.));
#18518=CARTESIAN_POINT('',(52.6,0.,8.));
#18519=CARTESIAN_POINT('Origin',(53.3,21.15,8.));
#18520=CARTESIAN_POINT('',(1.92500000000001,19.1,8.));
#18521=CARTESIAN_POINT('',(2.725,18.3,8.));
#18522=CARTESIAN_POINT('Origin',(1.925,18.3,8.));
#18523=CARTESIAN_POINT('',(2.725,6.9,8.));
#18524=CARTESIAN_POINT('',(2.725,6.9,8.));
#18525=CARTESIAN_POINT('',(1.925,6.10000000000001,8.));
#18526=CARTESIAN_POINT('Origin',(1.92500000000001,6.90000000000001,8.));
#18527=CARTESIAN_POINT('',(0.725000000000004,6.10000000000001,8.));
#18528=CARTESIAN_POINT('',(0.725000000000004,6.10000000000001,8.));
#18529=CARTESIAN_POINT('',(-0.0749999999999863,6.9,8.));
#18530=CARTESIAN_POINT('Origin',(0.725000000000005,6.9,8.));
#18531=CARTESIAN_POINT('',(-0.0749999999999898,18.3,8.));
#18532=CARTESIAN_POINT('',(-0.0749999999999898,18.3,8.));
#18533=CARTESIAN_POINT('',(0.725000000000006,19.1,8.));
#18534=CARTESIAN_POINT('Origin',(0.725000000000006,18.3,8.));
#18535=CARTESIAN_POINT('',(1.92500000000001,19.1,8.));
#18536=CARTESIAN_POINT('',(6.05000000000007,15.5,8.));
#18537=CARTESIAN_POINT('',(6.05000000000001,9.7,8.));
#18538=CARTESIAN_POINT('',(6.05000000000001,9.7,8.));
#18539=CARTESIAN_POINT('',(2.85,9.7,8.));
#18540=CARTESIAN_POINT('Origin',(4.45000000000001,9.7,8.));
#18541=CARTESIAN_POINT('',(2.85000000000001,15.5,8.));
#18542=CARTESIAN_POINT('',(2.85,-8.52407225264466E-16,8.));
#18543=CARTESIAN_POINT('Origin',(4.45000000000004,15.5,8.));
#18544=CARTESIAN_POINT('Origin',(0.,0.,6.2));
#18545=CARTESIAN_POINT('',(6.20000000000003,16.2,6.2));
#18546=CARTESIAN_POINT('',(6.20000000000003,9.,6.2));
#18547=CARTESIAN_POINT('',(6.20000000000003,17.2,6.2));
#18548=CARTESIAN_POINT('',(5.20000000000003,8.,6.2));
#18549=CARTESIAN_POINT('Origin',(5.20000000000003,9.,6.2));
#18550=CARTESIAN_POINT('',(3.69999999999999,8.,6.2));
#18551=CARTESIAN_POINT('',(6.20000000000003,8.,6.2));
#18552=CARTESIAN_POINT('',(2.69999999999999,9.,6.2));
#18553=CARTESIAN_POINT('Origin',(3.69999999999999,9.,6.2));
#18554=CARTESIAN_POINT('',(2.69999999999999,16.2,6.2));
#18555=CARTESIAN_POINT('',(2.69999999999999,17.2,6.2));
#18556=CARTESIAN_POINT('',(3.69999999999999,17.2,6.2));
#18557=CARTESIAN_POINT('Origin',(3.69999999999999,16.2,6.2));
#18558=CARTESIAN_POINT('',(5.20000000000003,17.2,6.2));
#18559=CARTESIAN_POINT('',(6.20000000000003,17.2,6.2));
#18560=CARTESIAN_POINT('Origin',(5.20000000000003,16.2,6.2));
#18561=CARTESIAN_POINT('',(3.15000000000001,15.5,6.2));
#18562=CARTESIAN_POINT('',(5.75000000000001,15.5,6.2));
#18563=CARTESIAN_POINT('Origin',(4.45000000000004,15.5,6.2));
#18564=CARTESIAN_POINT('',(3.15000000000001,9.7,6.2));
#18565=CARTESIAN_POINT('',(3.15,-9.42134301608095E-16,6.2));
#18566=CARTESIAN_POINT('',(5.75000000000001,9.7,6.2));
#18567=CARTESIAN_POINT('Origin',(4.45000000000001,9.7,6.2));
#18568=CARTESIAN_POINT('',(5.75000000000001,-8.59884481626435E-16,6.2));
#18569=CARTESIAN_POINT('Origin',(59.7,0.,8.));
#18570=CARTESIAN_POINT('',(59.7,1.,6.99999999999998));
#18571=CARTESIAN_POINT('',(59.7,1.,1.00000000000001));
#18572=CARTESIAN_POINT('',(59.7,1.,0.));
#18573=CARTESIAN_POINT('',(59.7,24.2,1.00000000000001));
#18574=CARTESIAN_POINT('',(59.7,24.2,1.00000000000001));
#18575=CARTESIAN_POINT('',(59.7,24.2,6.99999999999998));
#18576=CARTESIAN_POINT('',(59.7,24.2,8.));
#18577=CARTESIAN_POINT('',(59.7,0.,6.99999999999998));
#18578=CARTESIAN_POINT('Origin',(0.,26.7,8.));
#18579=CARTESIAN_POINT('',(57.2,26.7,6.99999999999998));
#18580=CARTESIAN_POINT('',(57.2,26.7,1.00000000000001));
#18581=CARTESIAN_POINT('',(57.2,26.7,8.));
#18582=CARTESIAN_POINT('',(1.,26.7,1.00000000000001));
#18583=CARTESIAN_POINT('',(1.,26.7,1.00000000000001));
#18584=CARTESIAN_POINT('',(1.,26.7,6.99999999999998));
#18585=CARTESIAN_POINT('',(1.,26.7,8.));
#18586=CARTESIAN_POINT('',(0.,26.7,6.99999999999998));
#18587=CARTESIAN_POINT('Origin',(-1.5,0.,8.));
#18588=CARTESIAN_POINT('',(-1.5,24.2,6.99999999999998));
#18589=CARTESIAN_POINT('',(-1.5,24.2,1.00000000000001));
#18590=CARTESIAN_POINT('',(-1.5,24.2,0.));
#18591=CARTESIAN_POINT('',(-1.5,1.,1.00000000000001));
#18592=CARTESIAN_POINT('',(-1.5,0.,1.00000000000001));
#18593=CARTESIAN_POINT('',(-1.5,1.,6.99999999999998));
#18594=CARTESIAN_POINT('',(-1.5,1.,8.));
#18595=CARTESIAN_POINT('',(-1.5,24.2,6.99999999999998));
#18596=CARTESIAN_POINT('Origin',(0.,-1.5,8.));
#18597=CARTESIAN_POINT('',(1.,-1.5,6.99999999999998));
#18598=CARTESIAN_POINT('',(1.,-1.5,1.00000000000001));
#18599=CARTESIAN_POINT('',(1.,-1.5,8.));
#18600=CARTESIAN_POINT('',(57.2,-1.5,1.00000000000001));
#18601=CARTESIAN_POINT('',(0.,-1.5,1.00000000000001));
#18602=CARTESIAN_POINT('',(57.2,-1.5,6.99999999999998));
#18603=CARTESIAN_POINT('',(57.2,-1.5,8.));
#18604=CARTESIAN_POINT('',(1.,-1.5,6.99999999999998));
#18605=CARTESIAN_POINT('Origin',(0.,0.,0.));
#18606=CARTESIAN_POINT('',(58.7,1.,0.));
#18607=CARTESIAN_POINT('',(57.2,-0.499999999999999,0.));
#18608=CARTESIAN_POINT('Origin',(57.2,1.,0.));
#18609=CARTESIAN_POINT('',(1.,-0.499999999999999,0.));
#18610=CARTESIAN_POINT('',(0.,-0.499999999999999,0.));
#18611=CARTESIAN_POINT('',(-0.499999999999999,1.,0.));
#18612=CARTESIAN_POINT('Origin',(1.,1.,0.));
#18613=CARTESIAN_POINT('',(-0.499999999999998,24.2,0.));
#18614=CARTESIAN_POINT('',(-0.499999999999999,0.,0.));
#18615=CARTESIAN_POINT('',(1.,25.7,0.));
#18616=CARTESIAN_POINT('Origin',(1.,24.2,0.));
#18617=CARTESIAN_POINT('',(57.2,25.7,0.));
#18618=CARTESIAN_POINT('',(57.2,25.7,0.));
#18619=CARTESIAN_POINT('',(58.7,24.2,0.));
#18620=CARTESIAN_POINT('Origin',(57.2,24.2,0.));
#18621=CARTESIAN_POINT('',(58.7,1.,0.));
#18622=CARTESIAN_POINT('',(57.2,0.,0.));
#18623=CARTESIAN_POINT('',(1.,0.,0.));
#18624=CARTESIAN_POINT('',(58.2,0.,0.));
#18625=CARTESIAN_POINT('',(58.2,1.,0.));
#18626=CARTESIAN_POINT('Origin',(57.2,1.,0.));
#18627=CARTESIAN_POINT('',(58.2,24.2,0.));
#18628=CARTESIAN_POINT('',(58.2,25.2,0.));
#18629=CARTESIAN_POINT('',(57.2,25.2,0.));
#18630=CARTESIAN_POINT('Origin',(57.2,24.2,0.));
#18631=CARTESIAN_POINT('',(1.,25.2,0.));
#18632=CARTESIAN_POINT('',(58.2,25.2,0.));
#18633=CARTESIAN_POINT('',(0.,24.2,0.));
#18634=CARTESIAN_POINT('Origin',(1.,24.2,0.));
#18635=CARTESIAN_POINT('',(0.,1.,0.));
#18636=CARTESIAN_POINT('',(0.,25.2,0.));
#18637=CARTESIAN_POINT('Origin',(1.,1.,0.));
#18638=CARTESIAN_POINT('Origin',(58.2,25.2,5.6));
#18639=CARTESIAN_POINT('',(58.2,1.,5.6));
#18640=CARTESIAN_POINT('',(58.2,24.2,0.));
#18641=CARTESIAN_POINT('Origin',(58.2,25.2,5.6));
#18642=CARTESIAN_POINT('',(1.,25.2,0.));
#18643=CARTESIAN_POINT('',(57.2,25.2,5.6));
#18644=CARTESIAN_POINT('Origin',(0.,25.2,5.6));
#18645=CARTESIAN_POINT('',(0.,1.,0.));
#18646=CARTESIAN_POINT('',(0.,24.2,5.6));
#18647=CARTESIAN_POINT('Origin',(58.2,0.,5.6));
#18648=CARTESIAN_POINT('',(57.2,0.,0.));
#18649=CARTESIAN_POINT('',(1.,0.,5.6));
#18650=CARTESIAN_POINT('Origin',(29.5199994367174,0.,2.));
#18651=CARTESIAN_POINT('',(29.5199994367174,22.6,2.));
#18652=CARTESIAN_POINT('',(29.5199994367174,22.1,2.5));
#18653=CARTESIAN_POINT('',(29.5199994367174,11.3000000000001,13.3));
#18654=CARTESIAN_POINT('',(29.5199994367174,22.1,5.6));
#18655=CARTESIAN_POINT('',(29.5199994367174,23.6,2.));
#18656=CARTESIAN_POINT('',(29.5199994367174,23.6,2.));
#18657=CARTESIAN_POINT('',(29.5199994367174,0.,2.));
#18658=CARTESIAN_POINT('Origin',(0.,23.6,2.));
#18659=CARTESIAN_POINT('',(37.5,23.6,2.));
#18660=CARTESIAN_POINT('',(37.5,23.6,2.));
#18661=CARTESIAN_POINT('',(0.,23.6,2.));
#18662=CARTESIAN_POINT('Origin',(37.7322203437663,0.377311576484858,2.));
#18663=CARTESIAN_POINT('',(37.5099997183587,22.6,2.));
#18664=CARTESIAN_POINT('',(37.5081244177747,22.7875353401698,1.81246465983018));
#18665=CARTESIAN_POINT('',(37.7322203437663,0.377311576484858,2.));
#18666=CARTESIAN_POINT('Origin',(9.36750677027476E-15,21.6,2.));
#18667=CARTESIAN_POINT('',(30.0199994367174,21.6,3.00000000000001));
#18668=CARTESIAN_POINT('',(30.0199994367174,21.6,3.00000000000001));
#18669=CARTESIAN_POINT('',(37.5199994367174,21.6,3.00000000000001));
#18670=CARTESIAN_POINT('',(37.8199994367174,21.6,7.));
#18671=CARTESIAN_POINT('',(37.8199994367174,21.6,7.));
#18672=CARTESIAN_POINT('',(29.2199994367174,21.6,7.));
#18673=CARTESIAN_POINT('',(38.8199994367174,21.6,7.));
#18674=CARTESIAN_POINT('',(29.2199994367174,21.6,2.));
#18675=CARTESIAN_POINT('Origin',(0.,0.,2.));
#18676=CARTESIAN_POINT('',(29.5199994367174,22.6,2.));
#18677=CARTESIAN_POINT('Origin',(0.,0.,4.));
#18678=CARTESIAN_POINT('Origin',(45.95,24.25,8.));
#18679=CARTESIAN_POINT('',(45.95,13.6,6.6));
#18680=CARTESIAN_POINT('',(45.95,14.1,6.1));
#18681=CARTESIAN_POINT('',(45.95,18.225,1.975));
#18682=CARTESIAN_POINT('',(45.95,23.75,6.1));
#18683=CARTESIAN_POINT('',(45.95,24.25,6.1));
#18684=CARTESIAN_POINT('',(45.95,23.75,7.7));
#18685=CARTESIAN_POINT('',(45.95,23.75,8.));
#18686=CARTESIAN_POINT('',(45.95,1.45,7.7));
#18687=CARTESIAN_POINT('',(45.95,24.25,7.7));
#18688=CARTESIAN_POINT('',(45.95,1.45,6.1));
#18689=CARTESIAN_POINT('',(45.95,1.45,8.));
#18690=CARTESIAN_POINT('',(45.95,11.1,6.1));
#18691=CARTESIAN_POINT('',(45.95,24.25,6.1));
#18692=CARTESIAN_POINT('',(45.95,11.6,6.6));
#18693=CARTESIAN_POINT('',(45.95,18.625,13.625));
#18694=CARTESIAN_POINT('',(45.95,13.6,6.6));
#18695=CARTESIAN_POINT('Origin',(50.35,0.949999999999996,8.));
#18696=CARTESIAN_POINT('',(49.85,0.949999999999996,7.7));
#18697=CARTESIAN_POINT('',(49.85,0.949999999999996,6.1));
#18698=CARTESIAN_POINT('',(49.85,0.949999999999996,5.6));
#18699=CARTESIAN_POINT('',(46.45,0.949999999999996,6.1));
#18700=CARTESIAN_POINT('',(46.45,0.949999999999996,6.1));
#18701=CARTESIAN_POINT('',(46.45,0.949999999999996,7.7));
#18702=CARTESIAN_POINT('',(46.45,0.949999999999996,8.));
#18703=CARTESIAN_POINT('',(49.85,0.949999999999996,7.7));
#18704=CARTESIAN_POINT('Origin',(50.35,24.25,8.));
#18705=CARTESIAN_POINT('',(46.45,24.25,7.7));
#18706=CARTESIAN_POINT('',(46.45,24.25,6.1));
#18707=CARTESIAN_POINT('',(46.45,24.25,5.6));
#18708=CARTESIAN_POINT('',(49.85,24.25,6.1));
#18709=CARTESIAN_POINT('',(50.35,24.25,6.1));
#18710=CARTESIAN_POINT('',(49.85,24.25,7.7));
#18711=CARTESIAN_POINT('',(49.85,24.25,8.));
#18712=CARTESIAN_POINT('',(50.35,24.25,7.7));
#18713=CARTESIAN_POINT('Origin',(50.35,24.25,8.));
#18714=CARTESIAN_POINT('',(50.35,23.75,7.7));
#18715=CARTESIAN_POINT('',(50.35,23.75,6.1));
#18716=CARTESIAN_POINT('',(50.35,23.75,8.));
#18717=CARTESIAN_POINT('',(50.35,23.5,6.1));
#18718=CARTESIAN_POINT('',(50.35,23.5,6.1));
#18719=CARTESIAN_POINT('',(50.35,23.5,7.7));
#18720=CARTESIAN_POINT('',(50.35,23.5,8.));
#18721=CARTESIAN_POINT('',(50.35,23.75,7.7));
#18722=CARTESIAN_POINT('Origin',(50.35,24.25,8.));
#18723=CARTESIAN_POINT('',(50.35,1.70328946351066,7.7));
#18724=CARTESIAN_POINT('',(50.35,1.70328946351066,6.1));
#18725=CARTESIAN_POINT('',(50.35,1.70328946351066,5.6));
#18726=CARTESIAN_POINT('',(50.35,1.45,6.1));
#18727=CARTESIAN_POINT('',(50.35,1.45,6.1));
#18728=CARTESIAN_POINT('',(50.35,1.45,7.7));
#18729=CARTESIAN_POINT('',(50.35,1.45,8.));
#18730=CARTESIAN_POINT('',(50.35,1.70328946351066,7.7));
#18731=CARTESIAN_POINT('Origin',(52.3,2.70328946351066,8.));
#18732=CARTESIAN_POINT('',(52.3,4.05328946351069,7.7));
#18733=CARTESIAN_POINT('',(52.3,4.05328946351069,6.1));
#18734=CARTESIAN_POINT('',(52.3,4.05328946351069,5.6));
#18735=CARTESIAN_POINT('',(52.3,3.70266436582388,6.1));
#18736=CARTESIAN_POINT('',(52.3,2.70328946351066,6.1));
#18737=CARTESIAN_POINT('',(52.3,3.70266436582388,7.7));
#18738=CARTESIAN_POINT('',(52.3,3.70266436582388,8.));
#18739=CARTESIAN_POINT('',(52.3,2.70328946351066,7.7));
#18740=CARTESIAN_POINT('Origin',(55.4879867649713,20.15,8.));
#18741=CARTESIAN_POINT('',(55.4879867649713,19.15,7.7));
#18742=CARTESIAN_POINT('',(55.4879867649713,19.15,6.1));
#18743=CARTESIAN_POINT('',(55.4879867649713,19.15,8.));
#18744=CARTESIAN_POINT('',(55.4879867649713,6.0532894635107,6.1));
#18745=CARTESIAN_POINT('',(55.4879867649713,6.0532894635107,6.1));
#18746=CARTESIAN_POINT('',(55.4879867649713,6.0532894635107,7.7));
#18747=CARTESIAN_POINT('',(55.4879867649713,6.0532894635107,8.));
#18748=CARTESIAN_POINT('',(55.4879867649713,19.15,7.7));
#18749=CARTESIAN_POINT('Origin',(55.4879867649713,20.15,8.));
#18750=CARTESIAN_POINT('',(53.3,20.15,7.7));
#18751=CARTESIAN_POINT('',(53.3,20.15,6.1));
#18752=CARTESIAN_POINT('',(53.3,20.15,8.));
#18753=CARTESIAN_POINT('',(54.4879867649713,20.15,6.1));
#18754=CARTESIAN_POINT('',(55.4879867649713,20.15,6.1));
#18755=CARTESIAN_POINT('',(54.4879867649713,20.15,7.7));
#18756=CARTESIAN_POINT('',(54.4879867649713,20.15,8.));
#18757=CARTESIAN_POINT('',(55.4879867649713,20.15,7.7));
#18758=CARTESIAN_POINT('Origin',(52.3,20.15,8.));
#18759=CARTESIAN_POINT('',(52.3,21.5006250976868,7.7));
#18760=CARTESIAN_POINT('',(52.3,21.5006250976868,6.1));
#18761=CARTESIAN_POINT('',(52.3,21.5006250976868,5.6));
#18762=CARTESIAN_POINT('',(52.3,21.15,6.1));
#18763=CARTESIAN_POINT('',(52.3,20.15,6.1));
#18764=CARTESIAN_POINT('',(52.3,21.15,7.7));
#18765=CARTESIAN_POINT('',(52.3,21.15,8.));
#18766=CARTESIAN_POINT('',(52.3,20.15,7.7));
#18767=CARTESIAN_POINT('Origin',(55.4879867649713,5.05328946351072,8.));
#18768=CARTESIAN_POINT('',(54.4879867649713,5.0532894635107,7.7));
#18769=CARTESIAN_POINT('',(54.4879867649713,5.0532894635107,6.1));
#18770=CARTESIAN_POINT('',(54.4879867649713,5.0532894635107,5.6));
#18771=CARTESIAN_POINT('',(53.3,5.05328946351069,6.1));
#18772=CARTESIAN_POINT('',(53.3,5.05328946351069,6.1));
#18773=CARTESIAN_POINT('',(53.3,5.05328946351069,7.7));
#18774=CARTESIAN_POINT('',(53.3,5.05328946351069,8.));
#18775=CARTESIAN_POINT('',(54.4879867649713,5.0532894635107,7.7));
#18776=CARTESIAN_POINT('Origin',(33.5,3.6,7.));
#18777=CARTESIAN_POINT('Origin',(0.,0.,6.6));
#18778=CARTESIAN_POINT('',(44.9,11.6,6.6));
#18779=CARTESIAN_POINT('',(45.95,11.6,6.6));
#18780=CARTESIAN_POINT('',(44.9,13.6,6.6));
#18781=CARTESIAN_POINT('',(44.9,13.6,6.6));
#18782=CARTESIAN_POINT('',(45.95,13.6,6.6));
#18783=CARTESIAN_POINT('Origin',(45.95,13.6,6.59999999999999));
#18784=CARTESIAN_POINT('',(46.2833333333333,13.7666666666667,6.43333333333333));
#18785=CARTESIAN_POINT('',(44.9,13.6,6.59999999999999));
#18786=CARTESIAN_POINT('Origin',(44.9,13.6,6.59999999999999));
#18787=CARTESIAN_POINT('',(45.25,11.95,6.95));
#18788=CARTESIAN_POINT('Origin',(45.95,11.6,6.59999999999999));
#18789=CARTESIAN_POINT('',(46.2833333333333,11.4333333333333,6.43333333333333));
#18790=CARTESIAN_POINT('Origin',(1.,1.,8.));
#18791=CARTESIAN_POINT('Origin',(1.,1.,1.00000000000001));
#18792=CARTESIAN_POINT('Origin',(1.,1.,6.99999999999998));
#18793=CARTESIAN_POINT('Origin',(57.2,1.,8.));
#18794=CARTESIAN_POINT('Origin',(57.2,1.,1.00000000000001));
#18795=CARTESIAN_POINT('Origin',(57.2,1.,6.99999999999998));
#18796=CARTESIAN_POINT('Origin',(57.2,24.2,8.));
#18797=CARTESIAN_POINT('Origin',(57.2,24.2,1.00000000000001));
#18798=CARTESIAN_POINT('Origin',(57.2,24.2,6.99999999999998));
#18799=CARTESIAN_POINT('Origin',(1.,24.2,8.));
#18800=CARTESIAN_POINT('Origin',(1.,24.2,1.00000000000001));
#18801=CARTESIAN_POINT('Origin',(1.,24.2,6.99999999999998));
#18802=CARTESIAN_POINT('Origin',(57.2,1.,5.6));
#18803=CARTESIAN_POINT('Origin',(1.,1.,5.6));
#18804=CARTESIAN_POINT('Origin',(1.,24.2,5.6));
#18805=CARTESIAN_POINT('Origin',(57.2,24.2,5.6));
#18806=CARTESIAN_POINT('Origin',(0.,25.7,0.));
#18807=CARTESIAN_POINT('',(57.2,25.7,0.));
#18808=CARTESIAN_POINT('',(1.,26.7,1.00000000000001));
#18809=CARTESIAN_POINT('Origin',(1.,24.2,0.));
#18810=CARTESIAN_POINT('',(-1.5,24.2,1.00000000000001));
#18811=CARTESIAN_POINT('Origin',(57.2,24.2,0.));
#18812=CARTESIAN_POINT('',(58.7,24.2,0.));
#18813=CARTESIAN_POINT('Origin',(-1.5,0.,1.00000000000001));
#18814=CARTESIAN_POINT('',(-1.5,1.,1.00000000000001));
#18815=CARTESIAN_POINT('Origin',(58.7,0.,0.));
#18816=CARTESIAN_POINT('',(58.7,1.,0.));
#18817=CARTESIAN_POINT('Origin',(1.,1.,0.));
#18818=CARTESIAN_POINT('',(1.,-1.5,1.00000000000001));
#18819=CARTESIAN_POINT('Origin',(57.2,1.,0.));
#18820=CARTESIAN_POINT('',(57.2,-0.499999999999999,0.));
#18821=CARTESIAN_POINT('Origin',(0.,-1.5,1.00000000000001));
#18822=CARTESIAN_POINT('Origin',(-0.499999999999985,0.,8.));
#18823=CARTESIAN_POINT('',(-0.499999999999985,1.,8.));
#18824=CARTESIAN_POINT('',(-1.5,24.2,6.99999999999998));
#18825=CARTESIAN_POINT('Origin',(1.,24.2,8.));
#18826=CARTESIAN_POINT('',(1.,26.7,6.99999999999998));
#18827=CARTESIAN_POINT('Origin',(1.,1.,8.));
#18828=CARTESIAN_POINT('',(1.,-0.499999999999985,8.));
#18829=CARTESIAN_POINT('Origin',(0.,26.7,6.99999999999998));
#18830=CARTESIAN_POINT('',(57.2,26.7,6.99999999999998));
#18831=CARTESIAN_POINT('Origin',(0.,-0.499999999999985,8.));
#18832=CARTESIAN_POINT('',(57.2,-0.499999999999985,8.));
#18833=CARTESIAN_POINT('Origin',(57.2,24.2,8.));
#18834=CARTESIAN_POINT('',(59.7,24.2,6.99999999999998));
#18835=CARTESIAN_POINT('Origin',(57.2,1.,8.));
#18836=CARTESIAN_POINT('',(58.7,1.,8.));
#18837=CARTESIAN_POINT('Origin',(59.7,0.,6.99999999999998));
#18838=CARTESIAN_POINT('Origin',(51.35,1.70328946351066,8.));
#18839=CARTESIAN_POINT('',(51.325,2.70297691466727,7.7));
#18840=CARTESIAN_POINT('',(51.325,2.70297691466727,6.1));
#18841=CARTESIAN_POINT('',(51.325,2.70297691466727,8.));
#18842=CARTESIAN_POINT('Origin',(51.35,1.70328946351066,6.1));
#18843=CARTESIAN_POINT('Origin',(51.35,1.70328946351066,7.7));
#18844=CARTESIAN_POINT('Origin',(51.35,23.5,8.));
#18845=CARTESIAN_POINT('',(51.325,22.5003125488434,6.1));
#18846=CARTESIAN_POINT('Origin',(51.35,23.5,6.1));
#18847=CARTESIAN_POINT('',(51.325,22.5003125488434,7.7));
#18848=CARTESIAN_POINT('',(51.325,22.5003125488434,8.));
#18849=CARTESIAN_POINT('Origin',(51.35,23.5,7.7));
#18850=CARTESIAN_POINT('Origin',(53.3,4.05328946351069,8.));
#18851=CARTESIAN_POINT('Origin',(53.3,4.05328946351069,6.1));
#18852=CARTESIAN_POINT('Origin',(53.3,4.05328946351069,7.7));
#18853=CARTESIAN_POINT('Origin',(53.3,21.15,8.));
#18854=CARTESIAN_POINT('Origin',(53.3,21.15,6.1));
#18855=CARTESIAN_POINT('Origin',(53.3,21.15,7.7));
#18856=CARTESIAN_POINT('Origin',(6.20000000000003,17.2,6.2));
#18857=CARTESIAN_POINT('',(6.20000000000003,16.2,5.90000000000001));
#18858=CARTESIAN_POINT('',(6.20000000000003,16.2,6.2));
#18859=CARTESIAN_POINT('',(6.20000000000003,9.,5.90000000000001));
#18860=CARTESIAN_POINT('',(6.20000000000003,9.,5.90000000000001));
#18861=CARTESIAN_POINT('',(6.20000000000003,9.,6.2));
#18862=CARTESIAN_POINT('Origin',(6.20000000000003,17.2,6.2));
#18863=CARTESIAN_POINT('',(3.69999999999999,17.2,5.90000000000001));
#18864=CARTESIAN_POINT('',(3.69999999999999,17.2,5.6));
#18865=CARTESIAN_POINT('',(5.20000000000003,17.2,5.90000000000001));
#18866=CARTESIAN_POINT('',(6.20000000000003,17.2,5.90000000000001));
#18867=CARTESIAN_POINT('',(5.20000000000003,17.2,6.2));
#18868=CARTESIAN_POINT('Origin',(2.69999999999999,17.2,6.2));
#18869=CARTESIAN_POINT('',(2.69999999999999,9.,5.90000000000001));
#18870=CARTESIAN_POINT('',(2.69999999999999,9.,6.2));
#18871=CARTESIAN_POINT('',(2.69999999999999,16.2,5.90000000000001));
#18872=CARTESIAN_POINT('',(2.69999999999999,17.2,5.90000000000001));
#18873=CARTESIAN_POINT('',(2.69999999999999,16.2,6.2));
#18874=CARTESIAN_POINT('Origin',(6.20000000000003,8.,6.2));
#18875=CARTESIAN_POINT('',(5.20000000000003,8.,5.90000000000001));
#18876=CARTESIAN_POINT('',(5.20000000000003,8.,5.6));
#18877=CARTESIAN_POINT('',(3.69999999999999,8.,5.90000000000001));
#18878=CARTESIAN_POINT('',(3.69999999999999,8.,5.90000000000001));
#18879=CARTESIAN_POINT('',(3.69999999999999,8.,6.2));
#18880=CARTESIAN_POINT('Origin',(4.45000000000004,15.5,8.));
#18881=CARTESIAN_POINT('',(5.75000000000004,15.5,7.7));
#18882=CARTESIAN_POINT('',(5.75000000000004,15.5,8.));
#18883=CARTESIAN_POINT('',(3.15000000000001,15.5,7.7));
#18884=CARTESIAN_POINT('Origin',(4.45000000000004,15.5,7.7));
#18885=CARTESIAN_POINT('',(3.15000000000001,15.5,8.));
#18886=CARTESIAN_POINT('Origin',(3.15000000000001,15.5,8.));
#18887=CARTESIAN_POINT('',(3.15000000000001,9.7,7.7));
#18888=CARTESIAN_POINT('',(3.15000000000001,15.5,7.7));
#18889=CARTESIAN_POINT('',(3.15000000000001,9.7,8.));
#18890=CARTESIAN_POINT('Origin',(5.75000000000001,15.5,8.));
#18891=CARTESIAN_POINT('',(5.75000000000001,9.7,7.7));
#18892=CARTESIAN_POINT('',(5.75000000000001,9.7,8.));
#18893=CARTESIAN_POINT('',(5.75000000000001,15.5,7.7));
#18894=CARTESIAN_POINT('Origin',(4.45000000000001,9.7,8.));
#18895=CARTESIAN_POINT('Origin',(4.45000000000001,9.7,7.7));
#18896=CARTESIAN_POINT('Origin',(28.2199994367174,21.6,7.));
#18897=CARTESIAN_POINT('',(28.2199994367174,20.6,7.));
#18898=CARTESIAN_POINT('',(28.2199994367174,13.6,7.));
#18899=CARTESIAN_POINT('',(28.2199994367174,21.6,7.));
#18900=CARTESIAN_POINT('',(28.2199994367174,13.6,7.));
#18901=CARTESIAN_POINT('',(28.2199994367174,20.6,7.));
#18902=CARTESIAN_POINT('Origin',(38.8199994367174,12.6,7.));
#18903=CARTESIAN_POINT('',(29.2199994367174,12.6,7.));
#18904=CARTESIAN_POINT('',(29.2199994367174,12.6,7.));
#18905=CARTESIAN_POINT('',(37.8199994367174,12.6,7.));
#18906=CARTESIAN_POINT('',(38.8199994367174,12.6,7.));
#18907=CARTESIAN_POINT('',(37.8199994367174,12.6,5.6));
#18908=CARTESIAN_POINT('Origin',(38.8199994367174,21.6,7.));
#18909=CARTESIAN_POINT('',(38.8199994367174,13.6,7.));
#18910=CARTESIAN_POINT('',(38.8199994367174,13.6,7.));
#18911=CARTESIAN_POINT('',(38.8199994367174,20.6,7.));
#18912=CARTESIAN_POINT('',(38.8199994367174,21.6,7.));
#18913=CARTESIAN_POINT('',(38.8199994367174,20.6,5.6));
#18914=CARTESIAN_POINT('Origin',(0.,0.,7.));
#18915=CARTESIAN_POINT('Origin',(29.2199994367174,13.6,7.));
#18916=CARTESIAN_POINT('Origin',(29.2199994367174,20.6,7.));
#18917=CARTESIAN_POINT('Origin',(37.8199994367174,20.6,7.));
#18918=CARTESIAN_POINT('Origin',(37.8199994367174,13.6,7.));
#18919=CARTESIAN_POINT('Origin',(0.725000000000006,18.3,6.));
#18920=CARTESIAN_POINT('',(0.725000000000006,18.8,6.));
#18921=CARTESIAN_POINT('',(0.725000000000006,18.8,7.70000000000001));
#18922=CARTESIAN_POINT('',(0.725000000000006,18.8,6.));
#18923=CARTESIAN_POINT('',(0.225000000000005,18.3,7.70000000000001));
#18924=CARTESIAN_POINT('Origin',(0.725000000000006,18.3,7.70000000000001));
#18925=CARTESIAN_POINT('',(0.225000000000005,18.3,6.));
#18926=CARTESIAN_POINT('',(0.225000000000005,18.3,6.));
#18927=CARTESIAN_POINT('Origin',(0.725000000000006,18.3,6.));
#18928=CARTESIAN_POINT('Origin',(0.725000000000006,18.8,6.));
#18929=CARTESIAN_POINT('',(1.92500000000001,18.8,6.));
#18930=CARTESIAN_POINT('',(1.92500000000001,18.8,7.70000000000001));
#18931=CARTESIAN_POINT('',(1.92500000000001,18.8,6.));
#18932=CARTESIAN_POINT('',(0.725000000000006,18.8,7.70000000000001));
#18933=CARTESIAN_POINT('',(0.725000000000006,18.8,6.));
#18934=CARTESIAN_POINT('Origin',(1.925,18.3,6.));
#18935=CARTESIAN_POINT('',(2.425,18.3,6.));
#18936=CARTESIAN_POINT('',(2.425,18.3,7.70000000000001));
#18937=CARTESIAN_POINT('',(2.425,18.3,6.));
#18938=CARTESIAN_POINT('Origin',(1.925,18.3,7.70000000000001));
#18939=CARTESIAN_POINT('Origin',(1.925,18.3,6.));
#18940=CARTESIAN_POINT('Origin',(2.425,18.3,6.));
#18941=CARTESIAN_POINT('',(2.42500000000001,6.9,6.));
#18942=CARTESIAN_POINT('',(2.42500000000001,6.9,7.70000000000001));
#18943=CARTESIAN_POINT('',(2.42500000000001,6.9,6.));
#18944=CARTESIAN_POINT('',(2.425,18.3,7.70000000000001));
#18945=CARTESIAN_POINT('',(2.425,18.3,6.));
#18946=CARTESIAN_POINT('Origin',(1.92500000000001,6.90000000000001,6.));
#18947=CARTESIAN_POINT('',(1.925,6.4,6.));
#18948=CARTESIAN_POINT('',(1.925,6.4,7.70000000000001));
#18949=CARTESIAN_POINT('',(1.925,6.4,6.));
#18950=CARTESIAN_POINT('Origin',(1.92500000000001,6.90000000000001,7.70000000000001));
#18951=CARTESIAN_POINT('Origin',(1.92500000000001,6.90000000000001,6.));
#18952=CARTESIAN_POINT('Origin',(0.725000000000005,6.4,6.));
#18953=CARTESIAN_POINT('',(0.725000000000004,6.4,6.));
#18954=CARTESIAN_POINT('',(0.725000000000004,6.4,7.70000000000001));
#18955=CARTESIAN_POINT('',(0.725000000000004,6.4,6.));
#18956=CARTESIAN_POINT('',(1.925,6.4,7.70000000000001));
#18957=CARTESIAN_POINT('',(0.725000000000005,6.4,6.));
#18958=CARTESIAN_POINT('Origin',(0.725000000000005,6.9,6.));
#18959=CARTESIAN_POINT('',(0.225000000000008,6.9,6.));
#18960=CARTESIAN_POINT('',(0.225000000000008,6.9,7.70000000000001));
#18961=CARTESIAN_POINT('',(0.225000000000008,6.9,6.));
#18962=CARTESIAN_POINT('Origin',(0.725000000000005,6.9,7.70000000000001));
#18963=CARTESIAN_POINT('Origin',(0.725000000000005,6.9,6.));
#18964=CARTESIAN_POINT('Origin',(0.225000000000005,18.3,6.));
#18965=CARTESIAN_POINT('',(0.225000000000008,6.9,7.70000000000001));
#18966=CARTESIAN_POINT('',(0.225000000000005,18.3,6.));
#18967=CARTESIAN_POINT('Origin',(0.725000000000006,18.3,6.));
#18968=CARTESIAN_POINT('Origin',(29.2199994367174,13.6,7.));
#18969=CARTESIAN_POINT('Origin',(29.2199994367174,20.6,2.));
#18970=CARTESIAN_POINT('Origin',(37.8199994367174,13.6,7.));
#18971=CARTESIAN_POINT('Origin',(37.8199994367174,20.6,7.));
#18972=CARTESIAN_POINT('Origin',(51.3,3.70266436582388,8.));
#18973=CARTESIAN_POINT('Origin',(51.3,3.70266436582388,6.1));
#18974=CARTESIAN_POINT('Origin',(51.3,3.70266436582388,7.7));
#18975=CARTESIAN_POINT('Origin',(51.3,21.5006250976868,8.));
#18976=CARTESIAN_POINT('Origin',(51.3,21.5006250976868,6.1));
#18977=CARTESIAN_POINT('Origin',(51.3,21.5006250976868,7.7));
#18978=CARTESIAN_POINT('Origin',(54.4879867649713,19.15,8.));
#18979=CARTESIAN_POINT('Origin',(54.4879867649713,19.15,6.1));
#18980=CARTESIAN_POINT('Origin',(54.4879867649713,19.15,7.7));
#18981=CARTESIAN_POINT('Origin',(54.4879867649713,6.0532894635107,8.));
#18982=CARTESIAN_POINT('Origin',(54.4879867649713,6.0532894635107,6.1));
#18983=CARTESIAN_POINT('Origin',(54.4879867649713,6.0532894635107,7.7));
#18984=CARTESIAN_POINT('Origin',(5.20000000000003,9.,6.2));
#18985=CARTESIAN_POINT('Origin',(5.20000000000003,9.,5.90000000000001));
#18986=CARTESIAN_POINT('Origin',(3.69999999999999,9.,6.2));
#18987=CARTESIAN_POINT('Origin',(3.69999999999999,9.,5.90000000000001));
#18988=CARTESIAN_POINT('Origin',(3.69999999999999,16.2,6.2));
#18989=CARTESIAN_POINT('Origin',(3.69999999999999,16.2,5.90000000000001));
#18990=CARTESIAN_POINT('Origin',(5.20000000000003,16.2,6.2));
#18991=CARTESIAN_POINT('Origin',(5.20000000000003,16.2,5.90000000000001));
#18992=CARTESIAN_POINT('Origin',(9.80118763926897E-15,22.6,2.));
#18993=CARTESIAN_POINT('Origin',(30.019999436717,22.0999999999996,2.50000000000044));
#18994=CARTESIAN_POINT('Origin',(49.85,23.75,8.));
#18995=CARTESIAN_POINT('Origin',(49.85,23.75,6.1));
#18996=CARTESIAN_POINT('Origin',(49.85,23.75,7.7));
#18997=CARTESIAN_POINT('Origin',(49.85,1.45,8.));
#18998=CARTESIAN_POINT('Origin',(49.85,1.45,6.1));
#18999=CARTESIAN_POINT('Origin',(49.85,1.45,7.7));
#19000=CARTESIAN_POINT('Origin',(46.45,1.45,8.));
#19001=CARTESIAN_POINT('Origin',(46.45,1.45,6.1));
#19002=CARTESIAN_POINT('Origin',(46.45,1.45,7.7));
#19003=CARTESIAN_POINT('Origin',(46.45,23.75,8.));
#19004=CARTESIAN_POINT('Origin',(46.45,23.75,6.1));
#19005=CARTESIAN_POINT('Origin',(46.45,23.75,7.7));
#19006=CARTESIAN_POINT('Origin',(50.35,24.25,7.7));
#19007=CARTESIAN_POINT('',(46.45,24.25,7.7));
#19008=CARTESIAN_POINT('',(49.85,24.55,8.));
#19009=CARTESIAN_POINT('Origin',(49.85,23.75,8.));
#19010=CARTESIAN_POINT('',(50.65,23.75,8.));
#19011=CARTESIAN_POINT('Origin',(46.45,23.75,8.));
#19012=CARTESIAN_POINT('',(45.95,23.75,7.7));
#19013=CARTESIAN_POINT('Origin',(50.65,0.,8.));
#19014=CARTESIAN_POINT('',(50.65,23.5,8.));
#19015=CARTESIAN_POINT('Origin',(45.95,24.25,7.7));
#19016=CARTESIAN_POINT('',(45.95,1.45,7.7));
#19017=CARTESIAN_POINT('Origin',(51.35,23.5,8.));
#19018=CARTESIAN_POINT('',(51.3325,22.8002187841904,8.));
#19019=CARTESIAN_POINT('Origin',(46.45,1.45,8.));
#19020=CARTESIAN_POINT('',(46.45,0.949999999999996,7.7));
#19021=CARTESIAN_POINT('Origin',(51.3,21.5006250976868,8.));
#19022=CARTESIAN_POINT('',(52.6,21.5006250976868,8.));
#19023=CARTESIAN_POINT('Origin',(0.,0.649999999999994,8.));
#19024=CARTESIAN_POINT('',(49.85,0.949999999999996,7.7));
#19025=CARTESIAN_POINT('Origin',(52.3,20.15,7.7));
#19026=CARTESIAN_POINT('',(52.6,21.15,8.));
#19027=CARTESIAN_POINT('Origin',(49.85,1.45,8.));
#19028=CARTESIAN_POINT('',(50.35,1.45,7.7));
#19029=CARTESIAN_POINT('Origin',(53.3,21.15,8.));
#19030=CARTESIAN_POINT('',(53.3,20.45,8.));
#19031=CARTESIAN_POINT('Origin',(50.65,0.,8.));
#19032=CARTESIAN_POINT('',(50.35,1.70328946351066,7.7));
#19033=CARTESIAN_POINT('Origin',(55.4879867649713,20.15,7.7));
#19034=CARTESIAN_POINT('',(54.4879867649713,20.45,8.));
#19035=CARTESIAN_POINT('Origin',(51.35,1.70328946351066,8.));
#19036=CARTESIAN_POINT('',(51.325,2.70297691466727,7.7));
#19037=CARTESIAN_POINT('Origin',(54.4879867649713,19.15,8.));
#19038=CARTESIAN_POINT('',(55.7879867649713,19.15,8.));
#19039=CARTESIAN_POINT('Origin',(51.3,3.70266436582388,8.));
#19040=CARTESIAN_POINT('',(52.3,3.70266436582388,7.7));
#19041=CARTESIAN_POINT('Origin',(55.7879867649713,0.,8.));
#19042=CARTESIAN_POINT('',(55.7879867649713,6.0532894635107,8.));
#19043=CARTESIAN_POINT('Origin',(52.3,2.70328946351066,7.7));
#19044=CARTESIAN_POINT('',(52.3,4.05328946351069,7.7));
#19045=CARTESIAN_POINT('Origin',(54.4879867649713,6.0532894635107,8.));
#19046=CARTESIAN_POINT('',(54.4879867649713,4.7532894635107,8.));
#19047=CARTESIAN_POINT('Origin',(53.3,4.05328946351069,8.));
#19048=CARTESIAN_POINT('',(53.3,5.05328946351069,7.7));
#19049=CARTESIAN_POINT('Origin',(-6.77975076349251E-14,4.75328946350993,
8.));
#19050=CARTESIAN_POINT('Origin',(0.225000000000005,18.3,7.70000000000001));
#19051=CARTESIAN_POINT('',(-0.0749999999999898,18.3,8.));
#19052=CARTESIAN_POINT('',(0.225000000000008,6.9,7.70000000000001));
#19053=CARTESIAN_POINT('Origin',(0.725000000000005,6.9,7.70000000000001));
#19054=CARTESIAN_POINT('',(0.725000000000004,6.4,7.70000000000001));
#19055=CARTESIAN_POINT('Origin',(0.725000000000006,18.3,7.70000000000001));
#19056=CARTESIAN_POINT('',(0.725000000000006,19.1,8.));
#19057=CARTESIAN_POINT('Origin',(0.725000000000005,6.4,7.70000000000001));
#19058=CARTESIAN_POINT('',(1.925,6.4,7.70000000000001));
#19059=CARTESIAN_POINT('Origin',(0.725000000000006,18.8,7.70000000000001));
#19060=CARTESIAN_POINT('',(1.92500000000001,19.1,8.));
#19061=CARTESIAN_POINT('Origin',(1.92500000000001,6.90000000000001,7.70000000000001));
#19062=CARTESIAN_POINT('',(2.42500000000001,6.9,7.70000000000001));
#19063=CARTESIAN_POINT('Origin',(1.925,18.3,7.70000000000001));
#19064=CARTESIAN_POINT('',(2.725,18.3,8.));
#19065=CARTESIAN_POINT('Origin',(2.425,18.3,7.70000000000001));
#19066=CARTESIAN_POINT('Origin',(3.69999999999999,16.2,5.6));
#19067=CARTESIAN_POINT('',(3.69999999999999,17.2,5.90000000000001));
#19068=CARTESIAN_POINT('',(2.39999999999998,16.2,5.6));
#19069=CARTESIAN_POINT('Origin',(2.39999999999997,-4.52536558950467E-16,
5.6));
#19070=CARTESIAN_POINT('',(2.39999999999998,9.,5.6));
#19071=CARTESIAN_POINT('Origin',(0.,17.5,5.6));
#19072=CARTESIAN_POINT('',(5.20000000000003,17.2,5.90000000000001));
#19073=CARTESIAN_POINT('Origin',(3.69999999999999,9.,5.6));
#19074=CARTESIAN_POINT('',(3.69999999999999,7.69999999999999,5.6));
#19075=CARTESIAN_POINT('Origin',(5.20000000000003,16.2,5.6));
#19076=CARTESIAN_POINT('',(6.20000000000003,16.2,5.90000000000001));
#19077=CARTESIAN_POINT('Origin',(6.20000000000003,8.,5.90000000000001));
#19078=CARTESIAN_POINT('',(5.20000000000003,7.69999999999999,5.6));
#19079=CARTESIAN_POINT('Origin',(6.20000000000003,17.2,5.90000000000001));
#19080=CARTESIAN_POINT('',(6.20000000000003,9.,5.90000000000001));
#19081=CARTESIAN_POINT('Origin',(5.20000000000003,9.,5.6));
#19082=CARTESIAN_POINT('Origin',(4.45000000000004,15.5,8.));
#19083=CARTESIAN_POINT('',(3.15000000000001,15.5,7.7));
#19084=CARTESIAN_POINT('',(6.05000000000007,15.5,8.));
#19085=CARTESIAN_POINT('Origin',(6.05000000000001,-9.0474801979825E-16,
8.));
#19086=CARTESIAN_POINT('',(6.05000000000001,9.7,8.));
#19087=CARTESIAN_POINT('Origin',(3.15000000000001,15.5,7.7));
#19088=CARTESIAN_POINT('',(3.15000000000001,9.7,7.7));
#19089=CARTESIAN_POINT('Origin',(4.45000000000001,9.7,8.));
#19090=CARTESIAN_POINT('Origin',(45.45,0.,5.6));
#19091=CARTESIAN_POINT('',(45.45,1.45,5.6));
#19092=CARTESIAN_POINT('Origin',(46.45,1.45,5.6));
#19093=CARTESIAN_POINT('',(46.45,0.449999999999996,5.6));
#19094=CARTESIAN_POINT('Origin',(50.35,0.949999999999996,6.1));
#19095=CARTESIAN_POINT('',(49.85,0.449999999999996,5.6));
#19096=CARTESIAN_POINT('Origin',(49.85,1.45,5.6));
#19097=CARTESIAN_POINT('',(50.85,1.45,5.6));
#19098=CARTESIAN_POINT('Origin',(50.35,24.25,6.1));
#19099=CARTESIAN_POINT('',(50.85,1.70328946351066,5.6));
#19100=CARTESIAN_POINT('Origin',(51.35,1.70328946351066,5.6));
#19101=CARTESIAN_POINT('',(51.3375,2.20313318908896,5.6));
#19102=CARTESIAN_POINT('Origin',(51.3,3.70266436582388,5.6));
#19103=CARTESIAN_POINT('',(52.8,3.70266436582388,5.6));
#19104=CARTESIAN_POINT('Origin',(52.8,0.,5.6));
#19105=CARTESIAN_POINT('',(52.8,4.05328946351069,5.6));
#19106=CARTESIAN_POINT('Origin',(53.3,4.05328946351069,5.6));
#19107=CARTESIAN_POINT('',(53.3,4.55328946351069,5.6));
#19108=CARTESIAN_POINT('Origin',(55.4879867649713,5.05328946351072,6.1));
#19109=CARTESIAN_POINT('',(54.4879867649713,4.5532894635107,5.6));
#19110=CARTESIAN_POINT('Origin',(54.4879867649713,6.0532894635107,5.6));
#19111=CARTESIAN_POINT('',(55.9879867649713,6.0532894635107,5.6));
#19112=CARTESIAN_POINT('Origin',(55.4879867649713,20.15,6.1));
#19113=CARTESIAN_POINT('',(55.9879867649713,19.15,5.6));
#19114=CARTESIAN_POINT('Origin',(54.4879867649713,19.15,5.6));
#19115=CARTESIAN_POINT('',(54.4879867649713,20.65,5.6));
#19116=CARTESIAN_POINT('Origin',(0.,20.65,5.6));
#19117=CARTESIAN_POINT('',(53.3,20.65,5.6));
#19118=CARTESIAN_POINT('Origin',(53.3,21.15,5.6));
#19119=CARTESIAN_POINT('',(52.8,21.15,5.6));
#19120=CARTESIAN_POINT('Origin',(52.8,0.,5.6));
#19121=CARTESIAN_POINT('',(52.8,21.5006250976868,5.6));
#19122=CARTESIAN_POINT('Origin',(51.3,21.5006250976868,5.6));
#19123=CARTESIAN_POINT('',(51.3375,23.0001562744217,5.6));
#19124=CARTESIAN_POINT('Origin',(51.35,23.5,5.6));
#19125=CARTESIAN_POINT('',(50.85,23.5,5.6));
#19126=CARTESIAN_POINT('Origin',(50.35,24.25,6.1));
#19127=CARTESIAN_POINT('',(50.85,23.75,5.6));
#19128=CARTESIAN_POINT('Origin',(49.85,23.75,5.6));
#19129=CARTESIAN_POINT('',(49.85,24.75,5.6));
#19130=CARTESIAN_POINT('Origin',(-1.9515639104739E-14,24.75,5.6));
#19131=CARTESIAN_POINT('',(46.45,24.75,5.6));
#19132=CARTESIAN_POINT('Origin',(46.45,23.75,5.6));
#19133=CARTESIAN_POINT('',(45.45,23.75,5.6));
#19134=CARTESIAN_POINT('Origin',(45.45,0.,5.6));
#19135=CARTESIAN_POINT('Origin',(30.0199994367174,22.1,2.));
#19136=CARTESIAN_POINT('',(0.,0.,0.));
#19137=CARTESIAN_POINT('Origin',(2.70000000000016,22.5,5.));
#19138=CARTESIAN_POINT('',(3.72500000000016,22.5,5.));
#19139=CARTESIAN_POINT('Origin',(2.70000000000016,22.5,5.));
#19140=CARTESIAN_POINT('',(3.72500000000016,22.5,2.));
#19141=CARTESIAN_POINT('',(3.72500000000016,22.5,5.));
#19142=CARTESIAN_POINT('Origin',(2.70000000000016,22.5,2.));
#19143=CARTESIAN_POINT('Origin',(55.4999999999998,22.5,5.));
#19144=CARTESIAN_POINT('',(56.5249999999998,22.5,5.));
#19145=CARTESIAN_POINT('Origin',(55.4999999999998,22.5,5.));
#19146=CARTESIAN_POINT('',(56.5249999999998,22.5,2.));
#19147=CARTESIAN_POINT('',(56.5249999999998,22.5,5.));
#19148=CARTESIAN_POINT('Origin',(55.4999999999998,22.5,2.));
#19149=CARTESIAN_POINT('Origin',(55.4999999999998,2.7,5.));
#19150=CARTESIAN_POINT('',(56.5249999999998,2.7,5.));
#19151=CARTESIAN_POINT('Origin',(55.4999999999998,2.7,5.));
#19152=CARTESIAN_POINT('',(56.5249999999998,2.7,2.));
#19153=CARTESIAN_POINT('',(56.5249999999998,2.7,5.));
#19154=CARTESIAN_POINT('Origin',(55.4999999999998,2.7,2.));
#19155=CARTESIAN_POINT('Origin',(2.70000000000016,2.7,5.));
#19156=CARTESIAN_POINT('',(3.72500000000016,2.7,5.));
#19157=CARTESIAN_POINT('Origin',(2.70000000000016,2.7,5.));
#19158=CARTESIAN_POINT('',(3.72500000000016,2.7,2.));
#19159=CARTESIAN_POINT('',(3.72500000000016,2.7,5.));
#19160=CARTESIAN_POINT('Origin',(2.70000000000016,2.7,2.));
#19161=CARTESIAN_POINT('Origin',(0.,0.,5.6));
#19162=CARTESIAN_POINT('',(13.7,9.00000000000001,5.6));
#19163=CARTESIAN_POINT('',(13.7,3.6,5.6));
#19164=CARTESIAN_POINT('',(13.7,0.,5.6));
#19165=CARTESIAN_POINT('',(11.7,1.6,5.6));
#19166=CARTESIAN_POINT('Origin',(11.7,3.6,5.6));
#19167=CARTESIAN_POINT('',(7.5,1.6,5.6));
#19168=CARTESIAN_POINT('',(0.,1.6,5.6));
#19169=CARTESIAN_POINT('',(7.5,5.6,5.6));
#19170=CARTESIAN_POINT('Origin',(7.5,3.6,5.6));
#19171=CARTESIAN_POINT('',(8.8,5.6,5.6));
#19172=CARTESIAN_POINT('',(0.,5.6,5.6));
#19173=CARTESIAN_POINT('',(8.79999999999999,7.1,5.6));
#19174=CARTESIAN_POINT('',(8.8,1.01770443923973E-14,5.6));
#19175=CARTESIAN_POINT('',(7.79999999999999,7.1,5.6));
#19176=CARTESIAN_POINT('',(8.79999999999999,7.1,5.6));
#19177=CARTESIAN_POINT('',(8.79999999999999,8.1,5.6));
#19178=CARTESIAN_POINT('Origin',(7.79999999999999,8.1,5.6));
#19179=CARTESIAN_POINT('',(8.8,17.1,5.6));
#19180=CARTESIAN_POINT('',(8.79999999999999,-1.38777878078144E-15,5.6));
#19181=CARTESIAN_POINT('',(7.8,18.1,5.6));
#19182=CARTESIAN_POINT('Origin',(7.8,17.1,5.6));
#19183=CARTESIAN_POINT('',(8.8,18.1,5.6));
#19184=CARTESIAN_POINT('',(0.,18.1,5.6));
#19185=CARTESIAN_POINT('',(8.8,19.6,5.6));
#19186=CARTESIAN_POINT('',(8.8,0.,5.6));
#19187=CARTESIAN_POINT('',(7.50000000000001,19.6,5.6));
#19188=CARTESIAN_POINT('',(0.,19.6,5.6));
#19189=CARTESIAN_POINT('',(7.50000000000001,23.6,5.6));
#19190=CARTESIAN_POINT('Origin',(7.50000000000001,21.6,5.6));
#19191=CARTESIAN_POINT('',(11.7,23.6,5.6));
#19192=CARTESIAN_POINT('',(1.04083408558609E-14,23.6,5.6));
#19193=CARTESIAN_POINT('',(13.7,21.6,5.6));
#19194=CARTESIAN_POINT('Origin',(11.7,21.6,5.6));
#19195=CARTESIAN_POINT('',(13.7,16.2,5.6));
#19196=CARTESIAN_POINT('',(13.7,0.,5.6));
#19197=CARTESIAN_POINT('',(12.7,17.2,5.6));
#19198=CARTESIAN_POINT('Origin',(12.7,16.2,5.6));
#19199=CARTESIAN_POINT('',(11.4,17.2,5.6));
#19200=CARTESIAN_POINT('',(0.,17.2,5.6));
#19201=CARTESIAN_POINT('',(10.4,16.2,5.6));
#19202=CARTESIAN_POINT('Origin',(11.4,16.2,5.6));
#19203=CARTESIAN_POINT('',(10.4,9.00000000000001,5.6));
#19204=CARTESIAN_POINT('',(10.4,-1.96099175545204E-15,5.6));
#19205=CARTESIAN_POINT('',(11.4,8.00000000000001,5.6));
#19206=CARTESIAN_POINT('Origin',(11.4,9.00000000000001,5.6));
#19207=CARTESIAN_POINT('',(12.7,8.00000000000001,5.6));
#19208=CARTESIAN_POINT('',(0.,8.00000000000001,5.6));
#19209=CARTESIAN_POINT('Origin',(12.7,9.00000000000001,5.6));
#19210=CARTESIAN_POINT('Origin',(0.,0.,5.));
#19211=CARTESIAN_POINT('',(58.2,19.7,5.));
#19212=CARTESIAN_POINT('',(58.2,6.5,5.));
#19213=CARTESIAN_POINT('',(58.2,19.7,5.));
#19214=CARTESIAN_POINT('',(56.2,4.5,5.));
#19215=CARTESIAN_POINT('Origin',(56.2,6.5,5.));
#19216=CARTESIAN_POINT('',(54.7,4.5,5.));
#19217=CARTESIAN_POINT('',(58.2,4.5,5.));
#19218=CARTESIAN_POINT('',(53.7,3.5,5.));
#19219=CARTESIAN_POINT('Origin',(54.7,3.5,5.));
#19220=CARTESIAN_POINT('',(53.7,2.6,5.));
#19221=CARTESIAN_POINT('',(53.7,1.6,5.));
#19222=CARTESIAN_POINT('',(52.7,1.6,5.));
#19223=CARTESIAN_POINT('Origin',(52.7,2.6,5.));
#19224=CARTESIAN_POINT('',(37.6,1.6,5.));
#19225=CARTESIAN_POINT('',(52.7,1.6,5.));
#19226=CARTESIAN_POINT('',(35.7669697220177,2.8,5.));
#19227=CARTESIAN_POINT('Origin',(37.6,3.6,5.));
#19228=CARTESIAN_POINT('',(50.2,2.8,5.));
#19229=CARTESIAN_POINT('',(0.,2.8,5.));
#19230=CARTESIAN_POINT('',(52.7,5.3,5.));
#19231=CARTESIAN_POINT('Origin',(50.2,5.3,5.));
#19232=CARTESIAN_POINT('',(52.7,14.4,5.));
#19233=CARTESIAN_POINT('',(52.7,0.,5.));
#19234=CARTESIAN_POINT('',(55.2,14.4,5.));
#19235=CARTESIAN_POINT('',(0.,14.4,5.));
#19236=CARTESIAN_POINT('',(55.2,19.7,5.));
#19237=CARTESIAN_POINT('',(55.2,0.,5.));
#19238=CARTESIAN_POINT('',(56.2,20.7,5.));
#19239=CARTESIAN_POINT('Origin',(56.2,19.7,5.));
#19240=CARTESIAN_POINT('',(57.2,20.7,5.));
#19241=CARTESIAN_POINT('',(58.2,20.7,5.));
#19242=CARTESIAN_POINT('Origin',(57.2,19.7,5.));
#19243=CARTESIAN_POINT('Origin',(0.,0.,5.));
#19244=CARTESIAN_POINT('',(19.4330302779823,2.8,5.));
#19245=CARTESIAN_POINT('',(18.2,2.8,5.));
#19246=CARTESIAN_POINT('',(0.,2.8,5.));
#19247=CARTESIAN_POINT('',(17.6,1.6,5.));
#19248=CARTESIAN_POINT('Origin',(17.6,3.6,5.));
#19249=CARTESIAN_POINT('',(11.7,1.6,5.));
#19250=CARTESIAN_POINT('',(52.7,1.6,5.));
#19251=CARTESIAN_POINT('',(13.7,3.6,5.));
#19252=CARTESIAN_POINT('Origin',(11.7,3.6,5.));
#19253=CARTESIAN_POINT('',(13.7,11.428233519466,5.));
#19254=CARTESIAN_POINT('',(13.7,0.,5.));
#19255=CARTESIAN_POINT('',(15.7,11.428233519466,5.));
#19256=CARTESIAN_POINT('',(13.7,11.428233519466,5.));
#19257=CARTESIAN_POINT('',(15.7,5.3,5.));
#19258=CARTESIAN_POINT('',(15.7,0.,5.));
#19259=CARTESIAN_POINT('Origin',(18.2,5.3,5.));
#19260=CARTESIAN_POINT('Origin',(52.7,1.6,5.));
#19261=CARTESIAN_POINT('',(52.7,1.6,2.));
#19262=CARTESIAN_POINT('',(37.6,1.6,2.));
#19263=CARTESIAN_POINT('',(52.7,1.6,2.));
#19264=CARTESIAN_POINT('',(37.6,1.6,5.));
#19265=CARTESIAN_POINT('',(52.7,1.6,5.));
#19266=CARTESIAN_POINT('Origin',(52.7,1.6,5.));
#19267=CARTESIAN_POINT('',(11.7,1.6,5.));
#19268=CARTESIAN_POINT('',(17.6,1.6,2.));
#19269=CARTESIAN_POINT('',(17.6,1.6,2.));
#19270=CARTESIAN_POINT('',(7.5,1.6,2.));
#19271=CARTESIAN_POINT('',(52.7,1.6,2.));
#19272=CARTESIAN_POINT('',(7.5,1.6,5.6));
#19273=CARTESIAN_POINT('Origin',(58.2,20.7,5.));
#19274=CARTESIAN_POINT('',(57.2,20.7,2.));
#19275=CARTESIAN_POINT('',(52.1949874371066,20.7,2.));
#19276=CARTESIAN_POINT('',(58.2,20.7,2.));
#19277=CARTESIAN_POINT('',(57.2,20.7,5.));
#19278=CARTESIAN_POINT('',(56.2,20.7,3.2));
#19279=CARTESIAN_POINT('',(56.2,20.7,5.));
#19280=CARTESIAN_POINT('',(52.1949874371066,20.7,3.2));
#19281=CARTESIAN_POINT('',(58.2,20.7,3.2));
#19282=CARTESIAN_POINT('',(52.1949874371066,20.7,3.2));
#19283=CARTESIAN_POINT('Origin',(1.93472666595686E-15,15.428233519466,2.1));
#19284=CARTESIAN_POINT('',(55.2,15.428233519466,3.2));
#19285=CARTESIAN_POINT('',(52.2,15.428233519466,3.2));
#19286=CARTESIAN_POINT('',(55.2,15.428233519466,3.2));
#19287=CARTESIAN_POINT('',(55.2,15.428233519466,1.6));
#19288=CARTESIAN_POINT('',(55.2,15.428233519466,2.1));
#19289=CARTESIAN_POINT('',(52.2,15.428233519466,1.6));
#19290=CARTESIAN_POINT('',(1.93472666595686E-15,15.428233519466,1.6));
#19291=CARTESIAN_POINT('',(52.2,15.428233519466,2.1));
#19292=CARTESIAN_POINT('Origin',(13.7,15.428233519466,2.1));
#19293=CARTESIAN_POINT('',(13.7,15.428233519466,3.8));
#19294=CARTESIAN_POINT('',(15.7,15.428233519466,3.8));
#19295=CARTESIAN_POINT('',(13.7,15.428233519466,3.8));
#19296=CARTESIAN_POINT('',(15.7,15.428233519466,1.6));
#19297=CARTESIAN_POINT('',(15.7,15.428233519466,2.1));
#19298=CARTESIAN_POINT('',(13.7,15.428233519466,1.6));
#19299=CARTESIAN_POINT('',(13.7,15.428233519466,1.6));
#19300=CARTESIAN_POINT('',(13.7,15.428233519466,2.1));
#19301=CARTESIAN_POINT('Origin',(12.05,15.5,8.));
#19302=CARTESIAN_POINT('',(13.35,15.5,6.6));
#19303=CARTESIAN_POINT('',(13.35,15.5,7.60000000000002));
#19304=CARTESIAN_POINT('',(13.35,15.5,8.));
#19305=CARTESIAN_POINT('',(10.75,15.5,7.60000000000002));
#19306=CARTESIAN_POINT('Origin',(12.05,15.5,7.60000000000002));
#19307=CARTESIAN_POINT('',(10.75,15.5,6.6));
#19308=CARTESIAN_POINT('',(10.75,15.5,8.));
#19309=CARTESIAN_POINT('Origin',(12.05,15.5,6.6));
#19310=CARTESIAN_POINT('Origin',(12.05,9.7,8.));
#19311=CARTESIAN_POINT('',(10.75,9.7,7.60000000000002));
#19312=CARTESIAN_POINT('',(10.75,9.7,6.6));
#19313=CARTESIAN_POINT('',(10.75,9.7,8.));
#19314=CARTESIAN_POINT('',(13.35,9.7,7.60000000000002));
#19315=CARTESIAN_POINT('Origin',(12.05,9.7,7.60000000000002));
#19316=CARTESIAN_POINT('',(13.35,9.7,6.6));
#19317=CARTESIAN_POINT('',(13.35,9.7,8.));
#19318=CARTESIAN_POINT('Origin',(12.05,9.7,6.6));
#19319=CARTESIAN_POINT('Origin',(10.75,15.5,8.));
#19320=CARTESIAN_POINT('',(10.75,15.5,7.60000000000002));
#19321=CARTESIAN_POINT('',(10.75,15.5,6.6));
#19322=CARTESIAN_POINT('Origin',(13.35,15.5,8.));
#19323=CARTESIAN_POINT('',(13.35,15.5,7.60000000000002));
#19324=CARTESIAN_POINT('',(13.35,15.5,6.6));
#19325=CARTESIAN_POINT('Origin',(0.,0.,8.));
#19326=CARTESIAN_POINT('',(-0.499999999999999,1.,8.));
#19327=CARTESIAN_POINT('',(1.,-0.499999999999999,8.));
#19328=CARTESIAN_POINT('Origin',(1.,1.,8.));
#19329=CARTESIAN_POINT('',(57.2,-0.500000000000001,8.));
#19330=CARTESIAN_POINT('',(57.2,-0.499999999999999,8.));
#19331=CARTESIAN_POINT('',(58.7,1.,8.));
#19332=CARTESIAN_POINT('Origin',(57.2,1.,8.));
#19333=CARTESIAN_POINT('',(58.7,24.2,8.));
#19334=CARTESIAN_POINT('',(58.7,0.,8.));
#19335=CARTESIAN_POINT('',(57.2,25.7,8.));
#19336=CARTESIAN_POINT('Origin',(57.2,24.2,8.));
#19337=CARTESIAN_POINT('',(1.,25.7,8.));
#19338=CARTESIAN_POINT('',(1.,25.7,8.));
#19339=CARTESIAN_POINT('',(-0.499999999999998,24.2,8.));
#19340=CARTESIAN_POINT('Origin',(1.,24.2,8.));
#19341=CARTESIAN_POINT('',(-0.499999999999999,1.,8.));
#19342=CARTESIAN_POINT('',(7.8,18.5,8.));
#19343=CARTESIAN_POINT('',(9.19999999999999,17.1,8.));
#19344=CARTESIAN_POINT('Origin',(7.8,17.1,8.));
#19345=CARTESIAN_POINT('',(9.19999999999999,8.1,8.));
#19346=CARTESIAN_POINT('',(9.19999999999999,8.1,8.));
#19347=CARTESIAN_POINT('',(7.79999999999999,6.70000000000001,8.));
#19348=CARTESIAN_POINT('Origin',(7.79999999999999,8.1,8.));
#19349=CARTESIAN_POINT('',(4.49999999999999,6.70000000000001,8.));
#19350=CARTESIAN_POINT('',(4.49999999999999,6.70000000000001,8.));
#19351=CARTESIAN_POINT('',(3.1,8.1,8.));
#19352=CARTESIAN_POINT('Origin',(4.49999999999999,8.1,8.));
#19353=CARTESIAN_POINT('',(3.1,17.1,8.));
#19354=CARTESIAN_POINT('',(3.1,-4.888766159571E-16,8.));
#19355=CARTESIAN_POINT('',(4.49999999999999,18.5,8.));
#19356=CARTESIAN_POINT('Origin',(4.49999999999999,17.1,8.));
#19357=CARTESIAN_POINT('',(0.,18.5,8.));
#19358=CARTESIAN_POINT('',(13.75,15.5,8.));
#19359=CARTESIAN_POINT('',(13.75,9.7,8.));
#19360=CARTESIAN_POINT('',(13.75,9.7,8.));
#19361=CARTESIAN_POINT('',(10.35,9.7,8.));
#19362=CARTESIAN_POINT('Origin',(12.05,9.7,8.));
#19363=CARTESIAN_POINT('',(10.35,15.5,8.));
#19364=CARTESIAN_POINT('',(10.35,0.,8.));
#19365=CARTESIAN_POINT('Origin',(12.05,15.5,8.));
#19366=CARTESIAN_POINT('',(57.1,19.2,8.));
#19367=CARTESIAN_POINT('',(57.1,6.,8.));
#19368=CARTESIAN_POINT('',(57.1,6.,8.));
#19369=CARTESIAN_POINT('',(52.2,1.10000000000001,8.));
#19370=CARTESIAN_POINT('Origin',(52.2,6.,8.));
#19371=CARTESIAN_POINT('',(19.1,1.10000000000001,8.));
#19372=CARTESIAN_POINT('',(19.1,1.10000000000001,8.));
#19373=CARTESIAN_POINT('',(14.2,6.,8.));
#19374=CARTESIAN_POINT('Origin',(19.1,6.,8.));
#19375=CARTESIAN_POINT('',(14.2,19.2,8.));
#19376=CARTESIAN_POINT('',(14.2,19.2,8.));
#19377=CARTESIAN_POINT('',(19.1,24.1,8.));
#19378=CARTESIAN_POINT('Origin',(19.1,19.2,8.));
#19379=CARTESIAN_POINT('',(52.2,24.1,8.));
#19380=CARTESIAN_POINT('',(52.2,24.1,8.));
#19381=CARTESIAN_POINT('Origin',(52.2,19.2,8.));
#19382=CARTESIAN_POINT('Origin',(0.,26.7,8.));
#19383=CARTESIAN_POINT('',(57.2,26.7,6.99999999999999));
#19384=CARTESIAN_POINT('',(57.2,26.7,1.00000000000001));
#19385=CARTESIAN_POINT('',(57.2,26.7,0.));
#19386=CARTESIAN_POINT('',(1.,26.7,1.00000000000001));
#19387=CARTESIAN_POINT('',(0.,26.7,1.00000000000001));
#19388=CARTESIAN_POINT('',(1.,26.7,6.99999999999999));
#19389=CARTESIAN_POINT('',(1.,26.7,8.));
#19390=CARTESIAN_POINT('',(57.2,26.7,6.99999999999999));
#19391=CARTESIAN_POINT('Origin',(-1.5,0.,8.));
#19392=CARTESIAN_POINT('',(-1.5,24.2,6.99999999999999));
#19393=CARTESIAN_POINT('',(-1.5,24.2,1.00000000000001));
#19394=CARTESIAN_POINT('',(-1.5,24.2,8.));
#19395=CARTESIAN_POINT('',(-1.5,1.,1.00000000000001));
#19396=CARTESIAN_POINT('',(-1.5,0.,1.00000000000001));
#19397=CARTESIAN_POINT('',(-1.5,1.,6.99999999999999));
#19398=CARTESIAN_POINT('',(-1.5,1.,8.));
#19399=CARTESIAN_POINT('',(-1.5,24.2,6.99999999999999));
#19400=CARTESIAN_POINT('Origin',(0.,-1.5,8.));
#19401=CARTESIAN_POINT('',(1.,-1.5,6.99999999999999));
#19402=CARTESIAN_POINT('',(1.,-1.5,1.00000000000001));
#19403=CARTESIAN_POINT('',(1.,-1.5,8.));
#19404=CARTESIAN_POINT('',(57.2,-1.5,1.00000000000001));
#19405=CARTESIAN_POINT('',(0.,-1.5,1.00000000000001));
#19406=CARTESIAN_POINT('',(57.2,-1.5,6.99999999999999));
#19407=CARTESIAN_POINT('',(57.2,-1.5,8.));
#19408=CARTESIAN_POINT('',(1.,-1.5,6.99999999999999));
#19409=CARTESIAN_POINT('Origin',(59.7,0.,8.));
#19410=CARTESIAN_POINT('',(59.7,1.,6.99999999999999));
#19411=CARTESIAN_POINT('',(59.7,1.,1.00000000000001));
#19412=CARTESIAN_POINT('',(59.7,1.,0.));
#19413=CARTESIAN_POINT('',(59.7,24.2,1.00000000000001));
#19414=CARTESIAN_POINT('',(59.7,24.2,1.00000000000001));
#19415=CARTESIAN_POINT('',(59.7,24.2,6.99999999999999));
#19416=CARTESIAN_POINT('',(59.7,24.2,8.));
#19417=CARTESIAN_POINT('',(59.7,0.,6.99999999999999));
#19418=CARTESIAN_POINT('Origin',(0.,0.,0.));
#19419=CARTESIAN_POINT('',(58.7,1.,0.));
#19420=CARTESIAN_POINT('',(57.2,-0.499999999999978,0.));
#19421=CARTESIAN_POINT('Origin',(57.2,1.,0.));
#19422=CARTESIAN_POINT('',(1.,-0.499999999999978,0.));
#19423=CARTESIAN_POINT('',(0.,-0.499999999999979,0.));
#19424=CARTESIAN_POINT('',(-0.499999999999978,1.,0.));
#19425=CARTESIAN_POINT('Origin',(1.,1.,0.));
#19426=CARTESIAN_POINT('',(-0.499999999999977,24.2,0.));
#19427=CARTESIAN_POINT('',(-0.499999999999978,0.,0.));
#19428=CARTESIAN_POINT('',(1.,25.7,0.));
#19429=CARTESIAN_POINT('Origin',(1.,24.2,0.));
#19430=CARTESIAN_POINT('',(57.2,25.7,0.));
#19431=CARTESIAN_POINT('',(0.,25.7,0.));
#19432=CARTESIAN_POINT('',(58.7,24.2,0.));
#19433=CARTESIAN_POINT('Origin',(57.2,24.2,0.));
#19434=CARTESIAN_POINT('',(58.7,1.,0.));
#19435=CARTESIAN_POINT('',(57.2,0.,0.));
#19436=CARTESIAN_POINT('',(1.,0.,0.));
#19437=CARTESIAN_POINT('',(58.2,0.,0.));
#19438=CARTESIAN_POINT('',(58.2,1.,0.));
#19439=CARTESIAN_POINT('Origin',(57.2,1.,0.));
#19440=CARTESIAN_POINT('',(58.2,24.2,0.));
#19441=CARTESIAN_POINT('',(58.2,25.2,0.));
#19442=CARTESIAN_POINT('',(57.2,25.2,0.));
#19443=CARTESIAN_POINT('Origin',(57.2,24.2,0.));
#19444=CARTESIAN_POINT('',(1.,25.2,0.));
#19445=CARTESIAN_POINT('',(58.2,25.2,0.));
#19446=CARTESIAN_POINT('',(0.,24.2,0.));
#19447=CARTESIAN_POINT('Origin',(1.,24.2,0.));
#19448=CARTESIAN_POINT('',(0.,1.,0.));
#19449=CARTESIAN_POINT('',(0.,25.2,0.));
#19450=CARTESIAN_POINT('Origin',(1.,1.,0.));
#19451=CARTESIAN_POINT('Origin',(58.2,25.2,2.));
#19452=CARTESIAN_POINT('',(58.2,6.5,2.));
#19453=CARTESIAN_POINT('',(58.2,1.,2.));
#19454=CARTESIAN_POINT('',(58.2,25.2,2.));
#19455=CARTESIAN_POINT('',(58.2,6.5,5.));
#19456=CARTESIAN_POINT('',(58.2,19.7,2.));
#19457=CARTESIAN_POINT('',(58.2,19.7,2.));
#19458=CARTESIAN_POINT('',(58.2,24.2,2.));
#19459=CARTESIAN_POINT('',(58.2,25.2,2.));
#19460=CARTESIAN_POINT('',(58.2,24.2,0.));
#19461=CARTESIAN_POINT('',(58.2,1.,2.));
#19462=CARTESIAN_POINT('Origin',(58.2,25.2,2.));
#19463=CARTESIAN_POINT('',(1.,25.2,2.));
#19464=CARTESIAN_POINT('',(57.2,25.2,2.));
#19465=CARTESIAN_POINT('',(58.2,25.2,2.));
#19466=CARTESIAN_POINT('',(1.,25.2,0.));
#19467=CARTESIAN_POINT('',(57.2,25.2,2.));
#19468=CARTESIAN_POINT('Origin',(0.,25.2,2.));
#19469=CARTESIAN_POINT('',(0.,1.,2.));
#19470=CARTESIAN_POINT('',(0.,24.2,2.));
#19471=CARTESIAN_POINT('',(0.,25.2,2.));
#19472=CARTESIAN_POINT('',(0.,1.,0.));
#19473=CARTESIAN_POINT('',(0.,24.2,2.));
#19474=CARTESIAN_POINT('Origin',(58.2,0.,2.));
#19475=CARTESIAN_POINT('',(1.,0.,2.));
#19476=CARTESIAN_POINT('',(1.,0.,2.));
#19477=CARTESIAN_POINT('',(57.2,0.,2.));
#19478=CARTESIAN_POINT('',(58.2,0.,2.));
#19479=CARTESIAN_POINT('',(57.2,0.,0.));
#19480=CARTESIAN_POINT('Origin',(0.,0.,2.));
#19481=CARTESIAN_POINT('',(53.7,2.6,2.));
#19482=CARTESIAN_POINT('',(53.7,3.5,2.));
#19483=CARTESIAN_POINT('',(53.7,1.6,2.));
#19484=CARTESIAN_POINT('',(54.7,4.5,2.));
#19485=CARTESIAN_POINT('Origin',(54.7,3.5,2.));
#19486=CARTESIAN_POINT('',(56.2,4.5,2.));
#19487=CARTESIAN_POINT('',(58.2,4.5,2.));
#19488=CARTESIAN_POINT('Origin',(56.2,6.5,2.));
#19489=CARTESIAN_POINT('Origin',(57.2,1.,2.));
#19490=CARTESIAN_POINT('Origin',(1.,1.,2.));
#19491=CARTESIAN_POINT('Origin',(1.,24.2,2.));
#19492=CARTESIAN_POINT('Origin',(57.2,24.2,2.));
#19493=CARTESIAN_POINT('Origin',(57.2,19.7,2.));
#19494=CARTESIAN_POINT('',(51.2,21.6,2.));
#19495=CARTESIAN_POINT('Origin',(51.2,20.6,2.));
#19496=CARTESIAN_POINT('',(13.7,21.6,2.));
#19497=CARTESIAN_POINT('',(13.7,21.6,2.));
#19498=CARTESIAN_POINT('',(11.7,23.6,2.));
#19499=CARTESIAN_POINT('Origin',(11.7,21.6,2.));
#19500=CARTESIAN_POINT('',(7.50000000000001,23.6,2.));
#19501=CARTESIAN_POINT('',(52.7,23.6,2.));
#19502=CARTESIAN_POINT('',(7.50000000000001,19.6,2.));
#19503=CARTESIAN_POINT('Origin',(7.50000000000001,21.6,2.));
#19504=CARTESIAN_POINT('',(3.49999999999999,19.6,2.));
#19505=CARTESIAN_POINT('',(5.5,19.6,2.));
#19506=CARTESIAN_POINT('',(3.49999999999999,18.1,2.));
#19507=CARTESIAN_POINT('',(3.49999999999999,-5.51957469628982E-16,2.));
#19508=CARTESIAN_POINT('',(4.49999999999999,18.1,2.));
#19509=CARTESIAN_POINT('',(0.,18.1,2.));
#19510=CARTESIAN_POINT('',(3.49999999999999,17.1,2.));
#19511=CARTESIAN_POINT('Origin',(4.49999999999999,17.1,2.));
#19512=CARTESIAN_POINT('',(3.49999999999999,8.1,2.));
#19513=CARTESIAN_POINT('',(3.49999999999999,-5.51957469628982E-16,2.));
#19514=CARTESIAN_POINT('',(4.49999999999999,7.1,2.));
#19515=CARTESIAN_POINT('Origin',(4.49999999999999,8.1,2.));
#19516=CARTESIAN_POINT('',(3.49999999999999,7.1,2.));
#19517=CARTESIAN_POINT('',(8.79999999999999,7.1,2.));
#19518=CARTESIAN_POINT('',(3.49999999999999,5.60000000000001,2.));
#19519=CARTESIAN_POINT('',(3.49999999999999,-5.51957469628982E-16,2.));
#19520=CARTESIAN_POINT('',(7.5,5.60000000000001,2.));
#19521=CARTESIAN_POINT('',(5.5,5.60000000000001,2.));
#19522=CARTESIAN_POINT('Origin',(7.5,3.6,2.));
#19523=CARTESIAN_POINT('',(19.6,3.6,2.));
#19524=CARTESIAN_POINT('Origin',(17.6,3.6,2.));
#19525=CARTESIAN_POINT('',(19.6,3.62823351946596,2.));
#19526=CARTESIAN_POINT('',(19.6,1.6,2.));
#19527=CARTESIAN_POINT('',(35.6,3.62823351946596,2.));
#19528=CARTESIAN_POINT('',(32.6,3.62823351946596,2.));
#19529=CARTESIAN_POINT('',(35.6,3.6,2.));
#19530=CARTESIAN_POINT('',(35.6,3.62823351946596,2.));
#19531=CARTESIAN_POINT('Origin',(37.6,3.6,2.));
#19532=CARTESIAN_POINT('Origin',(52.7,2.6,2.));
#19533=CARTESIAN_POINT('Origin',(53.7,1.6,5.));
#19534=CARTESIAN_POINT('',(53.7,3.5,2.));
#19535=CARTESIAN_POINT('',(53.7,2.6,5.));
#19536=CARTESIAN_POINT('Origin',(52.7,23.6,5.));
#19537=CARTESIAN_POINT('',(11.7,23.6,5.));
#19538=CARTESIAN_POINT('',(7.50000000000001,23.6,5.));
#19539=CARTESIAN_POINT('Origin',(58.2,4.5,5.));
#19540=CARTESIAN_POINT('',(56.2,4.5,2.));
#19541=CARTESIAN_POINT('',(54.7,4.5,5.));
#19542=CARTESIAN_POINT('Origin',(14.6,23.7,6.8));
#19543=CARTESIAN_POINT('',(14.6,19.2,6.8));
#19544=CARTESIAN_POINT('',(14.6,19.2,7.60000000000001));
#19545=CARTESIAN_POINT('',(14.6,19.2,8.));
#19546=CARTESIAN_POINT('',(14.6,6.,7.60000000000001));
#19547=CARTESIAN_POINT('',(14.6,6.,7.60000000000001));
#19548=CARTESIAN_POINT('',(14.6,6.,6.8));
#19549=CARTESIAN_POINT('',(14.6,6.,6.8));
#19550=CARTESIAN_POINT('',(14.6,23.7,6.8));
#19551=CARTESIAN_POINT('Origin',(14.6,23.7,6.8));
#19552=CARTESIAN_POINT('',(52.2,23.7,6.8));
#19553=CARTESIAN_POINT('',(52.2,23.7,7.60000000000001));
#19554=CARTESIAN_POINT('',(52.2,23.7,8.));
#19555=CARTESIAN_POINT('',(19.1,23.7,7.60000000000001));
#19556=CARTESIAN_POINT('',(19.1,23.7,7.60000000000001));
#19557=CARTESIAN_POINT('',(19.1,23.7,6.8));
#19558=CARTESIAN_POINT('',(19.1,23.7,6.8));
#19559=CARTESIAN_POINT('',(14.6,23.7,6.8));
#19560=CARTESIAN_POINT('Origin',(56.7,23.7,6.8));
#19561=CARTESIAN_POINT('',(56.7,6.,6.8));
#19562=CARTESIAN_POINT('',(56.7,6.,7.60000000000001));
#19563=CARTESIAN_POINT('',(56.7,6.,8.));
#19564=CARTESIAN_POINT('',(56.7,19.2,7.60000000000001));
#19565=CARTESIAN_POINT('',(56.7,19.2,7.60000000000001));
#19566=CARTESIAN_POINT('',(56.7,19.2,6.8));
#19567=CARTESIAN_POINT('',(56.7,19.2,6.8));
#19568=CARTESIAN_POINT('',(56.7,23.7,6.8));
#19569=CARTESIAN_POINT('Origin',(14.6,1.5,6.8));
#19570=CARTESIAN_POINT('',(19.1,1.5,6.8));
#19571=CARTESIAN_POINT('',(19.1,1.5,7.60000000000001));
#19572=CARTESIAN_POINT('',(19.1,1.5,8.));
#19573=CARTESIAN_POINT('',(52.2,1.5,7.60000000000001));
#19574=CARTESIAN_POINT('',(52.2,1.5,7.60000000000001));
#19575=CARTESIAN_POINT('',(52.2,1.5,6.8));
#19576=CARTESIAN_POINT('',(52.2,1.5,6.8));
#19577=CARTESIAN_POINT('',(14.6,1.5,6.8));
#19578=CARTESIAN_POINT('Origin',(0.,0.,6.8));
#19579=CARTESIAN_POINT('Origin',(19.1,19.2,6.8));
#19580=CARTESIAN_POINT('Origin',(19.1,6.,6.8));
#19581=CARTESIAN_POINT('Origin',(52.2,6.,6.8));
#19582=CARTESIAN_POINT('Origin',(52.2,19.2,6.8));
#19583=CARTESIAN_POINT('',(18.2,2.8,6.8));
#19584=CARTESIAN_POINT('',(50.2,2.8,6.8));
#19585=CARTESIAN_POINT('',(15.7,2.8,6.8));
#19586=CARTESIAN_POINT('',(15.7,5.3,6.8));
#19587=CARTESIAN_POINT('Origin',(18.2,5.3,6.8));
#19588=CARTESIAN_POINT('',(15.7,19.9,6.8));
#19589=CARTESIAN_POINT('',(15.7,22.4,6.8));
#19590=CARTESIAN_POINT('',(18.2,22.4,6.8));
#19591=CARTESIAN_POINT('Origin',(18.2,19.9,6.8));
#19592=CARTESIAN_POINT('',(50.2,22.4,6.8));
#19593=CARTESIAN_POINT('',(15.7,22.4,6.8));
#19594=CARTESIAN_POINT('',(52.7,19.9,6.8));
#19595=CARTESIAN_POINT('Origin',(50.2,19.9,6.8));
#19596=CARTESIAN_POINT('',(52.7,5.3,6.8));
#19597=CARTESIAN_POINT('',(52.7,22.4,6.8));
#19598=CARTESIAN_POINT('Origin',(50.2,5.3,6.8));
#19599=CARTESIAN_POINT('Origin',(52.2,19.2,6.8));
#19600=CARTESIAN_POINT('Origin',(52.2,19.2,7.60000000000001));
#19601=CARTESIAN_POINT('Origin',(52.2,6.,6.8));
#19602=CARTESIAN_POINT('Origin',(52.2,6.,7.60000000000001));
#19603=CARTESIAN_POINT('Origin',(19.1,6.,6.8));
#19604=CARTESIAN_POINT('Origin',(19.1,6.,7.60000000000001));
#19605=CARTESIAN_POINT('Origin',(19.1,19.2,6.8));
#19606=CARTESIAN_POINT('Origin',(19.1,19.2,7.60000000000001));
#19607=CARTESIAN_POINT('Origin',(1.,24.2,2.));
#19608=CARTESIAN_POINT('Origin',(1.,1.,2.));
#19609=CARTESIAN_POINT('Origin',(57.2,1.,2.));
#19610=CARTESIAN_POINT('Origin',(57.2,24.2,2.));
#19611=CARTESIAN_POINT('Origin',(57.2,1.,8.));
#19612=CARTESIAN_POINT('Origin',(57.2,1.,1.00000000000001));
#19613=CARTESIAN_POINT('Origin',(57.2,1.,6.99999999999999));
#19614=CARTESIAN_POINT('Origin',(1.,1.,8.));
#19615=CARTESIAN_POINT('Origin',(1.,1.,1.00000000000001));
#19616=CARTESIAN_POINT('Origin',(1.,1.,6.99999999999999));
#19617=CARTESIAN_POINT('Origin',(1.,24.2,8.));
#19618=CARTESIAN_POINT('Origin',(1.,24.2,1.00000000000001));
#19619=CARTESIAN_POINT('Origin',(1.,24.2,6.99999999999999));
#19620=CARTESIAN_POINT('Origin',(57.2,24.2,8.));
#19621=CARTESIAN_POINT('Origin',(57.2,24.2,1.00000000000001));
#19622=CARTESIAN_POINT('Origin',(57.2,24.2,6.99999999999999));
#19623=CARTESIAN_POINT('Origin',(0.,26.7,1.00000000000001));
#19624=CARTESIAN_POINT('',(57.2,25.7,0.));
#19625=CARTESIAN_POINT('',(1.,26.7,1.00000000000001));
#19626=CARTESIAN_POINT('Origin',(1.,24.2,0.));
#19627=CARTESIAN_POINT('',(-1.5,24.2,1.00000000000001));
#19628=CARTESIAN_POINT('Origin',(57.2,24.2,0.));
#19629=CARTESIAN_POINT('',(58.7,24.2,0.));
#19630=CARTESIAN_POINT('Origin',(-1.5,0.,1.00000000000001));
#19631=CARTESIAN_POINT('',(-1.5,1.,1.00000000000001));
#19632=CARTESIAN_POINT('Origin',(58.7,0.,0.));
#19633=CARTESIAN_POINT('',(58.7,1.,0.));
#19634=CARTESIAN_POINT('Origin',(1.,1.,0.));
#19635=CARTESIAN_POINT('',(1.,-1.5,1.00000000000001));
#19636=CARTESIAN_POINT('Origin',(57.2,1.,0.));
#19637=CARTESIAN_POINT('',(57.2,-0.499999999999978,0.));
#19638=CARTESIAN_POINT('Origin',(0.,-1.5,1.00000000000001));
#19639=CARTESIAN_POINT('Origin',(0.,25.7,8.));
#19640=CARTESIAN_POINT('',(57.2,26.7,6.99999999999999));
#19641=CARTESIAN_POINT('',(1.,25.7,8.));
#19642=CARTESIAN_POINT('Origin',(1.,24.2,8.));
#19643=CARTESIAN_POINT('',(-0.499999999999998,24.2,8.));
#19644=CARTESIAN_POINT('Origin',(57.2,24.2,8.));
#19645=CARTESIAN_POINT('',(59.7,24.2,6.99999999999999));
#19646=CARTESIAN_POINT('Origin',(-0.499999999999999,0.,8.));
#19647=CARTESIAN_POINT('',(-0.499999999999999,1.,8.));
#19648=CARTESIAN_POINT('Origin',(59.7,0.,6.99999999999999));
#19649=CARTESIAN_POINT('',(59.7,1.,6.99999999999999));
#19650=CARTESIAN_POINT('Origin',(1.,1.,8.));
#19651=CARTESIAN_POINT('',(1.,-0.499999999999999,8.));
#19652=CARTESIAN_POINT('Origin',(57.2,1.,8.));
#19653=CARTESIAN_POINT('',(57.2,-1.5,6.99999999999999));
#19654=CARTESIAN_POINT('Origin',(0.,-0.499999999999999,8.));
#19655=CARTESIAN_POINT('Origin',(13.7,0.,5.6));
#19656=CARTESIAN_POINT('',(13.7,3.6,5.6));
#19657=CARTESIAN_POINT('',(13.7,9.00000000000001,6.6));
#19658=CARTESIAN_POINT('',(13.7,9.00000000000001,6.6));
#19659=CARTESIAN_POINT('',(13.7,16.2,6.6));
#19660=CARTESIAN_POINT('',(13.7,17.2,6.6));
#19661=CARTESIAN_POINT('',(13.7,16.2,5.6));
#19662=CARTESIAN_POINT('',(13.7,21.6,3.8));
#19663=CARTESIAN_POINT('',(13.7,21.6,5.6));
#19664=CARTESIAN_POINT('',(13.7,21.6,3.8));
#19665=CARTESIAN_POINT('',(13.7,11.428233519466,1.6));
#19666=CARTESIAN_POINT('',(13.7,15.428233519466,1.6));
#19667=CARTESIAN_POINT('',(13.7,11.428233519466,2.1));
#19668=CARTESIAN_POINT('Origin',(13.7,17.2,6.6));
#19669=CARTESIAN_POINT('',(12.7,17.2,6.6));
#19670=CARTESIAN_POINT('',(11.4,17.2,6.6));
#19671=CARTESIAN_POINT('',(13.7,17.2,6.6));
#19672=CARTESIAN_POINT('',(11.4,17.2,5.6));
#19673=CARTESIAN_POINT('',(12.7,17.2,6.6));
#19674=CARTESIAN_POINT('Origin',(10.4,17.2,6.6));
#19675=CARTESIAN_POINT('',(10.4,16.2,6.6));
#19676=CARTESIAN_POINT('',(10.4,9.00000000000001,6.6));
#19677=CARTESIAN_POINT('',(10.4,17.2,6.6));
#19678=CARTESIAN_POINT('',(10.4,9.00000000000001,6.6));
#19679=CARTESIAN_POINT('',(10.4,16.2,6.6));
#19680=CARTESIAN_POINT('Origin',(13.7,8.00000000000001,6.6));
#19681=CARTESIAN_POINT('',(11.4,8.00000000000001,6.6));
#19682=CARTESIAN_POINT('',(11.4,8.00000000000001,6.6));
#19683=CARTESIAN_POINT('',(12.7,8.00000000000001,6.6));
#19684=CARTESIAN_POINT('',(13.7,8.00000000000001,6.6));
#19685=CARTESIAN_POINT('',(12.7,8.00000000000001,5.6));
#19686=CARTESIAN_POINT('Origin',(0.,0.,6.6));
#19687=CARTESIAN_POINT('Origin',(11.4,9.00000000000001,6.6));
#19688=CARTESIAN_POINT('Origin',(11.4,16.2,6.6));
#19689=CARTESIAN_POINT('Origin',(12.7,16.2,6.6));
#19690=CARTESIAN_POINT('Origin',(12.7,9.00000000000001,6.6));
#19691=CARTESIAN_POINT('Origin',(8.8,18.1,8.));
#19692=CARTESIAN_POINT('',(8.79999999999999,8.1,7.60000000000001));
#19693=CARTESIAN_POINT('',(8.79999999999999,8.1,8.));
#19694=CARTESIAN_POINT('',(8.8,17.1,7.60000000000001));
#19695=CARTESIAN_POINT('',(8.8,17.1,7.60000000000001));
#19696=CARTESIAN_POINT('',(8.8,17.1,8.));
#19697=CARTESIAN_POINT('Origin',(8.8,18.1,8.));
#19698=CARTESIAN_POINT('',(7.8,18.1,7.60000000000001));
#19699=CARTESIAN_POINT('',(7.8,18.1,8.));
#19700=CARTESIAN_POINT('',(4.49999999999999,18.1,7.60000000000001));
#19701=CARTESIAN_POINT('',(8.8,18.1,7.60000000000001));
#19702=CARTESIAN_POINT('',(4.49999999999999,18.1,2.));
#19703=CARTESIAN_POINT('',(3.49999999999999,18.1,0.));
#19704=CARTESIAN_POINT('',(3.49999999999999,18.1,0.));
#19705=CARTESIAN_POINT('',(8.8,18.1,0.));
#19706=CARTESIAN_POINT('',(0.,18.1,0.));
#19707=CARTESIAN_POINT('',(8.8,18.1,0.));
#19708=CARTESIAN_POINT('Origin',(3.49999999999999,18.1,8.));
#19709=CARTESIAN_POINT('',(3.49999999999999,17.1,7.60000000000001));
#19710=CARTESIAN_POINT('',(3.49999999999999,17.1,8.));
#19711=CARTESIAN_POINT('',(3.49999999999999,8.1,7.60000000000001));
#19712=CARTESIAN_POINT('',(3.49999999999999,18.1,7.60000000000001));
#19713=CARTESIAN_POINT('',(3.49999999999999,8.1,8.));
#19714=CARTESIAN_POINT('Origin',(8.79999999999999,7.1,8.));
#19715=CARTESIAN_POINT('',(4.49999999999999,7.1,7.60000000000001));
#19716=CARTESIAN_POINT('',(4.49999999999999,7.1,8.));
#19717=CARTESIAN_POINT('',(7.79999999999999,7.1,7.60000000000001));
#19718=CARTESIAN_POINT('',(7.79999999999999,7.1,7.60000000000001));
#19719=CARTESIAN_POINT('',(7.79999999999999,7.1,5.6));
#19720=CARTESIAN_POINT('',(8.79999999999999,7.1,0.));
#19721=CARTESIAN_POINT('',(8.79999999999999,7.1,0.));
#19722=CARTESIAN_POINT('',(3.49999999999999,7.1,0.));
#19723=CARTESIAN_POINT('',(0.,7.1,0.));
#19724=CARTESIAN_POINT('',(3.49999999999999,7.1,0.));
#19725=CARTESIAN_POINT('Origin',(12.7,9.00000000000001,6.6));
#19726=CARTESIAN_POINT('Origin',(12.7,16.2,5.6));
#19727=CARTESIAN_POINT('Origin',(15.7,22.4,4.6));
#19728=CARTESIAN_POINT('',(15.7,14.428233519466,3.8));
#19729=CARTESIAN_POINT('',(15.7,14.428233519466,5.));
#19730=CARTESIAN_POINT('',(15.7,14.428233519466,4.6));
#19731=CARTESIAN_POINT('',(15.7,19.9,5.));
#19732=CARTESIAN_POINT('',(15.7,0.,5.));
#19733=CARTESIAN_POINT('',(15.7,19.9,6.8));
#19734=CARTESIAN_POINT('',(15.7,5.3,5.));
#19735=CARTESIAN_POINT('',(15.7,11.428233519466,1.6));
#19736=CARTESIAN_POINT('',(15.7,11.428233519466,2.1));
#19737=CARTESIAN_POINT('',(15.7,15.428233519466,1.6));
#19738=CARTESIAN_POINT('',(15.7,0.,3.8));
#19739=CARTESIAN_POINT('Origin',(15.7,22.4,4.6));
#19740=CARTESIAN_POINT('',(18.2,22.4,5.));
#19741=CARTESIAN_POINT('',(50.2,22.4,5.));
#19742=CARTESIAN_POINT('',(0.,22.4,5.));
#19743=CARTESIAN_POINT('',(50.2,22.4,6.8));
#19744=CARTESIAN_POINT('',(18.2,22.4,5.));
#19745=CARTESIAN_POINT('Origin',(52.7,22.4,4.6));
#19746=CARTESIAN_POINT('',(52.7,19.9,5.));
#19747=CARTESIAN_POINT('',(52.7,19.9,5.));
#19748=CARTESIAN_POINT('',(52.7,0.,5.));
#19749=CARTESIAN_POINT('',(52.7,5.3,6.8));
#19750=CARTESIAN_POINT('Origin',(15.7,2.8,4.6));
#19751=CARTESIAN_POINT('',(50.2,2.8,5.));
#19752=CARTESIAN_POINT('',(0.,2.8,5.));
#19753=CARTESIAN_POINT('',(18.2,2.8,6.8));
#19754=CARTESIAN_POINT('Origin',(50.2,19.9,4.6));
#19755=CARTESIAN_POINT('Origin',(50.2,19.9,5.));
#19756=CARTESIAN_POINT('Origin',(50.2,5.3,4.6));
#19757=CARTESIAN_POINT('Origin',(18.2,5.3,4.6));
#19758=CARTESIAN_POINT('Origin',(18.2,19.9,4.6));
#19759=CARTESIAN_POINT('Origin',(18.2,19.9,5.));
#19760=CARTESIAN_POINT('Origin',(11.4,9.00000000000001,6.6));
#19761=CARTESIAN_POINT('Origin',(11.4,16.2,6.6));
#19762=CARTESIAN_POINT('Origin',(55.2,0.,2.1));
#19763=CARTESIAN_POINT('',(55.2,19.7,3.2));
#19764=CARTESIAN_POINT('',(55.2,21.6,3.2));
#19765=CARTESIAN_POINT('',(55.2,19.7,2.1));
#19766=CARTESIAN_POINT('',(55.2,14.4,1.6));
#19767=CARTESIAN_POINT('',(55.2,14.4,2.1));
#19768=CARTESIAN_POINT('',(55.2,0.,1.6));
#19769=CARTESIAN_POINT('Origin',(0.,14.4,2.1));
#19770=CARTESIAN_POINT('',(52.2,14.4,5.));
#19771=CARTESIAN_POINT('',(0.,14.4,5.));
#19772=CARTESIAN_POINT('',(52.2,14.4,1.6));
#19773=CARTESIAN_POINT('',(52.2,14.4,2.1));
#19774=CARTESIAN_POINT('',(0.,14.4,1.6));
#19775=CARTESIAN_POINT('Origin',(52.2,0.,2.1));
#19776=CARTESIAN_POINT('',(52.2,20.6,5.));
#19777=CARTESIAN_POINT('',(52.2,0.,5.));
#19778=CARTESIAN_POINT('',(52.2,20.6,3.2));
#19779=CARTESIAN_POINT('',(52.2,20.6,2.));
#19780=CARTESIAN_POINT('',(52.2,21.6,3.2));
#19781=CARTESIAN_POINT('',(52.2,0.,1.6));
#19782=CARTESIAN_POINT('Origin',(13.7,11.428233519466,2.1));
#19783=CARTESIAN_POINT('',(13.7,11.428233519466,1.6));
#19784=CARTESIAN_POINT('Origin',(0.,0.,5.));
#19785=CARTESIAN_POINT('',(16.7,15.428233519466,5.));
#19786=CARTESIAN_POINT('Origin',(16.7,14.428233519466,5.));
#19787=CARTESIAN_POINT('',(16.7,20.6,5.));
#19788=CARTESIAN_POINT('',(16.7,21.6,5.));
#19789=CARTESIAN_POINT('',(17.7,21.6,5.));
#19790=CARTESIAN_POINT('Origin',(17.7,20.6,5.));
#19791=CARTESIAN_POINT('',(51.2,21.6,5.));
#19792=CARTESIAN_POINT('',(13.7,21.6,5.));
#19793=CARTESIAN_POINT('Origin',(51.2,20.6,5.));
#19794=CARTESIAN_POINT('Origin',(16.7,21.6,3.8));
#19795=CARTESIAN_POINT('',(16.7,20.6,3.8));
#19796=CARTESIAN_POINT('',(16.7,15.428233519466,3.8));
#19797=CARTESIAN_POINT('',(16.7,21.6,3.8));
#19798=CARTESIAN_POINT('',(16.7,20.6,3.8));
#19799=CARTESIAN_POINT('',(16.7,15.428233519466,3.8));
#19800=CARTESIAN_POINT('Origin',(0.,0.,3.8));
#19801=CARTESIAN_POINT('',(17.7,21.6,3.8));
#19802=CARTESIAN_POINT('',(13.7,21.6,3.8));
#19803=CARTESIAN_POINT('Origin',(17.7,20.6,3.8));
#19804=CARTESIAN_POINT('Origin',(16.7,14.428233519466,3.8));
#19805=CARTESIAN_POINT('Origin',(0.,0.,3.2));
#19806=CARTESIAN_POINT('Origin',(51.2,20.6,3.2));
#19807=CARTESIAN_POINT('Origin',(56.2,19.7,3.2));
#19808=CARTESIAN_POINT('Origin',(2.70000000000016,2.7,5.));
#19809=CARTESIAN_POINT('Origin',(55.4999999999998,2.7,5.));
#19810=CARTESIAN_POINT('Origin',(55.4999999999998,22.5,5.));
#19811=CARTESIAN_POINT('Origin',(2.70000000000016,22.5,5.));
#19812=CARTESIAN_POINT('Origin',(0.,21.6,2.));
#19813=CARTESIAN_POINT('',(17.7,21.6,2.));
#19814=CARTESIAN_POINT('',(13.7,21.6,2.));
#19815=CARTESIAN_POINT('',(51.2,21.6,5.));
#19816=CARTESIAN_POINT('Origin',(0.,0.,5.));
#19817=CARTESIAN_POINT('',(35.6,3.6,5.));
#19818=CARTESIAN_POINT('Origin',(37.6,3.6,5.));
#19819=CARTESIAN_POINT('',(35.6,3.62823351946596,5.));
#19820=CARTESIAN_POINT('',(35.6,3.62823351946596,5.));
#19821=CARTESIAN_POINT('',(19.6,3.62823351946596,5.));
#19822=CARTESIAN_POINT('',(32.6,3.62823351946596,5.));
#19823=CARTESIAN_POINT('',(19.6,3.6,5.));
#19824=CARTESIAN_POINT('',(19.6,1.6,5.));
#19825=CARTESIAN_POINT('Origin',(17.6,3.6,5.));
#19826=CARTESIAN_POINT('Origin',(19.6,1.6,2.));
#19827=CARTESIAN_POINT('',(19.6,3.6,5.));
#19828=CARTESIAN_POINT('',(19.6,3.62823351946596,2.));
#19829=CARTESIAN_POINT('Origin',(32.6,3.62823351946596,2.));
#19830=CARTESIAN_POINT('',(35.6,3.62823351946596,2.));
#19831=CARTESIAN_POINT('Origin',(35.6,3.62823351946596,2.));
#19832=CARTESIAN_POINT('',(35.6,3.6,2.));
#19833=CARTESIAN_POINT('Origin',(0.,0.,1.6));
#19834=CARTESIAN_POINT('Origin',(0.,0.,1.6));
#19835=CARTESIAN_POINT('Origin',(57.2,19.7,2.));
#19836=CARTESIAN_POINT('Origin',(16.7,14.428233519466,4.6));
#19837=CARTESIAN_POINT('Origin',(17.7,20.6,3.8));
#19838=CARTESIAN_POINT('Origin',(51.2,20.6,2.));
#19839=CARTESIAN_POINT('Origin',(56.2,19.7,5.));
#19840=CARTESIAN_POINT('Origin',(54.7,3.5,5.));
#19841=CARTESIAN_POINT('Origin',(52.7,2.6,5.));
#19842=CARTESIAN_POINT('Origin',(3.49999999999999,0.,0.));
#19843=CARTESIAN_POINT('',(3.49999999999999,5.60000000000001,0.));
#19844=CARTESIAN_POINT('',(3.49999999999999,0.,0.));
#19845=CARTESIAN_POINT('',(3.49999999999999,5.60000000000001,0.));
#19846=CARTESIAN_POINT('Origin',(8.8,1.01770443923973E-14,0.));
#19847=CARTESIAN_POINT('',(8.8,5.6,0.));
#19848=CARTESIAN_POINT('',(8.8,5.6,0.));
#19849=CARTESIAN_POINT('',(8.8,1.01770443923973E-14,0.));
#19850=CARTESIAN_POINT('Origin',(0.,5.6,0.));
#19851=CARTESIAN_POINT('',(7.5,5.6,0.));
#19852=CARTESIAN_POINT('',(0.,5.6,0.));
#19853=CARTESIAN_POINT('Origin',(0.,0.,0.));
#19854=CARTESIAN_POINT('Origin',(3.50000000000001,4.04768811061257E-15,
0.));
#19855=CARTESIAN_POINT('',(3.49999999999999,19.6,0.));
#19856=CARTESIAN_POINT('',(3.49999999999999,19.6,0.));
#19857=CARTESIAN_POINT('',(3.50000000000001,4.04768811061257E-15,0.));
#19858=CARTESIAN_POINT('Origin',(0.,19.6,0.));
#19859=CARTESIAN_POINT('',(7.50000000000001,19.6,5.6));
#19860=CARTESIAN_POINT('',(8.8,19.6,0.));
#19861=CARTESIAN_POINT('',(8.8,19.6,0.));
#19862=CARTESIAN_POINT('',(0.,19.6,0.));
#19863=CARTESIAN_POINT('Origin',(8.8,0.,0.));
#19864=CARTESIAN_POINT('',(8.8,0.,0.));
#19865=CARTESIAN_POINT('Origin',(0.,0.,0.));
#19866=CARTESIAN_POINT('Origin',(11.7,3.6,5.));
#19867=CARTESIAN_POINT('Origin',(11.7,21.6,5.6));
#19868=CARTESIAN_POINT('Origin',(7.5,3.6,5.));
#19869=CARTESIAN_POINT('Origin',(7.50000000000001,21.6,5.));
#19870=CARTESIAN_POINT('Origin',(56.2,6.5,5.));
#19871=CARTESIAN_POINT('Origin',(37.6,3.6,5.));
#19872=CARTESIAN_POINT('Origin',(17.6,3.6,2.));
#19873=CARTESIAN_POINT('Origin',(4.49999999999999,17.1,8.));
#19874=CARTESIAN_POINT('Origin',(4.49999999999999,17.1,7.60000000000001));
#19875=CARTESIAN_POINT('Origin',(7.8,17.1,8.));
#19876=CARTESIAN_POINT('Origin',(7.8,17.1,7.60000000000001));
#19877=CARTESIAN_POINT('Origin',(7.79999999999999,8.1,8.));
#19878=CARTESIAN_POINT('Origin',(7.79999999999999,8.1,7.60000000000001));
#19879=CARTESIAN_POINT('Origin',(4.49999999999999,8.1,8.));
#19880=CARTESIAN_POINT('Origin',(4.49999999999999,8.1,7.60000000000001));
#19881=CARTESIAN_POINT('Origin',(3.49999999999999,18.1,7.60000000000001));
#19882=CARTESIAN_POINT('',(3.49999999999999,8.1,7.60000000000001));
#19883=CARTESIAN_POINT('',(3.1,17.1,8.));
#19884=CARTESIAN_POINT('Origin',(4.49999999999999,17.1,8.));
#19885=CARTESIAN_POINT('',(4.49999999999999,18.5,8.));
#19886=CARTESIAN_POINT('Origin',(4.49999999999999,8.1,8.));
#19887=CARTESIAN_POINT('',(4.49999999999999,7.1,7.60000000000001));
#19888=CARTESIAN_POINT('Origin',(8.8,18.1,7.60000000000001));
#19889=CARTESIAN_POINT('',(7.8,18.5,8.));
#19890=CARTESIAN_POINT('Origin',(0.,6.70000000000001,8.));
#19891=CARTESIAN_POINT('',(7.79999999999999,7.1,7.60000000000001));
#19892=CARTESIAN_POINT('Origin',(7.8,17.1,8.));
#19893=CARTESIAN_POINT('',(9.19999999999999,17.1,8.));
#19894=CARTESIAN_POINT('Origin',(7.79999999999999,8.1,8.));
#19895=CARTESIAN_POINT('',(8.79999999999999,8.1,7.60000000000001));
#19896=CARTESIAN_POINT('Origin',(9.19999999999998,-1.45085963445333E-15,
8.));
#19897=CARTESIAN_POINT('Origin',(12.05,15.5,8.));
#19898=CARTESIAN_POINT('',(10.75,15.5,7.60000000000002));
#19899=CARTESIAN_POINT('',(13.75,15.5,8.));
#19900=CARTESIAN_POINT('Origin',(13.75,-4.11249099908293E-15,8.));
#19901=CARTESIAN_POINT('',(13.75,9.7,8.));
#19902=CARTESIAN_POINT('Origin',(10.75,15.5,7.60000000000002));
#19903=CARTESIAN_POINT('',(10.75,9.7,7.60000000000002));
#19904=CARTESIAN_POINT('Origin',(12.05,9.7,8.));
#19905=CARTESIAN_POINT('Origin',(19.1,19.2,8.));
#19906=CARTESIAN_POINT('',(14.6,19.2,7.60000000000001));
#19907=CARTESIAN_POINT('',(19.1,24.1,8.));
#19908=CARTESIAN_POINT('Origin',(14.6,23.7,7.60000000000001));
#19909=CARTESIAN_POINT('',(52.2,24.1,8.));
#19910=CARTESIAN_POINT('Origin',(14.6,23.7,7.60000000000001));
#19911=CARTESIAN_POINT('',(14.6,6.,7.60000000000001));
#19912=CARTESIAN_POINT('Origin',(52.2,19.2,8.));
#19913=CARTESIAN_POINT('',(57.1,19.2,8.));
#19914=CARTESIAN_POINT('Origin',(19.1,6.,8.));
#19915=CARTESIAN_POINT('',(19.1,1.5,7.60000000000001));
#19916=CARTESIAN_POINT('Origin',(56.7,23.7,7.60000000000001));
#19917=CARTESIAN_POINT('',(57.1,6.,8.));
#19918=CARTESIAN_POINT('Origin',(14.6,1.5,7.60000000000001));
#19919=CARTESIAN_POINT('',(52.2,1.5,7.60000000000001));
#19920=CARTESIAN_POINT('Origin',(52.2,6.,8.));
#19921=CARTESIAN_POINT('',(0.,0.,0.));
#19922=CARTESIAN_POINT('Origin',(1.,14.0577386304412,14.0450803041857));
#19923=CARTESIAN_POINT('',(1.,13.7327386304412,14.6079968166456));
#19924=CARTESIAN_POINT('',(1.,14.3827386304412,13.4821637917258));
#19925=CARTESIAN_POINT('Origin',(1.,14.0577386304412,14.0450803041857));
#19926=CARTESIAN_POINT('',(0.,13.7327386304412,14.6079968166456));
#19927=CARTESIAN_POINT('',(1.,13.7327386304412,14.6079968166456));
#19928=CARTESIAN_POINT('',(0.,14.3827386304412,13.4821637917258));
#19929=CARTESIAN_POINT('Origin',(0.,14.0577386304412,14.0450803041857));
#19930=CARTESIAN_POINT('',(1.,14.3827386304412,13.4821637917258));
#19931=CARTESIAN_POINT('Origin',(1.,10.9400471768172,14.0450803041857));
#19932=CARTESIAN_POINT('',(1.,10.6150471768153,13.4821637917178));
#19933=CARTESIAN_POINT('',(1.,11.265047176819,14.6079968166535));
#19934=CARTESIAN_POINT('Origin',(1.,10.9400471768172,14.0450803041857));
#19935=CARTESIAN_POINT('',(0.,10.6150471768153,13.4821637917178));
#19936=CARTESIAN_POINT('',(1.,10.6150471768153,13.4821637917178));
#19937=CARTESIAN_POINT('',(0.,11.265047176819,14.6079968166535));
#19938=CARTESIAN_POINT('Origin',(0.,10.9400471768172,14.0450803041857));
#19939=CARTESIAN_POINT('',(1.,11.265047176819,14.6079968166535));
#19940=CARTESIAN_POINT('Origin',(1.,14.0577386304412,18.0450803041851));
#19941=CARTESIAN_POINT('',(1.,13.7327386304412,18.607996816645));
#19942=CARTESIAN_POINT('',(1.,14.3827386304412,17.4821637917252));
#19943=CARTESIAN_POINT('Origin',(1.,14.0577386304412,18.0450803041851));
#19944=CARTESIAN_POINT('',(0.,13.7327386304412,18.607996816645));
#19945=CARTESIAN_POINT('',(1.,13.7327386304412,18.607996816645));
#19946=CARTESIAN_POINT('',(0.,14.3827386304412,17.4821637917252));
#19947=CARTESIAN_POINT('Origin',(0.,14.0577386304412,18.0450803041851));
#19948=CARTESIAN_POINT('',(1.,14.3827386304412,17.4821637917252));
#19949=CARTESIAN_POINT('Origin',(1.,10.9400471768172,18.0450803041851));
#19950=CARTESIAN_POINT('',(1.,10.6150471768153,17.4821637917173));
#19951=CARTESIAN_POINT('',(1.,11.265047176819,18.607996816653));
#19952=CARTESIAN_POINT('Origin',(1.,10.9400471768172,18.0450803041851));
#19953=CARTESIAN_POINT('',(0.,10.6150471768153,17.4821637917173));
#19954=CARTESIAN_POINT('',(1.,10.6150471768153,17.4821637917173));
#19955=CARTESIAN_POINT('',(0.,11.265047176819,18.607996816653));
#19956=CARTESIAN_POINT('Origin',(0.,10.9400471768172,18.0450803041851));
#19957=CARTESIAN_POINT('',(1.,11.265047176819,18.607996816653));
#19958=CARTESIAN_POINT('Origin',(1.,14.0577386304412,22.0450803041846));
#19959=CARTESIAN_POINT('',(1.,13.7327386304412,22.6079968166445));
#19960=CARTESIAN_POINT('',(1.,14.3827386304412,21.4821637917247));
#19961=CARTESIAN_POINT('Origin',(1.,14.0577386304412,22.0450803041846));
#19962=CARTESIAN_POINT('',(0.,13.7327386304412,22.6079968166445));
#19963=CARTESIAN_POINT('',(1.,13.7327386304412,22.6079968166445));
#19964=CARTESIAN_POINT('',(0.,14.3827386304412,21.4821637917247));
#19965=CARTESIAN_POINT('Origin',(0.,14.0577386304412,22.0450803041846));
#19966=CARTESIAN_POINT('',(1.,14.3827386304412,21.4821637917247));
#19967=CARTESIAN_POINT('Origin',(1.,10.9400471768172,22.0450803041846));
#19968=CARTESIAN_POINT('',(1.,10.6150471768153,21.4821637917168));
#19969=CARTESIAN_POINT('',(1.,11.265047176819,22.6079968166524));
#19970=CARTESIAN_POINT('Origin',(1.,10.9400471768172,22.0450803041846));
#19971=CARTESIAN_POINT('',(0.,10.6150471768153,21.4821637917168));
#19972=CARTESIAN_POINT('',(1.,10.6150471768153,21.4821637917168));
#19973=CARTESIAN_POINT('',(0.,11.265047176819,22.6079968166524));
#19974=CARTESIAN_POINT('Origin',(0.,10.9400471768172,22.0450803041846));
#19975=CARTESIAN_POINT('',(1.,11.265047176819,22.6079968166524));
#19976=CARTESIAN_POINT('Origin',(1.,14.0577386304412,26.045080304184));
#19977=CARTESIAN_POINT('',(1.,13.7327386304412,26.6079968166439));
#19978=CARTESIAN_POINT('',(1.,14.3827386304412,25.4821637917241));
#19979=CARTESIAN_POINT('Origin',(1.,14.0577386304412,26.045080304184));
#19980=CARTESIAN_POINT('',(0.,13.7327386304412,26.6079968166439));
#19981=CARTESIAN_POINT('',(1.,13.7327386304412,26.6079968166439));
#19982=CARTESIAN_POINT('',(0.,14.3827386304412,25.4821637917241));
#19983=CARTESIAN_POINT('Origin',(0.,14.0577386304412,26.045080304184));
#19984=CARTESIAN_POINT('',(1.,14.3827386304412,25.4821637917241));
#19985=CARTESIAN_POINT('Origin',(1.,10.9400471768172,26.045080304184));
#19986=CARTESIAN_POINT('',(1.,10.6150471768153,25.4821637917162));
#19987=CARTESIAN_POINT('',(1.,11.265047176819,26.6079968166519));
#19988=CARTESIAN_POINT('Origin',(1.,10.9400471768172,26.045080304184));
#19989=CARTESIAN_POINT('',(0.,10.6150471768153,25.4821637917162));
#19990=CARTESIAN_POINT('',(1.,10.6150471768153,25.4821637917162));
#19991=CARTESIAN_POINT('',(0.,11.265047176819,26.6079968166519));
#19992=CARTESIAN_POINT('Origin',(0.,10.9400471768172,26.045080304184));
#19993=CARTESIAN_POINT('',(1.,11.265047176819,26.6079968166519));
#19994=CARTESIAN_POINT('Origin',(1.,14.0577386304412,30.0450803041835));
#19995=CARTESIAN_POINT('',(1.,13.7327386304412,30.6079968166434));
#19996=CARTESIAN_POINT('',(1.,14.3827386304412,29.4821637917236));
#19997=CARTESIAN_POINT('Origin',(1.,14.0577386304412,30.0450803041835));
#19998=CARTESIAN_POINT('',(0.,13.7327386304412,30.6079968166434));
#19999=CARTESIAN_POINT('',(1.,13.7327386304412,30.6079968166434));
#20000=CARTESIAN_POINT('',(0.,14.3827386304412,29.4821637917236));
#20001=CARTESIAN_POINT('Origin',(0.,14.0577386304412,30.0450803041835));
#20002=CARTESIAN_POINT('',(1.,14.3827386304412,29.4821637917236));
#20003=CARTESIAN_POINT('Origin',(1.,10.9400471768172,30.0450803041835));
#20004=CARTESIAN_POINT('',(1.,10.6150471768153,29.4821637917157));
#20005=CARTESIAN_POINT('',(1.,11.265047176819,30.6079968166513));
#20006=CARTESIAN_POINT('Origin',(1.,10.9400471768172,30.0450803041835));
#20007=CARTESIAN_POINT('',(0.,10.6150471768153,29.4821637917157));
#20008=CARTESIAN_POINT('',(1.,10.6150471768153,29.4821637917157));
#20009=CARTESIAN_POINT('',(0.,11.265047176819,30.6079968166513));
#20010=CARTESIAN_POINT('Origin',(0.,10.9400471768172,30.0450803041835));
#20011=CARTESIAN_POINT('',(1.,11.265047176819,30.6079968166513));
#20012=CARTESIAN_POINT('Origin',(1.,17.5218402455788,20.045080304185));
#20013=CARTESIAN_POINT('',(1.,17.1968402455788,20.6079968166449));
#20014=CARTESIAN_POINT('',(1.,17.8468402455788,19.4821637917251));
#20015=CARTESIAN_POINT('Origin',(1.,17.5218402455788,20.045080304185));
#20016=CARTESIAN_POINT('',(0.,17.1968402455788,20.6079968166449));
#20017=CARTESIAN_POINT('',(1.,17.1968402455788,20.6079968166449));
#20018=CARTESIAN_POINT('',(0.,17.8468402455788,19.4821637917251));
#20019=CARTESIAN_POINT('Origin',(0.,17.5218402455788,20.045080304185));
#20020=CARTESIAN_POINT('',(1.,17.8468402455788,19.4821637917251));
#20021=CARTESIAN_POINT('Origin',(1.,14.4041487919548,20.045080304185));
#20022=CARTESIAN_POINT('',(1.,14.0791487919529,19.4821637917172));
#20023=CARTESIAN_POINT('',(1.,14.7291487919566,20.6079968166529));
#20024=CARTESIAN_POINT('Origin',(1.,14.4041487919548,20.045080304185));
#20025=CARTESIAN_POINT('',(0.,14.0791487919529,19.4821637917172));
#20026=CARTESIAN_POINT('',(1.,14.0791487919529,19.4821637917172));
#20027=CARTESIAN_POINT('',(0.,14.7291487919566,20.6079968166529));
#20028=CARTESIAN_POINT('Origin',(0.,14.4041487919548,20.045080304185));
#20029=CARTESIAN_POINT('',(1.,14.7291487919566,20.6079968166529));
#20030=CARTESIAN_POINT('Origin',(1.,17.5218402455788,24.0450803041845));
#20031=CARTESIAN_POINT('',(1.,17.1968402455788,24.6079968166444));
#20032=CARTESIAN_POINT('',(1.,17.8468402455788,23.4821637917246));
#20033=CARTESIAN_POINT('Origin',(1.,17.5218402455788,24.0450803041845));
#20034=CARTESIAN_POINT('',(0.,17.1968402455788,24.6079968166444));
#20035=CARTESIAN_POINT('',(1.,17.1968402455788,24.6079968166444));
#20036=CARTESIAN_POINT('',(0.,17.8468402455788,23.4821637917246));
#20037=CARTESIAN_POINT('Origin',(0.,17.5218402455788,24.0450803041845));
#20038=CARTESIAN_POINT('',(1.,17.8468402455788,23.4821637917246));
#20039=CARTESIAN_POINT('Origin',(1.,14.4041487919548,24.0450803041845));
#20040=CARTESIAN_POINT('',(1.,14.0791487919529,23.4821637917167));
#20041=CARTESIAN_POINT('',(1.,14.7291487919566,24.6079968166523));
#20042=CARTESIAN_POINT('Origin',(1.,14.4041487919548,24.0450803041845));
#20043=CARTESIAN_POINT('',(0.,14.0791487919529,23.4821637917167));
#20044=CARTESIAN_POINT('',(1.,14.0791487919529,23.4821637917167));
#20045=CARTESIAN_POINT('',(0.,14.7291487919566,24.6079968166523));
#20046=CARTESIAN_POINT('Origin',(0.,14.4041487919548,24.0450803041845));
#20047=CARTESIAN_POINT('',(1.,14.7291487919566,24.6079968166523));
#20048=CARTESIAN_POINT('Origin',(1.,17.5218402455788,28.0450803041839));
#20049=CARTESIAN_POINT('',(1.,17.1968402455788,28.6079968166438));
#20050=CARTESIAN_POINT('',(1.,17.8468402455788,27.4821637917241));
#20051=CARTESIAN_POINT('Origin',(1.,17.5218402455788,28.0450803041839));
#20052=CARTESIAN_POINT('',(0.,17.1968402455788,28.6079968166438));
#20053=CARTESIAN_POINT('',(1.,17.1968402455788,28.6079968166438));
#20054=CARTESIAN_POINT('',(0.,17.8468402455788,27.4821637917241));
#20055=CARTESIAN_POINT('Origin',(0.,17.5218402455788,28.0450803041839));
#20056=CARTESIAN_POINT('',(1.,17.8468402455788,27.4821637917241));
#20057=CARTESIAN_POINT('Origin',(1.,14.4041487919548,28.0450803041839));
#20058=CARTESIAN_POINT('',(1.,14.0791487919529,27.4821637917161));
#20059=CARTESIAN_POINT('',(1.,14.7291487919566,28.6079968166518));
#20060=CARTESIAN_POINT('Origin',(1.,14.4041487919548,28.0450803041839));
#20061=CARTESIAN_POINT('',(0.,14.0791487919529,27.4821637917161));
#20062=CARTESIAN_POINT('',(1.,14.0791487919529,27.4821637917161));
#20063=CARTESIAN_POINT('',(0.,14.7291487919566,28.6079968166518));
#20064=CARTESIAN_POINT('Origin',(0.,14.4041487919548,28.0450803041839));
#20065=CARTESIAN_POINT('',(1.,14.7291487919566,28.6079968166518));
#20066=CARTESIAN_POINT('Origin',(1.,20.9859418607164,22.0450803041853));
#20067=CARTESIAN_POINT('',(1.,20.6609418607164,22.6079968166452));
#20068=CARTESIAN_POINT('',(1.,21.3109418607164,21.4821637917254));
#20069=CARTESIAN_POINT('Origin',(1.,20.9859418607164,22.0450803041853));
#20070=CARTESIAN_POINT('',(0.,20.6609418607164,22.6079968166452));
#20071=CARTESIAN_POINT('',(1.,20.6609418607164,22.6079968166452));
#20072=CARTESIAN_POINT('',(0.,21.3109418607164,21.4821637917254));
#20073=CARTESIAN_POINT('Origin',(0.,20.9859418607164,22.0450803041853));
#20074=CARTESIAN_POINT('',(1.,21.3109418607164,21.4821637917254));
#20075=CARTESIAN_POINT('Origin',(1.,17.8682504070924,22.0450803041853));
#20076=CARTESIAN_POINT('',(1.,17.5432504070905,21.4821637917171));
#20077=CARTESIAN_POINT('',(1.,18.1932504070942,22.6079968166528));
#20078=CARTESIAN_POINT('Origin',(1.,17.8682504070924,22.0450803041853));
#20079=CARTESIAN_POINT('',(0.,17.5432504070905,21.4821637917171));
#20080=CARTESIAN_POINT('',(1.,17.5432504070905,21.4821637917171));
#20081=CARTESIAN_POINT('',(0.,18.1932504070942,22.6079968166528));
#20082=CARTESIAN_POINT('Origin',(0.,17.8682504070924,22.0450803041853));
#20083=CARTESIAN_POINT('',(1.,18.1932504070942,22.6079968166528));
#20084=CARTESIAN_POINT('Origin',(1.,20.9859418607164,26.0450803041844));
#20085=CARTESIAN_POINT('',(1.,20.6609418607164,26.6079968166443));
#20086=CARTESIAN_POINT('',(1.,21.3109418607164,25.4821637917245));
#20087=CARTESIAN_POINT('Origin',(1.,20.9859418607164,26.0450803041844));
#20088=CARTESIAN_POINT('',(0.,20.6609418607164,26.6079968166443));
#20089=CARTESIAN_POINT('',(1.,20.6609418607164,26.6079968166443));
#20090=CARTESIAN_POINT('',(0.,21.3109418607164,25.4821637917245));
#20091=CARTESIAN_POINT('Origin',(0.,20.9859418607164,26.0450803041844));
#20092=CARTESIAN_POINT('',(1.,21.3109418607164,25.4821637917245));
#20093=CARTESIAN_POINT('Origin',(1.,17.8682504070924,26.0450803041844));
#20094=CARTESIAN_POINT('',(1.,17.5432504070905,25.4821637917166));
#20095=CARTESIAN_POINT('',(1.,18.1932504070942,26.6079968166522));
#20096=CARTESIAN_POINT('Origin',(1.,17.8682504070924,26.0450803041844));
#20097=CARTESIAN_POINT('',(0.,17.5432504070905,25.4821637917166));
#20098=CARTESIAN_POINT('',(1.,17.5432504070905,25.4821637917166));
#20099=CARTESIAN_POINT('',(0.,18.1932504070942,26.6079968166522));
#20100=CARTESIAN_POINT('Origin',(0.,17.8682504070924,26.0450803041844));
#20101=CARTESIAN_POINT('',(1.,18.1932504070942,26.6079968166522));
#20102=CARTESIAN_POINT('Origin',(1.,20.9859418607164,30.0450803041839));
#20103=CARTESIAN_POINT('',(1.,20.6609418607164,30.6079968166437));
#20104=CARTESIAN_POINT('',(1.,21.3109418607164,29.482163791724));
#20105=CARTESIAN_POINT('Origin',(1.,20.9859418607164,30.0450803041839));
#20106=CARTESIAN_POINT('',(0.,20.6609418607164,30.6079968166437));
#20107=CARTESIAN_POINT('',(1.,20.6609418607164,30.6079968166437));
#20108=CARTESIAN_POINT('',(0.,21.3109418607164,29.482163791724));
#20109=CARTESIAN_POINT('Origin',(0.,20.9859418607164,30.0450803041839));
#20110=CARTESIAN_POINT('',(1.,21.3109418607164,29.482163791724));
#20111=CARTESIAN_POINT('Origin',(1.,17.8682504070924,30.0450803041839));
#20112=CARTESIAN_POINT('',(1.,17.5432504070905,29.482163791716));
#20113=CARTESIAN_POINT('',(1.,18.1932504070942,30.6079968166517));
#20114=CARTESIAN_POINT('Origin',(1.,17.8682504070924,30.0450803041839));
#20115=CARTESIAN_POINT('',(0.,17.5432504070905,29.482163791716));
#20116=CARTESIAN_POINT('',(1.,17.5432504070905,29.482163791716));
#20117=CARTESIAN_POINT('',(0.,18.1932504070942,30.6079968166517));
#20118=CARTESIAN_POINT('Origin',(0.,17.8682504070924,30.0450803041839));
#20119=CARTESIAN_POINT('',(1.,18.1932504070942,30.6079968166517));
#20120=CARTESIAN_POINT('Origin',(1.,17.5218402455789,16.0450803041857));
#20121=CARTESIAN_POINT('',(1.,17.1968402455789,16.6079968166456));
#20122=CARTESIAN_POINT('',(1.,17.8468402455789,15.4821637917258));
#20123=CARTESIAN_POINT('Origin',(1.,17.5218402455789,16.0450803041857));
#20124=CARTESIAN_POINT('',(0.,17.1968402455789,16.6079968166456));
#20125=CARTESIAN_POINT('',(1.,17.1968402455789,16.6079968166456));
#20126=CARTESIAN_POINT('',(0.,17.8468402455789,15.4821637917258));
#20127=CARTESIAN_POINT('Origin',(0.,17.5218402455789,16.0450803041857));
#20128=CARTESIAN_POINT('',(1.,17.8468402455789,15.4821637917258));
#20129=CARTESIAN_POINT('Origin',(1.,14.4041487919549,16.0450803041857));
#20130=CARTESIAN_POINT('',(1.,14.0791487919529,15.4821637917178));
#20131=CARTESIAN_POINT('',(1.,14.7291487919566,16.6079968166534));
#20132=CARTESIAN_POINT('Origin',(1.,14.4041487919549,16.0450803041857));
#20133=CARTESIAN_POINT('',(0.,14.0791487919529,15.4821637917178));
#20134=CARTESIAN_POINT('',(1.,14.0791487919529,15.4821637917178));
#20135=CARTESIAN_POINT('',(0.,14.7291487919566,16.6079968166534));
#20136=CARTESIAN_POINT('Origin',(0.,14.4041487919549,16.0450803041857));
#20137=CARTESIAN_POINT('',(1.,14.7291487919566,16.6079968166534));
#20138=CARTESIAN_POINT('Origin',(1.,20.9859418607167,18.0450803041857));
#20139=CARTESIAN_POINT('',(1.,20.6609418607167,18.6079968166456));
#20140=CARTESIAN_POINT('',(1.,21.3109418607167,17.4821637917258));
#20141=CARTESIAN_POINT('Origin',(1.,20.9859418607167,18.0450803041857));
#20142=CARTESIAN_POINT('',(0.,20.6609418607167,18.6079968166456));
#20143=CARTESIAN_POINT('',(1.,20.6609418607167,18.6079968166456));
#20144=CARTESIAN_POINT('',(0.,21.3109418607167,17.4821637917258));
#20145=CARTESIAN_POINT('Origin',(0.,20.9859418607167,18.0450803041857));
#20146=CARTESIAN_POINT('',(1.,21.3109418607167,17.4821637917258));
#20147=CARTESIAN_POINT('Origin',(1.,17.8682504070927,18.0450803041857));
#20148=CARTESIAN_POINT('',(1.,17.5432504070905,17.4821637917177));
#20149=CARTESIAN_POINT('',(1.,18.1932504070942,18.6079968166533));
#20150=CARTESIAN_POINT('Origin',(1.,17.8682504070927,18.0450803041857));
#20151=CARTESIAN_POINT('',(0.,17.5432504070905,17.4821637917177));
#20152=CARTESIAN_POINT('',(1.,17.5432504070905,17.4821637917177));
#20153=CARTESIAN_POINT('',(0.,18.1932504070942,18.6079968166533));
#20154=CARTESIAN_POINT('Origin',(0.,17.8682504070927,18.0450803041857));
#20155=CARTESIAN_POINT('',(1.,18.1932504070942,18.6079968166533));
#20156=CARTESIAN_POINT('Origin',(1.,10.5936370153038,16.0450803041855));
#20157=CARTESIAN_POINT('',(1.,10.2686370153038,16.6079968166453));
#20158=CARTESIAN_POINT('',(1.,10.9186370153038,15.4821637917256));
#20159=CARTESIAN_POINT('Origin',(1.,10.5936370153038,16.0450803041855));
#20160=CARTESIAN_POINT('',(0.,10.2686370153038,16.6079968166453));
#20161=CARTESIAN_POINT('',(1.,10.2686370153038,16.6079968166453));
#20162=CARTESIAN_POINT('',(0.,10.9186370153038,15.4821637917256));
#20163=CARTESIAN_POINT('Origin',(0.,10.5936370153038,16.0450803041855));
#20164=CARTESIAN_POINT('',(1.,10.9186370153038,15.4821637917256));
#20165=CARTESIAN_POINT('Origin',(1.,7.47594556167982,16.0450803041855));
#20166=CARTESIAN_POINT('',(1.,7.15094556167798,15.4821637917176));
#20167=CARTESIAN_POINT('',(1.,7.80094556168166,16.6079968166533));
#20168=CARTESIAN_POINT('Origin',(1.,7.47594556167982,16.0450803041855));
#20169=CARTESIAN_POINT('',(0.,7.15094556167798,15.4821637917176));
#20170=CARTESIAN_POINT('',(1.,7.15094556167798,15.4821637917176));
#20171=CARTESIAN_POINT('',(0.,7.80094556168166,16.6079968166533));
#20172=CARTESIAN_POINT('Origin',(0.,7.47594556167982,16.0450803041855));
#20173=CARTESIAN_POINT('',(1.,7.80094556168166,16.6079968166533));
#20174=CARTESIAN_POINT('Origin',(1.,10.5936370153038,20.0450803041849));
#20175=CARTESIAN_POINT('',(1.,10.2686370153038,20.6079968166448));
#20176=CARTESIAN_POINT('',(1.,10.9186370153038,19.482163791725));
#20177=CARTESIAN_POINT('Origin',(1.,10.5936370153038,20.0450803041849));
#20178=CARTESIAN_POINT('',(0.,10.2686370153038,20.6079968166448));
#20179=CARTESIAN_POINT('',(1.,10.2686370153038,20.6079968166448));
#20180=CARTESIAN_POINT('',(0.,10.9186370153038,19.482163791725));
#20181=CARTESIAN_POINT('Origin',(0.,10.5936370153038,20.0450803041849));
#20182=CARTESIAN_POINT('',(1.,10.9186370153038,19.482163791725));
#20183=CARTESIAN_POINT('Origin',(1.,7.47594556167982,20.0450803041849));
#20184=CARTESIAN_POINT('',(1.,7.15094556167798,19.4821637917171));
#20185=CARTESIAN_POINT('',(1.,7.80094556168166,20.6079968166527));
#20186=CARTESIAN_POINT('Origin',(1.,7.47594556167982,20.0450803041849));
#20187=CARTESIAN_POINT('',(0.,7.15094556167798,19.4821637917171));
#20188=CARTESIAN_POINT('',(1.,7.15094556167798,19.4821637917171));
#20189=CARTESIAN_POINT('',(0.,7.80094556168166,20.6079968166527));
#20190=CARTESIAN_POINT('Origin',(0.,7.47594556167982,20.0450803041849));
#20191=CARTESIAN_POINT('',(1.,7.80094556168166,20.6079968166527));
#20192=CARTESIAN_POINT('Origin',(1.,10.5936370153038,24.0450803041844));
#20193=CARTESIAN_POINT('',(1.,10.2686370153038,24.6079968166442));
#20194=CARTESIAN_POINT('',(1.,10.9186370153038,23.4821637917245));
#20195=CARTESIAN_POINT('Origin',(1.,10.5936370153038,24.0450803041844));
#20196=CARTESIAN_POINT('',(0.,10.2686370153038,24.6079968166442));
#20197=CARTESIAN_POINT('',(1.,10.2686370153038,24.6079968166442));
#20198=CARTESIAN_POINT('',(0.,10.9186370153038,23.4821637917245));
#20199=CARTESIAN_POINT('Origin',(0.,10.5936370153038,24.0450803041844));
#20200=CARTESIAN_POINT('',(1.,10.9186370153038,23.4821637917245));
#20201=CARTESIAN_POINT('Origin',(1.,7.47594556167982,24.0450803041844));
#20202=CARTESIAN_POINT('',(1.,7.15094556167798,23.4821637917165));
#20203=CARTESIAN_POINT('',(1.,7.80094556168166,24.6079968166522));
#20204=CARTESIAN_POINT('Origin',(1.,7.47594556167982,24.0450803041844));
#20205=CARTESIAN_POINT('',(0.,7.15094556167798,23.4821637917165));
#20206=CARTESIAN_POINT('',(1.,7.15094556167798,23.4821637917165));
#20207=CARTESIAN_POINT('',(0.,7.80094556168166,24.6079968166522));
#20208=CARTESIAN_POINT('Origin',(0.,7.47594556167982,24.0450803041844));
#20209=CARTESIAN_POINT('',(1.,7.80094556168166,24.6079968166522));
#20210=CARTESIAN_POINT('Origin',(1.,10.5936370153038,28.0450803041838));
#20211=CARTESIAN_POINT('',(1.,10.2686370153038,28.6079968166437));
#20212=CARTESIAN_POINT('',(1.,10.9186370153038,27.4821637917239));
#20213=CARTESIAN_POINT('Origin',(1.,10.5936370153038,28.0450803041838));
#20214=CARTESIAN_POINT('',(0.,10.2686370153038,28.6079968166437));
#20215=CARTESIAN_POINT('',(1.,10.2686370153038,28.6079968166437));
#20216=CARTESIAN_POINT('',(0.,10.9186370153038,27.4821637917239));
#20217=CARTESIAN_POINT('Origin',(0.,10.5936370153038,28.0450803041838));
#20218=CARTESIAN_POINT('',(1.,10.9186370153038,27.4821637917239));
#20219=CARTESIAN_POINT('Origin',(1.,7.47594556167982,28.0450803041838));
#20220=CARTESIAN_POINT('',(1.,7.15094556167798,27.482163791716));
#20221=CARTESIAN_POINT('',(1.,7.80094556168166,28.6079968166516));
#20222=CARTESIAN_POINT('Origin',(1.,7.47594556167982,28.0450803041838));
#20223=CARTESIAN_POINT('',(0.,7.15094556167798,27.482163791716));
#20224=CARTESIAN_POINT('',(1.,7.15094556167798,27.482163791716));
#20225=CARTESIAN_POINT('',(0.,7.80094556168166,28.6079968166516));
#20226=CARTESIAN_POINT('Origin',(0.,7.47594556167982,28.0450803041838));
#20227=CARTESIAN_POINT('',(1.,7.80094556168166,28.6079968166516));
#20228=CARTESIAN_POINT('Origin',(1.,7.12953540016643,18.0450803041852));
#20229=CARTESIAN_POINT('',(1.,6.80453540016643,18.6079968166451));
#20230=CARTESIAN_POINT('',(1.,7.45453540016642,17.4821637917254));
#20231=CARTESIAN_POINT('Origin',(1.,7.12953540016643,18.0450803041852));
#20232=CARTESIAN_POINT('',(0.,6.80453540016643,18.6079968166451));
#20233=CARTESIAN_POINT('',(1.,6.80453540016643,18.6079968166451));
#20234=CARTESIAN_POINT('',(0.,7.45453540016642,17.4821637917254));
#20235=CARTESIAN_POINT('Origin',(0.,7.12953540016643,18.0450803041852));
#20236=CARTESIAN_POINT('',(1.,7.45453540016642,17.4821637917254));
#20237=CARTESIAN_POINT('Origin',(1.,4.01184394654245,18.0450803041852));
#20238=CARTESIAN_POINT('',(1.,3.68684394654061,17.4821637917174));
#20239=CARTESIAN_POINT('',(1.,4.33684394654429,18.6079968166531));
#20240=CARTESIAN_POINT('Origin',(1.,4.01184394654245,18.0450803041852));
#20241=CARTESIAN_POINT('',(0.,3.68684394654061,17.4821637917174));
#20242=CARTESIAN_POINT('',(1.,3.68684394654061,17.4821637917174));
#20243=CARTESIAN_POINT('',(0.,4.33684394654429,18.6079968166531));
#20244=CARTESIAN_POINT('Origin',(0.,4.01184394654245,18.0450803041852));
#20245=CARTESIAN_POINT('',(1.,4.33684394654429,18.6079968166531));
#20246=CARTESIAN_POINT('Origin',(1.,7.12953540016643,22.0450803041847));
#20247=CARTESIAN_POINT('',(1.,6.80453540016643,22.6079968166446));
#20248=CARTESIAN_POINT('',(1.,7.45453540016642,21.4821637917248));
#20249=CARTESIAN_POINT('Origin',(1.,7.12953540016643,22.0450803041847));
#20250=CARTESIAN_POINT('',(0.,6.80453540016643,22.6079968166446));
#20251=CARTESIAN_POINT('',(1.,6.80453540016643,22.6079968166446));
#20252=CARTESIAN_POINT('',(0.,7.45453540016642,21.4821637917248));
#20253=CARTESIAN_POINT('Origin',(0.,7.12953540016643,22.0450803041847));
#20254=CARTESIAN_POINT('',(1.,7.45453540016642,21.4821637917248));
#20255=CARTESIAN_POINT('Origin',(1.,4.01184394654245,22.0450803041847));
#20256=CARTESIAN_POINT('',(1.,3.68684394654061,21.4821637917169));
#20257=CARTESIAN_POINT('',(1.,4.33684394654429,22.6079968166525));
#20258=CARTESIAN_POINT('Origin',(1.,4.01184394654245,22.0450803041847));
#20259=CARTESIAN_POINT('',(0.,3.68684394654061,21.4821637917169));
#20260=CARTESIAN_POINT('',(1.,3.68684394654061,21.4821637917169));
#20261=CARTESIAN_POINT('',(0.,4.33684394654429,22.6079968166525));
#20262=CARTESIAN_POINT('Origin',(0.,4.01184394654245,22.0450803041847));
#20263=CARTESIAN_POINT('',(1.,4.33684394654429,22.6079968166525));
#20264=CARTESIAN_POINT('Origin',(1.,7.12953540016643,26.0450803041841));
#20265=CARTESIAN_POINT('',(1.,6.80453540016643,26.607996816644));
#20266=CARTESIAN_POINT('',(1.,7.45453540016642,25.4821637917243));
#20267=CARTESIAN_POINT('Origin',(1.,7.12953540016643,26.0450803041841));
#20268=CARTESIAN_POINT('',(0.,6.80453540016643,26.607996816644));
#20269=CARTESIAN_POINT('',(1.,6.80453540016643,26.607996816644));
#20270=CARTESIAN_POINT('',(0.,7.45453540016642,25.4821637917243));
#20271=CARTESIAN_POINT('Origin',(0.,7.12953540016643,26.0450803041841));
#20272=CARTESIAN_POINT('',(1.,7.45453540016642,25.4821637917243));
#20273=CARTESIAN_POINT('Origin',(1.,4.01184394654245,26.0450803041841));
#20274=CARTESIAN_POINT('',(1.,3.68684394654061,25.4821637917163));
#20275=CARTESIAN_POINT('',(1.,4.33684394654429,26.607996816652));
#20276=CARTESIAN_POINT('Origin',(1.,4.01184394654245,26.0450803041841));
#20277=CARTESIAN_POINT('',(0.,3.68684394654061,25.4821637917163));
#20278=CARTESIAN_POINT('',(1.,3.68684394654061,25.4821637917163));
#20279=CARTESIAN_POINT('',(0.,4.33684394654429,26.607996816652));
#20280=CARTESIAN_POINT('Origin',(0.,4.01184394654245,26.0450803041841));
#20281=CARTESIAN_POINT('',(1.,4.33684394654429,26.607996816652));
#20282=CARTESIAN_POINT('Origin',(1.,7.12953540016643,30.0450803041836));
#20283=CARTESIAN_POINT('',(1.,6.80453540016643,30.6079968166435));
#20284=CARTESIAN_POINT('',(1.,7.45453540016642,29.4821637917237));
#20285=CARTESIAN_POINT('Origin',(1.,7.12953540016643,30.0450803041836));
#20286=CARTESIAN_POINT('',(0.,6.80453540016643,30.6079968166435));
#20287=CARTESIAN_POINT('',(1.,6.80453540016643,30.6079968166435));
#20288=CARTESIAN_POINT('',(0.,7.45453540016642,29.4821637917237));
#20289=CARTESIAN_POINT('Origin',(0.,7.12953540016643,30.0450803041836));
#20290=CARTESIAN_POINT('',(1.,7.45453540016642,29.4821637917237));
#20291=CARTESIAN_POINT('Origin',(1.,4.01184394654245,30.0450803041836));
#20292=CARTESIAN_POINT('',(1.,3.68684394654061,29.4821637917158));
#20293=CARTESIAN_POINT('',(1.,4.33684394654429,30.6079968166514));
#20294=CARTESIAN_POINT('Origin',(1.,4.01184394654245,30.0450803041836));
#20295=CARTESIAN_POINT('',(0.,3.68684394654061,29.4821637917158));
#20296=CARTESIAN_POINT('',(1.,3.68684394654061,29.4821637917158));
#20297=CARTESIAN_POINT('',(0.,4.33684394654429,30.6079968166514));
#20298=CARTESIAN_POINT('Origin',(0.,4.01184394654245,30.0450803041836));
#20299=CARTESIAN_POINT('',(1.,4.33684394654429,30.6079968166514));
#20300=CARTESIAN_POINT('Origin',(1.,20.9859418607167,14.0450803041857));
#20301=CARTESIAN_POINT('',(1.,20.6609418607167,14.6079968166456));
#20302=CARTESIAN_POINT('',(1.,21.3109418607167,13.4821637917258));
#20303=CARTESIAN_POINT('Origin',(1.,20.9859418607167,14.0450803041857));
#20304=CARTESIAN_POINT('',(0.,20.6609418607167,14.6079968166456));
#20305=CARTESIAN_POINT('',(1.,20.6609418607167,14.6079968166456));
#20306=CARTESIAN_POINT('',(0.,21.3109418607167,13.4821637917258));
#20307=CARTESIAN_POINT('Origin',(0.,20.9859418607167,14.0450803041857));
#20308=CARTESIAN_POINT('',(1.,21.3109418607167,13.4821637917258));
#20309=CARTESIAN_POINT('Origin',(1.,17.8682504070927,14.0450803041857));
#20310=CARTESIAN_POINT('',(1.,17.5432504070907,13.4821637917178));
#20311=CARTESIAN_POINT('',(1.,18.1932504070944,14.6079968166534));
#20312=CARTESIAN_POINT('Origin',(1.,17.8682504070927,14.0450803041857));
#20313=CARTESIAN_POINT('',(0.,17.5432504070907,13.4821637917178));
#20314=CARTESIAN_POINT('',(1.,17.5432504070907,13.4821637917178));
#20315=CARTESIAN_POINT('',(0.,18.1932504070944,14.6079968166534));
#20316=CARTESIAN_POINT('Origin',(0.,17.8682504070927,14.0450803041857));
#20317=CARTESIAN_POINT('',(1.,18.1932504070944,14.6079968166534));
#20318=CARTESIAN_POINT('Origin',(1.,7.12953540016604,14.0450803041855));
#20319=CARTESIAN_POINT('',(1.,6.80453540016605,14.6079968166453));
#20320=CARTESIAN_POINT('',(1.,7.45453540016604,13.4821637917256));
#20321=CARTESIAN_POINT('Origin',(1.,7.12953540016604,14.0450803041855));
#20322=CARTESIAN_POINT('',(0.,6.80453540016605,14.6079968166453));
#20323=CARTESIAN_POINT('',(1.,6.80453540016605,14.6079968166453));
#20324=CARTESIAN_POINT('',(0.,7.45453540016604,13.4821637917256));
#20325=CARTESIAN_POINT('Origin',(0.,7.12953540016604,14.0450803041855));
#20326=CARTESIAN_POINT('',(1.,7.45453540016604,13.4821637917256));
#20327=CARTESIAN_POINT('Origin',(1.,4.01184394654206,14.0450803041855));
#20328=CARTESIAN_POINT('',(1.,3.68684394654022,13.4821637917176));
#20329=CARTESIAN_POINT('',(1.,4.33684394654391,14.6079968166533));
#20330=CARTESIAN_POINT('Origin',(1.,4.01184394654206,14.0450803041855));
#20331=CARTESIAN_POINT('',(0.,3.68684394654022,13.4821637917176));
#20332=CARTESIAN_POINT('',(1.,3.68684394654022,13.4821637917176));
#20333=CARTESIAN_POINT('',(0.,4.33684394654391,14.6079968166533));
#20334=CARTESIAN_POINT('Origin',(0.,4.01184394654206,14.0450803041855));
#20335=CARTESIAN_POINT('',(1.,4.33684394654391,14.6079968166533));
#20336=CARTESIAN_POINT('Origin',(1.,17.5218402455789,12.0450803041857));
#20337=CARTESIAN_POINT('',(1.,17.1968402455789,12.6079968166456));
#20338=CARTESIAN_POINT('',(1.,17.8468402455789,11.4821637917258));
#20339=CARTESIAN_POINT('Origin',(1.,17.5218402455789,12.0450803041857));
#20340=CARTESIAN_POINT('',(0.,17.1968402455789,12.6079968166456));
#20341=CARTESIAN_POINT('',(1.,17.1968402455789,12.6079968166456));
#20342=CARTESIAN_POINT('',(0.,17.8468402455789,11.4821637917258));
#20343=CARTESIAN_POINT('Origin',(0.,17.5218402455789,12.0450803041857));
#20344=CARTESIAN_POINT('',(1.,17.8468402455789,11.4821637917258));
#20345=CARTESIAN_POINT('Origin',(1.,14.4041487919549,12.0450803041857));
#20346=CARTESIAN_POINT('',(1.,14.0791487919529,11.4821637917178));
#20347=CARTESIAN_POINT('',(1.,14.7291487919566,12.6079968166534));
#20348=CARTESIAN_POINT('Origin',(1.,14.4041487919549,12.0450803041857));
#20349=CARTESIAN_POINT('',(0.,14.0791487919529,11.4821637917178));
#20350=CARTESIAN_POINT('',(1.,14.0791487919529,11.4821637917178));
#20351=CARTESIAN_POINT('',(0.,14.7291487919566,12.6079968166534));
#20352=CARTESIAN_POINT('Origin',(0.,14.4041487919549,12.0450803041857));
#20353=CARTESIAN_POINT('',(1.,14.7291487919566,12.6079968166534));
#20354=CARTESIAN_POINT('Origin',(1.,7.47594556167943,12.0450803041857));
#20355=CARTESIAN_POINT('',(1.,7.15094556167943,11.4821637917258));
#20356=CARTESIAN_POINT('',(1.,7.80094556167943,12.6079968166456));
#20357=CARTESIAN_POINT('Origin',(1.,7.47594556167943,12.0450803041857));
#20358=CARTESIAN_POINT('',(0.,7.15094556167943,11.4821637917258));
#20359=CARTESIAN_POINT('',(1.,7.15094556167943,11.4821637917258));
#20360=CARTESIAN_POINT('',(0.,7.80094556167943,12.6079968166456));
#20361=CARTESIAN_POINT('Origin',(0.,7.47594556167943,12.0450803041857));
#20362=CARTESIAN_POINT('',(1.,7.80094556167943,12.6079968166456));
#20363=CARTESIAN_POINT('Origin',(1.,10.5936370153034,12.0450803041857));
#20364=CARTESIAN_POINT('',(1.,10.2686370153034,12.6079968166456));
#20365=CARTESIAN_POINT('',(1.,10.9186370153034,11.4821637917258));
#20366=CARTESIAN_POINT('Origin',(1.,10.5936370153034,12.0450803041857));
#20367=CARTESIAN_POINT('',(0.,10.2686370153034,12.6079968166456));
#20368=CARTESIAN_POINT('',(1.,10.2686370153034,12.6079968166456));
#20369=CARTESIAN_POINT('',(0.,10.9186370153034,11.4821637917258));
#20370=CARTESIAN_POINT('Origin',(0.,10.5936370153034,12.0450803041857));
#20371=CARTESIAN_POINT('',(1.,10.9186370153034,11.4821637917258));
#20372=CARTESIAN_POINT('Origin',(1.,2.45246531416221E-14,8.70000000000001));
#20373=CARTESIAN_POINT('',(0.,20.5,8.69999999999995));
#20374=CARTESIAN_POINT('',(0.,4.49999999999995,8.69999999999999));
#20375=CARTESIAN_POINT('',(0.,2.45246531416221E-14,8.70000000000001));
#20376=CARTESIAN_POINT('',(1.,20.5,8.69999999999995));
#20377=CARTESIAN_POINT('',(1.,20.5,8.69999999999995));
#20378=CARTESIAN_POINT('',(1.,4.49999999999995,8.69999999999999));
#20379=CARTESIAN_POINT('',(1.,2.45246531416221E-14,8.70000000000001));
#20380=CARTESIAN_POINT('',(1.,4.49999999999995,8.69999999999999));
#20381=CARTESIAN_POINT('Origin',(1.,20.5,10.7));
#20382=CARTESIAN_POINT('',(0.,22.5,10.7));
#20383=CARTESIAN_POINT('Origin',(0.,20.5,10.7));
#20384=CARTESIAN_POINT('',(1.,22.5,10.7));
#20385=CARTESIAN_POINT('',(1.,22.5,10.7));
#20386=CARTESIAN_POINT('Origin',(1.,20.5,10.7));
#20387=CARTESIAN_POINT('Origin',(1.,22.5,0.));
#20388=CARTESIAN_POINT('',(0.,22.5,30.7));
#20389=CARTESIAN_POINT('',(0.,22.5,0.));
#20390=CARTESIAN_POINT('',(1.,22.5,30.7));
#20391=CARTESIAN_POINT('',(1.,22.5,30.7));
#20392=CARTESIAN_POINT('',(1.,22.5,0.));
#20393=CARTESIAN_POINT('Origin',(1.,20.5,30.7));
#20394=CARTESIAN_POINT('',(0.,20.5,32.7));
#20395=CARTESIAN_POINT('Origin',(0.,20.5,30.7));
#20396=CARTESIAN_POINT('',(1.,20.5,32.7));
#20397=CARTESIAN_POINT('',(1.,20.5,32.7));
#20398=CARTESIAN_POINT('Origin',(1.,20.5,30.7));
#20399=CARTESIAN_POINT('Origin',(1.,0.,32.7));
#20400=CARTESIAN_POINT('',(0.,4.49999999999995,32.7));
#20401=CARTESIAN_POINT('',(0.,0.,32.7));
#20402=CARTESIAN_POINT('',(1.,4.49999999999995,32.7));
#20403=CARTESIAN_POINT('',(1.,4.49999999999995,32.7));
#20404=CARTESIAN_POINT('',(1.,0.,32.7));
#20405=CARTESIAN_POINT('Origin',(1.,4.49999999999995,30.7));
#20406=CARTESIAN_POINT('',(0.,2.5,30.7));
#20407=CARTESIAN_POINT('Origin',(0.,4.49999999999995,30.7));
#20408=CARTESIAN_POINT('',(1.,2.5,30.7));
#20409=CARTESIAN_POINT('',(1.,2.5,30.7));
#20410=CARTESIAN_POINT('Origin',(1.,4.49999999999995,30.7));
#20411=CARTESIAN_POINT('Origin',(1.,2.5,0.));
#20412=CARTESIAN_POINT('',(0.,2.5,10.7));
#20413=CARTESIAN_POINT('',(0.,2.5,0.));
#20414=CARTESIAN_POINT('',(1.,2.5,10.7));
#20415=CARTESIAN_POINT('',(1.,2.5,10.7));
#20416=CARTESIAN_POINT('',(1.,2.5,0.));
#20417=CARTESIAN_POINT('Origin',(1.,-2.24226351319834,3.8837143288174));
#20418=CARTESIAN_POINT('',(0.,9.03479128849142,10.3945249542392));
#20419=CARTESIAN_POINT('',(0.,-2.24226351319834,3.8837143288174));
#20420=CARTESIAN_POINT('',(1.,9.03479128849142,10.3945249542392));
#20421=CARTESIAN_POINT('',(1.,9.03479128849142,10.3945249542392));
#20422=CARTESIAN_POINT('',(1.,-2.24226351319834,3.8837143288174));
#20423=CARTESIAN_POINT('Origin',(1.,6.75965915744405,11.7080731025413));
#20424=CARTESIAN_POINT('',(0.,6.75965915744405,11.7080731025413));
#20425=CARTESIAN_POINT('',(1.,6.75965915744405,11.7080731025413));
#20426=CARTESIAN_POINT('Origin',(1.,7.40965915744405,12.8339061274611));
#20427=CARTESIAN_POINT('',(0.,9.03479128849143,11.8956356541322));
#20428=CARTESIAN_POINT('',(0.,7.40965915744405,12.8339061274611));
#20429=CARTESIAN_POINT('',(1.,9.03479128849143,11.8956356541322));
#20430=CARTESIAN_POINT('',(1.,9.03479128849143,11.8956356541322));
#20431=CARTESIAN_POINT('',(1.,7.40965915744405,12.8339061274611));
#20432=CARTESIAN_POINT('Origin',(1.,9.14170996494697,15.8339061274807));
#20433=CARTESIAN_POINT('',(0.,15.9629945187434,11.8956356541606));
#20434=CARTESIAN_POINT('',(0.,9.14170996494697,15.8339061274807));
#20435=CARTESIAN_POINT('',(1.,15.9629945187434,11.8956356541606));
#20436=CARTESIAN_POINT('',(1.,15.9629945187434,11.8956356541606));
#20437=CARTESIAN_POINT('',(1.,9.14170996494697,15.8339061274807));
#20438=CARTESIAN_POINT('Origin',(1.,-1.16021270584879,2.00954735423558));
#20439=CARTESIAN_POINT('',(0.,-1.16021270584879,2.00954735423558));
#20440=CARTESIAN_POINT('',(1.,-1.16021270584879,2.00954735423558));
#20441=CARTESIAN_POINT('Origin',(1.,-0.510212705629457,0.883714328817401));
#20442=CARTESIAN_POINT('',(0.,15.9629945187669,10.3945249542392));
#20443=CARTESIAN_POINT('',(0.,-0.510212705629457,0.883714328817401));
#20444=CARTESIAN_POINT('',(1.,15.9629945187669,10.3945249542392));
#20445=CARTESIAN_POINT('',(1.,15.9629945187669,10.3945249542392));
#20446=CARTESIAN_POINT('',(1.,-0.510212705629457,0.883714328817401));
#20447=CARTESIAN_POINT('Origin',(1.,5.57068967335405,11.3450803041855));
#20448=CARTESIAN_POINT('',(0.,6.22068967335405,11.3450803041855));
#20449=CARTESIAN_POINT('',(0.,4.92068967335405,11.3450803041855));
#20450=CARTESIAN_POINT('Origin',(0.,5.57068967335405,11.3450803041855));
#20451=CARTESIAN_POINT('',(1.,4.92068967335405,11.3450803041855));
#20452=CARTESIAN_POINT('',(1.,4.92068967335405,11.3450803041855));
#20453=CARTESIAN_POINT('',(1.,6.22068967335405,11.3450803041855));
#20454=CARTESIAN_POINT('Origin',(1.,5.57068967335405,11.3450803041855));
#20455=CARTESIAN_POINT('',(1.,6.22068967335405,11.3450803041855));
#20456=CARTESIAN_POINT('Origin',(1.,4.92068967335405,0.));
#20457=CARTESIAN_POINT('',(0.,4.92068967335405,12.7698026292092));
#20458=CARTESIAN_POINT('',(0.,4.92068967335405,0.));
#20459=CARTESIAN_POINT('',(1.,4.92068967335405,12.7698026292092));
#20460=CARTESIAN_POINT('',(1.,4.92068967335405,12.7698026292092));
#20461=CARTESIAN_POINT('',(1.,4.92068967335405,0.));
#20462=CARTESIAN_POINT('Origin',(1.,6.75965915740381,11.7080731025705));
#20463=CARTESIAN_POINT('',(0.,6.75965915740381,11.7080731025705));
#20464=CARTESIAN_POINT('',(1.,6.75965915740381,11.7080731025705));
#20465=CARTESIAN_POINT('Origin',(1.,7.40965915740744,12.8339061275063));
#20466=CARTESIAN_POINT('',(0.,5.5706896733307,13.8956356541605));
#20467=CARTESIAN_POINT('',(0.,7.40965915740744,12.8339061275063));
#20468=CARTESIAN_POINT('',(1.,5.5706896733307,13.8956356541605));
#20469=CARTESIAN_POINT('',(1.,5.5706896733307,13.8956356541605));
#20470=CARTESIAN_POINT('',(1.,7.40965915740744,12.8339061275063));
#20471=CARTESIAN_POINT('Origin',(1.,-4.624314320731,8.00954735414671));
#20472=CARTESIAN_POINT('',(0.,-4.624314320731,8.00954735414671));
#20473=CARTESIAN_POINT('',(1.,-4.624314320731,8.00954735414671));
#20474=CARTESIAN_POINT('Origin',(1.,-3.97431432076703,6.88371432881709));
#20475=CARTESIAN_POINT('',(0.,6.22068967335405,12.7698026292122));
#20476=CARTESIAN_POINT('',(0.,-3.97431432076703,6.88371432881709));
#20477=CARTESIAN_POINT('',(1.,6.22068967335405,12.7698026292122));
#20478=CARTESIAN_POINT('',(1.,6.22068967335405,12.7698026292122));
#20479=CARTESIAN_POINT('',(1.,-3.97431432076703,6.88371432881709));
#20480=CARTESIAN_POINT('Origin',(1.,19.4270961339047,11.3450803041857));
#20481=CARTESIAN_POINT('',(0.,20.0770961339047,11.3450803041857));
#20482=CARTESIAN_POINT('',(0.,18.7770961339047,11.3450803041857));
#20483=CARTESIAN_POINT('Origin',(0.,19.4270961339047,11.3450803041857));
#20484=CARTESIAN_POINT('',(1.,18.7770961339047,11.3450803041857));
#20485=CARTESIAN_POINT('',(1.,18.7770961339047,11.3450803041857));
#20486=CARTESIAN_POINT('',(1.,20.0770961339047,11.3450803041857));
#20487=CARTESIAN_POINT('Origin',(1.,19.4270961339047,11.3450803041857));
#20488=CARTESIAN_POINT('',(1.,20.0770961339047,11.3450803041857));
#20489=CARTESIAN_POINT('Origin',(1.,18.7770961339059,2.10337294431947E-12));
#20490=CARTESIAN_POINT('',(0.,18.7770961339045,12.7698026292093));
#20491=CARTESIAN_POINT('',(0.,18.7770961339059,2.10337294431947E-12));
#20492=CARTESIAN_POINT('',(1.,18.7770961339045,12.7698026292093));
#20493=CARTESIAN_POINT('',(1.,18.7770961339045,12.7698026292093));
#20494=CARTESIAN_POINT('',(1.,18.7770961339059,2.10337294431947E-12));
#20495=CARTESIAN_POINT('Origin',(1.,10.2237607724976,17.7080731025451));
#20496=CARTESIAN_POINT('',(0.,10.2237607724976,17.7080731025451));
#20497=CARTESIAN_POINT('',(1.,10.2237607724976,17.7080731025451));
#20498=CARTESIAN_POINT('Origin',(1.,10.8737607725012,18.8339061274807));
#20499=CARTESIAN_POINT('',(0.,19.4270961338812,13.8956356541606));
#20500=CARTESIAN_POINT('',(0.,10.8737607725012,18.8339061274807));
#20501=CARTESIAN_POINT('',(1.,19.4270961338812,13.8956356541606));
#20502=CARTESIAN_POINT('',(1.,19.4270961338812,13.8956356541606));
#20503=CARTESIAN_POINT('',(1.,10.8737607725012,18.8339061274807));
#20504=CARTESIAN_POINT('Origin',(1.,-1.1602127058999,2.00954735432412));
#20505=CARTESIAN_POINT('',(0.,-1.1602127058999,2.00954735432412));
#20506=CARTESIAN_POINT('',(1.,-1.1602127058999,2.00954735432412));
#20507=CARTESIAN_POINT('Origin',(1.,-0.51021270562948,0.883714328817446));
#20508=CARTESIAN_POINT('',(0.,20.0770961339047,12.7698026292124));
#20509=CARTESIAN_POINT('',(0.,-0.51021270562948,0.883714328817446));
#20510=CARTESIAN_POINT('',(1.,20.0770961339047,12.7698026292124));
#20511=CARTESIAN_POINT('',(1.,20.0770961339047,12.7698026292124));
#20512=CARTESIAN_POINT('',(1.,-0.51021270562948,0.883714328817446));
#20513=CARTESIAN_POINT('Origin',(1.,5.57068967335444,27.3450803041836));
#20514=CARTESIAN_POINT('',(0.,6.22068967335444,27.3450803041836));
#20515=CARTESIAN_POINT('',(0.,4.92068967335444,27.3450803041836));
#20516=CARTESIAN_POINT('Origin',(0.,5.57068967335444,27.3450803041836));
#20517=CARTESIAN_POINT('',(1.,4.92068967335444,27.3450803041836));
#20518=CARTESIAN_POINT('',(1.,4.92068967335444,27.3450803041836));
#20519=CARTESIAN_POINT('',(1.,6.22068967335444,27.3450803041836));
#20520=CARTESIAN_POINT('Origin',(1.,5.57068967335444,27.3450803041836));
#20521=CARTESIAN_POINT('',(1.,6.22068967335444,27.3450803041836));
#20522=CARTESIAN_POINT('Origin',(1.,4.92068967335444,0.));
#20523=CARTESIAN_POINT('',(0.,4.92068967335444,28.7698026292074));
#20524=CARTESIAN_POINT('',(0.,4.92068967335444,0.));
#20525=CARTESIAN_POINT('',(1.,4.92068967335444,28.7698026292074));
#20526=CARTESIAN_POINT('',(1.,4.92068967335444,28.7698026292074));
#20527=CARTESIAN_POINT('',(1.,4.92068967335444,0.));
#20528=CARTESIAN_POINT('Origin',(1.,13.6878623876493,23.70807310262));
#20529=CARTESIAN_POINT('',(0.,13.6878623876493,23.70807310262));
#20530=CARTESIAN_POINT('',(1.,13.6878623876493,23.70807310262));
#20531=CARTESIAN_POINT('Origin',(1.,14.3378623876536,24.833906127555));
#20532=CARTESIAN_POINT('',(0.,5.57068967333109,29.8956356541586));
#20533=CARTESIAN_POINT('',(0.,14.3378623876536,24.833906127555));
#20534=CARTESIAN_POINT('',(1.,5.57068967333109,29.8956356541586));
#20535=CARTESIAN_POINT('',(1.,5.57068967333109,29.8956356541586));
#20536=CARTESIAN_POINT('',(1.,14.3378623876536,24.833906127555));
#20537=CARTESIAN_POINT('Origin',(1.,-11.5525175508017,20.0095473544978));
#20538=CARTESIAN_POINT('',(0.,-11.5525175508017,20.0095473544978));
#20539=CARTESIAN_POINT('',(1.,-11.5525175508017,20.0095473544978));
#20540=CARTESIAN_POINT('Origin',(1.,-10.9025175510416,18.8837143288155));
#20541=CARTESIAN_POINT('',(0.,6.22068967335444,28.7698026292103));
#20542=CARTESIAN_POINT('',(0.,-10.9025175510416,18.8837143288155));
#20543=CARTESIAN_POINT('',(1.,6.22068967335444,28.7698026292103));
#20544=CARTESIAN_POINT('',(1.,6.22068967335444,28.7698026292103));
#20545=CARTESIAN_POINT('',(1.,-10.9025175510416,18.8837143288155));
#20546=CARTESIAN_POINT('Origin',(1.,5.57068967335444,23.3450803041841));
#20547=CARTESIAN_POINT('',(0.,6.22068967335444,23.3450803041841));
#20548=CARTESIAN_POINT('',(0.,4.92068967335444,23.3450803041841));
#20549=CARTESIAN_POINT('Origin',(0.,5.57068967335444,23.3450803041841));
#20550=CARTESIAN_POINT('',(1.,4.92068967335444,23.3450803041841));
#20551=CARTESIAN_POINT('',(1.,4.92068967335444,23.3450803041841));
#20552=CARTESIAN_POINT('',(1.,6.22068967335444,23.3450803041841));
#20553=CARTESIAN_POINT('Origin',(1.,5.57068967335444,23.3450803041841));
#20554=CARTESIAN_POINT('',(1.,6.22068967335444,23.3450803041841));
#20555=CARTESIAN_POINT('Origin',(1.,4.92068967335444,0.));
#20556=CARTESIAN_POINT('',(0.,4.92068967335444,24.7698026292079));
#20557=CARTESIAN_POINT('',(0.,4.92068967335444,0.));
#20558=CARTESIAN_POINT('',(1.,4.92068967335444,24.7698026292079));
#20559=CARTESIAN_POINT('',(1.,4.92068967335444,24.7698026292079));
#20560=CARTESIAN_POINT('',(1.,4.92068967335444,0.));
#20561=CARTESIAN_POINT('Origin',(1.,11.955811580088,20.7080731026077));
#20562=CARTESIAN_POINT('',(0.,11.955811580088,20.7080731026077));
#20563=CARTESIAN_POINT('',(1.,11.955811580088,20.7080731026077));
#20564=CARTESIAN_POINT('Origin',(1.,12.605811580092,21.833906127543));
#20565=CARTESIAN_POINT('',(0.,5.57068967333109,25.8956356541591));
#20566=CARTESIAN_POINT('',(0.,12.605811580092,21.833906127543));
#20567=CARTESIAN_POINT('',(1.,5.57068967333109,25.8956356541591));
#20568=CARTESIAN_POINT('',(1.,5.57068967333109,25.8956356541591));
#20569=CARTESIAN_POINT('',(1.,12.605811580092,21.833906127543));
#20570=CARTESIAN_POINT('Origin',(1.,-9.82046674328396,17.0095473544102));
#20571=CARTESIAN_POINT('',(0.,-9.82046674328396,17.0095473544102));
#20572=CARTESIAN_POINT('',(1.,-9.82046674328396,17.0095473544102));
#20573=CARTESIAN_POINT('Origin',(1.,-9.17046674347299,15.883714328816));
#20574=CARTESIAN_POINT('',(0.,6.22068967335444,24.7698026292109));
#20575=CARTESIAN_POINT('',(0.,-9.17046674347299,15.883714328816));
#20576=CARTESIAN_POINT('',(1.,6.22068967335444,24.7698026292109));
#20577=CARTESIAN_POINT('',(1.,6.22068967335444,24.7698026292109));
#20578=CARTESIAN_POINT('',(1.,-9.17046674347299,15.883714328816));
#20579=CARTESIAN_POINT('Origin',(1.,5.57068967335444,19.3450803041847));
#20580=CARTESIAN_POINT('',(0.,6.22068967335444,19.3450803041847));
#20581=CARTESIAN_POINT('',(0.,4.92068967335444,19.3450803041847));
#20582=CARTESIAN_POINT('Origin',(0.,5.57068967335444,19.3450803041847));
#20583=CARTESIAN_POINT('',(1.,4.92068967335444,19.3450803041847));
#20584=CARTESIAN_POINT('',(1.,4.92068967335444,19.3450803041847));
#20585=CARTESIAN_POINT('',(1.,6.22068967335444,19.3450803041847));
#20586=CARTESIAN_POINT('Origin',(1.,5.57068967335444,19.3450803041847));
#20587=CARTESIAN_POINT('',(1.,6.22068967335444,19.3450803041847));
#20588=CARTESIAN_POINT('Origin',(1.,4.92068967335444,0.));
#20589=CARTESIAN_POINT('',(0.,4.92068967335444,20.7698026292084));
#20590=CARTESIAN_POINT('',(0.,4.92068967335444,0.));
#20591=CARTESIAN_POINT('',(1.,4.92068967335444,20.7698026292084));
#20592=CARTESIAN_POINT('',(1.,4.92068967335444,20.7698026292084));
#20593=CARTESIAN_POINT('',(1.,4.92068967335444,0.));
#20594=CARTESIAN_POINT('Origin',(1.,10.2237607725267,17.7080731025955));
#20595=CARTESIAN_POINT('',(0.,10.2237607725267,17.7080731025955));
#20596=CARTESIAN_POINT('',(1.,10.2237607725267,17.7080731025955));
#20597=CARTESIAN_POINT('Origin',(1.,10.8737607725304,18.8339061275311));
#20598=CARTESIAN_POINT('',(0.,5.57068967333109,21.8956356541597));
#20599=CARTESIAN_POINT('',(0.,10.8737607725304,18.8339061275311));
#20600=CARTESIAN_POINT('',(1.,5.57068967333109,21.8956356541597));
#20601=CARTESIAN_POINT('',(1.,5.57068967333109,21.8956356541597));
#20602=CARTESIAN_POINT('',(1.,10.8737607725304,18.8339061275311));
#20603=CARTESIAN_POINT('Origin',(1.,-8.08841593576629,14.0095473543225));
#20604=CARTESIAN_POINT('',(0.,-8.08841593576629,14.0095473543225));
#20605=CARTESIAN_POINT('',(1.,-8.08841593576629,14.0095473543225));
#20606=CARTESIAN_POINT('Origin',(1.,-7.43841593590436,12.8837143288163));
#20607=CARTESIAN_POINT('',(0.,6.22068967335444,20.7698026292114));
#20608=CARTESIAN_POINT('',(0.,-7.43841593590436,12.8837143288163));
#20609=CARTESIAN_POINT('',(1.,6.22068967335444,20.7698026292114));
#20610=CARTESIAN_POINT('',(1.,6.22068967335444,20.7698026292114));
#20611=CARTESIAN_POINT('',(1.,-7.43841593590436,12.8837143288163));
#20612=CARTESIAN_POINT('Origin',(1.,5.57068967335444,15.3450803041852));
#20613=CARTESIAN_POINT('',(0.,6.22068967335444,15.3450803041852));
#20614=CARTESIAN_POINT('',(0.,4.92068967335444,15.3450803041852));
#20615=CARTESIAN_POINT('Origin',(0.,5.57068967335444,15.3450803041852));
#20616=CARTESIAN_POINT('',(1.,4.92068967335444,15.3450803041852));
#20617=CARTESIAN_POINT('',(1.,4.92068967335444,15.3450803041852));
#20618=CARTESIAN_POINT('',(1.,6.22068967335444,15.3450803041852));
#20619=CARTESIAN_POINT('Origin',(1.,5.57068967335444,15.3450803041852));
#20620=CARTESIAN_POINT('',(1.,6.22068967335444,15.3450803041852));
#20621=CARTESIAN_POINT('Origin',(1.,4.92068967335444,0.));
#20622=CARTESIAN_POINT('',(0.,4.92068967335444,16.769802629209));
#20623=CARTESIAN_POINT('',(0.,4.92068967335444,0.));
#20624=CARTESIAN_POINT('',(1.,4.92068967335444,16.769802629209));
#20625=CARTESIAN_POINT('',(1.,4.92068967335444,16.769802629209));
#20626=CARTESIAN_POINT('',(1.,4.92068967335444,0.));
#20627=CARTESIAN_POINT('Origin',(1.,8.49170996496539,14.7080731025832));
#20628=CARTESIAN_POINT('',(0.,8.49170996496539,14.7080731025832));
#20629=CARTESIAN_POINT('',(1.,8.49170996496539,14.7080731025832));
#20630=CARTESIAN_POINT('Origin',(1.,9.14170996496898,15.833906127519));
#20631=CARTESIAN_POINT('',(0.,5.57068967333109,17.8956356541603));
#20632=CARTESIAN_POINT('',(0.,9.14170996496898,15.833906127519));
#20633=CARTESIAN_POINT('',(1.,5.57068967333109,17.8956356541603));
#20634=CARTESIAN_POINT('',(1.,5.57068967333109,17.8956356541603));
#20635=CARTESIAN_POINT('',(1.,9.14170996496898,15.833906127519));
#20636=CARTESIAN_POINT('Origin',(1.,-6.35636512824862,11.0095473542348));
#20637=CARTESIAN_POINT('',(0.,-6.35636512824862,11.0095473542348));
#20638=CARTESIAN_POINT('',(1.,-6.35636512824862,11.0095473542348));
#20639=CARTESIAN_POINT('Origin',(1.,-5.70636512833571,9.88371432881678));
#20640=CARTESIAN_POINT('',(0.,6.22068967335444,16.769802629212));
#20641=CARTESIAN_POINT('',(0.,-5.70636512833571,9.88371432881678));
#20642=CARTESIAN_POINT('',(1.,6.22068967335444,16.769802629212));
#20643=CARTESIAN_POINT('',(1.,6.22068967335444,16.769802629212));
#20644=CARTESIAN_POINT('',(1.,-5.70636512833571,9.88371432881678));
#20645=CARTESIAN_POINT('Origin',(1.,9.0347912884918,25.3450803041838));
#20646=CARTESIAN_POINT('',(0.,9.68479128849181,25.3450803041838));
#20647=CARTESIAN_POINT('',(0.,8.3847912884918,25.3450803041838));
#20648=CARTESIAN_POINT('Origin',(0.,9.0347912884918,25.3450803041838));
#20649=CARTESIAN_POINT('',(1.,8.3847912884918,25.3450803041838));
#20650=CARTESIAN_POINT('',(1.,8.3847912884918,25.3450803041838));
#20651=CARTESIAN_POINT('',(1.,9.68479128849181,25.3450803041838));
#20652=CARTESIAN_POINT('Origin',(1.,9.0347912884918,25.3450803041838));
#20653=CARTESIAN_POINT('',(1.,9.68479128849181,25.3450803041838));
#20654=CARTESIAN_POINT('Origin',(1.,8.3847912884918,0.));
#20655=CARTESIAN_POINT('',(0.,8.3847912884918,26.7698026292076));
#20656=CARTESIAN_POINT('',(0.,8.3847912884918,0.));
#20657=CARTESIAN_POINT('',(1.,8.3847912884918,26.7698026292076));
#20658=CARTESIAN_POINT('',(1.,8.3847912884918,26.7698026292076));
#20659=CARTESIAN_POINT('',(1.,8.3847912884918,0.));
#20660=CARTESIAN_POINT('Origin',(1.,13.687862387642,23.7080731026074));
#20661=CARTESIAN_POINT('',(0.,13.687862387642,23.7080731026074));
#20662=CARTESIAN_POINT('',(1.,13.687862387642,23.7080731026074));
#20663=CARTESIAN_POINT('Origin',(1.,14.3378623876463,24.8339061275424));
#20664=CARTESIAN_POINT('',(0.,9.03479128846846,27.8956356541588));
#20665=CARTESIAN_POINT('',(0.,14.3378623876463,24.8339061275424));
#20666=CARTESIAN_POINT('',(1.,9.03479128846846,27.8956356541588));
#20667=CARTESIAN_POINT('',(1.,9.03479128846846,27.8956356541588));
#20668=CARTESIAN_POINT('',(1.,14.3378623876463,24.8339061275424));
#20669=CARTESIAN_POINT('Origin',(1.,-9.82046674333499,17.0095473544982));
#20670=CARTESIAN_POINT('',(0.,-9.82046674333499,17.0095473544982));
#20671=CARTESIAN_POINT('',(1.,-9.82046674333499,17.0095473544982));
#20672=CARTESIAN_POINT('Origin',(1.,-9.17046674347295,15.8837143288158));
#20673=CARTESIAN_POINT('',(0.,9.68479128849181,26.7698026292106));
#20674=CARTESIAN_POINT('',(0.,-9.17046674347295,15.8837143288158));
#20675=CARTESIAN_POINT('',(1.,9.68479128849181,26.7698026292106));
#20676=CARTESIAN_POINT('',(1.,9.68479128849181,26.7698026292106));
#20677=CARTESIAN_POINT('',(1.,-9.17046674347295,15.8837143288158));
#20678=CARTESIAN_POINT('Origin',(1.,9.0347912884918,21.3450803041844));
#20679=CARTESIAN_POINT('',(0.,9.68479128849181,21.3450803041844));
#20680=CARTESIAN_POINT('',(0.,8.3847912884918,21.3450803041844));
#20681=CARTESIAN_POINT('Origin',(0.,9.0347912884918,21.3450803041844));
#20682=CARTESIAN_POINT('',(1.,8.3847912884918,21.3450803041844));
#20683=CARTESIAN_POINT('',(1.,8.3847912884918,21.3450803041844));
#20684=CARTESIAN_POINT('',(1.,9.68479128849181,21.3450803041844));
#20685=CARTESIAN_POINT('Origin',(1.,9.0347912884918,21.3450803041844));
#20686=CARTESIAN_POINT('',(1.,9.68479128849181,21.3450803041844));
#20687=CARTESIAN_POINT('Origin',(1.,8.3847912884918,0.));
#20688=CARTESIAN_POINT('',(0.,8.3847912884918,22.7698026292081));
#20689=CARTESIAN_POINT('',(0.,8.3847912884918,0.));
#20690=CARTESIAN_POINT('',(1.,8.3847912884918,22.7698026292081));
#20691=CARTESIAN_POINT('',(1.,8.3847912884918,22.7698026292081));
#20692=CARTESIAN_POINT('',(1.,8.3847912884918,0.));
#20693=CARTESIAN_POINT('Origin',(1.,11.9558115800807,20.7080731025951));
#20694=CARTESIAN_POINT('',(0.,11.9558115800807,20.7080731025951));
#20695=CARTESIAN_POINT('',(1.,11.9558115800807,20.7080731025951));
#20696=CARTESIAN_POINT('Origin',(1.,12.6058115800847,21.8339061275305));
#20697=CARTESIAN_POINT('',(0.,9.03479128846845,23.8956356541594));
#20698=CARTESIAN_POINT('',(0.,12.6058115800847,21.8339061275305));
#20699=CARTESIAN_POINT('',(1.,9.03479128846845,23.8956356541594));
#20700=CARTESIAN_POINT('',(1.,9.03479128846845,23.8956356541594));
#20701=CARTESIAN_POINT('',(1.,12.6058115800847,21.8339061275305));
#20702=CARTESIAN_POINT('Origin',(1.,-8.08841593581729,14.0095473544107));
#20703=CARTESIAN_POINT('',(0.,-8.08841593581729,14.0095473544107));
#20704=CARTESIAN_POINT('',(1.,-8.08841593581729,14.0095473544107));
#20705=CARTESIAN_POINT('Origin',(1.,-7.43841593590431,12.8837143288163));
#20706=CARTESIAN_POINT('',(0.,9.68479128849181,22.7698026292111));
#20707=CARTESIAN_POINT('',(0.,-7.43841593590431,12.8837143288163));
#20708=CARTESIAN_POINT('',(1.,9.68479128849181,22.7698026292111));
#20709=CARTESIAN_POINT('',(1.,9.68479128849181,22.7698026292111));
#20710=CARTESIAN_POINT('',(1.,-7.43841593590431,12.8837143288163));
#20711=CARTESIAN_POINT('Origin',(1.,9.0347912884918,17.3450803041849));
#20712=CARTESIAN_POINT('',(0.,9.68479128849181,17.3450803041849));
#20713=CARTESIAN_POINT('',(0.,8.3847912884918,17.3450803041849));
#20714=CARTESIAN_POINT('Origin',(0.,9.0347912884918,17.3450803041849));
#20715=CARTESIAN_POINT('',(1.,8.3847912884918,17.3450803041849));
#20716=CARTESIAN_POINT('',(1.,8.3847912884918,17.3450803041849));
#20717=CARTESIAN_POINT('',(1.,9.68479128849181,17.3450803041849));
#20718=CARTESIAN_POINT('Origin',(1.,9.0347912884918,17.3450803041849));
#20719=CARTESIAN_POINT('',(1.,9.68479128849181,17.3450803041849));
#20720=CARTESIAN_POINT('Origin',(1.,8.3847912884918,0.));
#20721=CARTESIAN_POINT('',(0.,8.3847912884918,18.7698026292087));
#20722=CARTESIAN_POINT('',(0.,8.3847912884918,0.));
#20723=CARTESIAN_POINT('',(1.,8.3847912884918,18.7698026292087));
#20724=CARTESIAN_POINT('',(1.,8.3847912884918,18.7698026292087));
#20725=CARTESIAN_POINT('',(1.,8.3847912884918,0.));
#20726=CARTESIAN_POINT('Origin',(1.,10.2237607725194,17.7080731025828));
#20727=CARTESIAN_POINT('',(0.,10.2237607725194,17.7080731025828));
#20728=CARTESIAN_POINT('',(1.,10.2237607725194,17.7080731025828));
#20729=CARTESIAN_POINT('Origin',(1.,10.8737607725231,18.8339061275184));
#20730=CARTESIAN_POINT('',(0.,9.03479128846845,19.8956356541599));
#20731=CARTESIAN_POINT('',(0.,10.8737607725231,18.8339061275184));
#20732=CARTESIAN_POINT('',(1.,9.03479128846845,19.8956356541599));
#20733=CARTESIAN_POINT('',(1.,9.03479128846845,19.8956356541599));
#20734=CARTESIAN_POINT('',(1.,10.8737607725231,18.8339061275184));
#20735=CARTESIAN_POINT('Origin',(1.,-6.35636512829966,11.0095473543229));
#20736=CARTESIAN_POINT('',(0.,-6.35636512829966,11.0095473543229));
#20737=CARTESIAN_POINT('',(1.,-6.35636512829966,11.0095473543229));
#20738=CARTESIAN_POINT('Origin',(1.,-5.70636512833567,9.88371432881666));
#20739=CARTESIAN_POINT('',(0.,9.68479128849181,18.7698026292117));
#20740=CARTESIAN_POINT('',(0.,-5.70636512833567,9.88371432881666));
#20741=CARTESIAN_POINT('',(1.,9.68479128849181,18.7698026292117));
#20742=CARTESIAN_POINT('',(1.,9.68479128849181,18.7698026292117));
#20743=CARTESIAN_POINT('',(1.,-5.70636512833567,9.88371432881666));
#20744=CARTESIAN_POINT('Origin',(1.,9.0347912884918,13.3450803041855));
#20745=CARTESIAN_POINT('',(0.,9.68479128849181,13.3450803041855));
#20746=CARTESIAN_POINT('',(0.,8.3847912884918,13.3450803041855));
#20747=CARTESIAN_POINT('Origin',(0.,9.0347912884918,13.3450803041855));
#20748=CARTESIAN_POINT('',(1.,8.3847912884918,13.3450803041855));
#20749=CARTESIAN_POINT('',(1.,8.3847912884918,13.3450803041855));
#20750=CARTESIAN_POINT('',(1.,9.68479128849181,13.3450803041855));
#20751=CARTESIAN_POINT('Origin',(1.,9.0347912884918,13.3450803041855));
#20752=CARTESIAN_POINT('',(1.,9.68479128849181,13.3450803041855));
#20753=CARTESIAN_POINT('Origin',(1.,8.3847912884918,0.));
#20754=CARTESIAN_POINT('',(0.,8.3847912884918,14.7698026292092));
#20755=CARTESIAN_POINT('',(0.,8.3847912884918,0.));
#20756=CARTESIAN_POINT('',(1.,8.3847912884918,14.7698026292092));
#20757=CARTESIAN_POINT('',(1.,8.3847912884918,14.7698026292092));
#20758=CARTESIAN_POINT('',(1.,8.3847912884918,0.));
#20759=CARTESIAN_POINT('Origin',(1.,8.49170996495806,14.7080731025705));
#20760=CARTESIAN_POINT('',(0.,8.49170996495806,14.7080731025705));
#20761=CARTESIAN_POINT('',(1.,8.49170996495806,14.7080731025705));
#20762=CARTESIAN_POINT('Origin',(1.,9.14170996496166,15.8339061275063));
#20763=CARTESIAN_POINT('',(0.,9.03479128846845,15.8956356541605));
#20764=CARTESIAN_POINT('',(0.,9.14170996496166,15.8339061275063));
#20765=CARTESIAN_POINT('',(1.,9.03479128846845,15.8956356541605));
#20766=CARTESIAN_POINT('',(1.,9.03479128846845,15.8956356541605));
#20767=CARTESIAN_POINT('',(1.,9.14170996496166,15.8339061275063));
#20768=CARTESIAN_POINT('Origin',(1.,-4.62431432078206,8.00954735423515));
#20769=CARTESIAN_POINT('',(0.,-4.62431432078206,8.00954735423515));
#20770=CARTESIAN_POINT('',(1.,-4.62431432078206,8.00954735423515));
#20771=CARTESIAN_POINT('Origin',(1.,-3.97431432076703,6.88371432881709));
#20772=CARTESIAN_POINT('',(0.,9.68479128849181,14.7698026292122));
#20773=CARTESIAN_POINT('',(0.,-3.97431432076703,6.88371432881709));
#20774=CARTESIAN_POINT('',(1.,9.68479128849181,14.7698026292122));
#20775=CARTESIAN_POINT('',(1.,9.68479128849181,14.7698026292122));
#20776=CARTESIAN_POINT('',(1.,-3.97431432076703,6.88371432881709));
#20777=CARTESIAN_POINT('Origin',(1.,19.4270961339047,15.3450803041857));
#20778=CARTESIAN_POINT('',(0.,20.0770961339047,15.3450803041857));
#20779=CARTESIAN_POINT('',(0.,18.7770961339047,15.3450803041857));
#20780=CARTESIAN_POINT('Origin',(0.,19.4270961339047,15.3450803041857));
#20781=CARTESIAN_POINT('',(1.,18.7770961339047,15.3450803041857));
#20782=CARTESIAN_POINT('',(1.,18.7770961339047,15.3450803041857));
#20783=CARTESIAN_POINT('',(1.,20.0770961339047,15.3450803041857));
#20784=CARTESIAN_POINT('Origin',(1.,19.4270961339047,15.3450803041857));
#20785=CARTESIAN_POINT('',(1.,20.0770961339047,15.3450803041857));
#20786=CARTESIAN_POINT('Origin',(1.,18.7770961339081,4.16102038985013E-12));
#20787=CARTESIAN_POINT('',(0.,18.7770961339044,16.7698026292093));
#20788=CARTESIAN_POINT('',(0.,18.7770961339081,4.16102038985013E-12));
#20789=CARTESIAN_POINT('',(1.,18.7770961339044,16.7698026292093));
#20790=CARTESIAN_POINT('',(1.,18.7770961339044,16.7698026292093));
#20791=CARTESIAN_POINT('',(1.,18.7770961339081,4.16102038985013E-12));
#20792=CARTESIAN_POINT('Origin',(1.,11.955811580059,20.7080731025576));
#20793=CARTESIAN_POINT('',(0.,11.955811580059,20.7080731025576));
#20794=CARTESIAN_POINT('',(1.,11.955811580059,20.7080731025576));
#20795=CARTESIAN_POINT('Origin',(1.,12.6058115800627,21.8339061274933));
#20796=CARTESIAN_POINT('',(0.,19.427096133881,17.8956356541605));
#20797=CARTESIAN_POINT('',(0.,12.6058115800627,21.8339061274933));
#20798=CARTESIAN_POINT('',(1.,19.427096133881,17.8956356541605));
#20799=CARTESIAN_POINT('',(1.,19.427096133881,17.8956356541605));
#20800=CARTESIAN_POINT('',(1.,12.6058115800627,21.8339061274933));
#20801=CARTESIAN_POINT('Origin',(1.,-2.89226351341769,5.00954735441256));
#20802=CARTESIAN_POINT('',(0.,-2.89226351341769,5.00954735441256));
#20803=CARTESIAN_POINT('',(1.,-2.89226351341769,5.00954735441256));
#20804=CARTESIAN_POINT('Origin',(1.,-2.24226351319836,3.88371432881745));
#20805=CARTESIAN_POINT('',(0.,20.0770961339047,16.7698026292124));
#20806=CARTESIAN_POINT('',(0.,-2.24226351319836,3.88371432881745));
#20807=CARTESIAN_POINT('',(1.,20.0770961339047,16.7698026292124));
#20808=CARTESIAN_POINT('',(1.,20.0770961339047,16.7698026292124));
#20809=CARTESIAN_POINT('',(1.,-2.24226351319836,3.88371432881745));
#20810=CARTESIAN_POINT('Origin',(1.,15.9629945187669,13.3450803041857));
#20811=CARTESIAN_POINT('',(0.,16.6129945187669,13.3450803041857));
#20812=CARTESIAN_POINT('',(0.,15.3129945187669,13.3450803041857));
#20813=CARTESIAN_POINT('Origin',(0.,15.9629945187669,13.3450803041857));
#20814=CARTESIAN_POINT('',(1.,15.3129945187669,13.3450803041857));
#20815=CARTESIAN_POINT('',(1.,15.3129945187669,13.3450803041857));
#20816=CARTESIAN_POINT('',(1.,16.6129945187669,13.3450803041857));
#20817=CARTESIAN_POINT('Origin',(1.,15.9629945187669,13.3450803041857));
#20818=CARTESIAN_POINT('',(1.,16.6129945187669,13.3450803041857));
#20819=CARTESIAN_POINT('Origin',(1.,15.3129945187684,1.67804136647423E-12));
#20820=CARTESIAN_POINT('',(0.,15.3129945187668,14.7698026292093));
#20821=CARTESIAN_POINT('',(0.,15.3129945187684,1.67804136647423E-12));
#20822=CARTESIAN_POINT('',(1.,15.3129945187668,14.7698026292093));
#20823=CARTESIAN_POINT('',(1.,15.3129945187668,14.7698026292093));
#20824=CARTESIAN_POINT('',(1.,15.3129945187684,1.67804136647423E-12));
#20825=CARTESIAN_POINT('Origin',(1.,10.2237607725049,17.7080731025577));
#20826=CARTESIAN_POINT('',(0.,10.2237607725049,17.7080731025577));
#20827=CARTESIAN_POINT('',(1.,10.2237607725049,17.7080731025577));
#20828=CARTESIAN_POINT('Origin',(1.,10.8737607725085,18.8339061274934));
#20829=CARTESIAN_POINT('',(0.,15.9629945187434,15.8956356541606));
#20830=CARTESIAN_POINT('',(0.,10.8737607725085,18.8339061274934));
#20831=CARTESIAN_POINT('',(1.,15.9629945187434,15.8956356541606));
#20832=CARTESIAN_POINT('',(1.,15.9629945187434,15.8956356541606));
#20833=CARTESIAN_POINT('',(1.,10.8737607725085,18.8339061274934));
#20834=CARTESIAN_POINT('Origin',(1.,-2.89226351336659,5.00954735432401));
#20835=CARTESIAN_POINT('',(0.,-2.89226351336659,5.00954735432401));
#20836=CARTESIAN_POINT('',(1.,-2.89226351336659,5.00954735432401));
#20837=CARTESIAN_POINT('Origin',(1.,-2.24226351319835,3.88371432881743));
#20838=CARTESIAN_POINT('',(0.,16.6129945187669,14.7698026292124));
#20839=CARTESIAN_POINT('',(0.,-2.24226351319835,3.88371432881743));
#20840=CARTESIAN_POINT('',(1.,16.6129945187669,14.7698026292124));
#20841=CARTESIAN_POINT('',(1.,16.6129945187669,14.7698026292124));
#20842=CARTESIAN_POINT('',(1.,-2.24226351319835,3.88371432881743));
#20843=CARTESIAN_POINT('Origin',(1.,19.4270961339044,27.3450803041839));
#20844=CARTESIAN_POINT('',(0.,20.0770961339044,27.3450803041839));
#20845=CARTESIAN_POINT('',(0.,18.7770961339044,27.3450803041839));
#20846=CARTESIAN_POINT('Origin',(0.,19.4270961339044,27.3450803041839));
#20847=CARTESIAN_POINT('',(1.,18.7770961339044,27.3450803041839));
#20848=CARTESIAN_POINT('',(1.,18.7770961339044,27.3450803041839));
#20849=CARTESIAN_POINT('',(1.,20.0770961339044,27.3450803041839));
#20850=CARTESIAN_POINT('Origin',(1.,19.4270961339044,27.3450803041839));
#20851=CARTESIAN_POINT('',(1.,20.0770961339044,27.3450803041839));
#20852=CARTESIAN_POINT('Origin',(1.,18.7770961339044,0.));
#20853=CARTESIAN_POINT('',(0.,18.7770961339044,28.7698026292076));
#20854=CARTESIAN_POINT('',(0.,18.7770961339044,0.));
#20855=CARTESIAN_POINT('',(1.,18.7770961339044,28.7698026292076));
#20856=CARTESIAN_POINT('',(1.,18.7770961339044,28.7698026292076));
#20857=CARTESIAN_POINT('',(1.,18.7770961339044,0.));
#20858=CARTESIAN_POINT('Origin',(1.,17.1519640027431,29.7080731025944));
#20859=CARTESIAN_POINT('',(0.,17.1519640027431,29.7080731025944));
#20860=CARTESIAN_POINT('',(1.,17.1519640027431,29.7080731025944));
#20861=CARTESIAN_POINT('Origin',(1.,17.8019640027479,30.8339061275294));
#20862=CARTESIAN_POINT('',(0.,19.427096133881,29.8956356541588));
#20863=CARTESIAN_POINT('',(0.,17.8019640027479,30.8339061275294));
#20864=CARTESIAN_POINT('',(1.,19.427096133881,29.8956356541588));
#20865=CARTESIAN_POINT('',(1.,19.427096133881,29.8956356541588));
#20866=CARTESIAN_POINT('',(1.,17.8019640027479,30.8339061275294));
#20867=CARTESIAN_POINT('Origin',(1.,-8.08841593597027,14.0095473546752));
#20868=CARTESIAN_POINT('',(0.,-8.08841593597027,14.0095473546752));
#20869=CARTESIAN_POINT('',(1.,-8.08841593597027,14.0095473546752));
#20870=CARTESIAN_POINT('Origin',(1.,-7.43841593590427,12.8837143288162));
#20871=CARTESIAN_POINT('',(0.,20.0770961339044,28.7698026292106));
#20872=CARTESIAN_POINT('',(0.,-7.43841593590427,12.8837143288162));
#20873=CARTESIAN_POINT('',(1.,20.0770961339044,28.7698026292106));
#20874=CARTESIAN_POINT('',(1.,20.0770961339044,28.7698026292106));
#20875=CARTESIAN_POINT('',(1.,-7.43841593590427,12.8837143288162));
#20876=CARTESIAN_POINT('Origin',(1.,19.4270961339044,23.3450803041844));
#20877=CARTESIAN_POINT('',(0.,20.0770961339044,23.3450803041844));
#20878=CARTESIAN_POINT('',(0.,18.7770961339044,23.3450803041844));
#20879=CARTESIAN_POINT('Origin',(0.,19.4270961339044,23.3450803041844));
#20880=CARTESIAN_POINT('',(1.,18.7770961339044,23.3450803041844));
#20881=CARTESIAN_POINT('',(1.,18.7770961339044,23.3450803041844));
#20882=CARTESIAN_POINT('',(1.,20.0770961339044,23.3450803041844));
#20883=CARTESIAN_POINT('Origin',(1.,19.4270961339044,23.3450803041844));
#20884=CARTESIAN_POINT('',(1.,20.0770961339044,23.3450803041844));
#20885=CARTESIAN_POINT('Origin',(1.,18.7770961339044,0.));
#20886=CARTESIAN_POINT('',(0.,18.7770961339044,24.7698026292082));
#20887=CARTESIAN_POINT('',(0.,18.7770961339044,0.));
#20888=CARTESIAN_POINT('',(1.,18.7770961339044,24.7698026292082));
#20889=CARTESIAN_POINT('',(1.,18.7770961339044,24.7698026292082));
#20890=CARTESIAN_POINT('',(1.,18.7770961339044,0.));
#20891=CARTESIAN_POINT('Origin',(1.,15.4199131951817,26.7080731025821));
#20892=CARTESIAN_POINT('',(0.,15.4199131951817,26.7080731025821));
#20893=CARTESIAN_POINT('',(1.,15.4199131951817,26.7080731025821));
#20894=CARTESIAN_POINT('Origin',(1.,16.0699131951861,27.8339061275174));
#20895=CARTESIAN_POINT('',(0.,19.427096133881,25.8956356541594));
#20896=CARTESIAN_POINT('',(0.,16.0699131951861,27.8339061275174));
#20897=CARTESIAN_POINT('',(1.,19.427096133881,25.8956356541594));
#20898=CARTESIAN_POINT('',(1.,19.427096133881,25.8956356541594));
#20899=CARTESIAN_POINT('',(1.,16.0699131951861,27.8339061275174));
#20900=CARTESIAN_POINT('Origin',(1.,-6.35636512845267,11.0095473545876));
#20901=CARTESIAN_POINT('',(0.,-6.35636512845267,11.0095473545876));
#20902=CARTESIAN_POINT('',(1.,-6.35636512845267,11.0095473545876));
#20903=CARTESIAN_POINT('Origin',(1.,-5.70636512833562,9.88371432881658));
#20904=CARTESIAN_POINT('',(0.,20.0770961339044,24.7698026292111));
#20905=CARTESIAN_POINT('',(0.,-5.70636512833562,9.88371432881658));
#20906=CARTESIAN_POINT('',(1.,20.0770961339044,24.7698026292111));
#20907=CARTESIAN_POINT('',(1.,20.0770961339044,24.7698026292111));
#20908=CARTESIAN_POINT('',(1.,-5.70636512833562,9.88371432881658));
#20909=CARTESIAN_POINT('Origin',(1.,19.4270961339044,19.3450803041853));
#20910=CARTESIAN_POINT('',(0.,20.0770961339044,19.3450803041853));
#20911=CARTESIAN_POINT('',(0.,18.7770961339044,19.3450803041853));
#20912=CARTESIAN_POINT('Origin',(0.,19.4270961339044,19.3450803041853));
#20913=CARTESIAN_POINT('',(1.,18.7770961339044,19.3450803041853));
#20914=CARTESIAN_POINT('',(1.,18.7770961339044,19.3450803041853));
#20915=CARTESIAN_POINT('',(1.,20.0770961339044,19.3450803041853));
#20916=CARTESIAN_POINT('Origin',(1.,19.4270961339044,19.3450803041853));
#20917=CARTESIAN_POINT('',(1.,20.0770961339044,19.3450803041853));
#20918=CARTESIAN_POINT('Origin',(1.,18.7770961339045,9.14509975791175E-14));
#20919=CARTESIAN_POINT('',(0.,18.7770961339044,20.7698026292087));
#20920=CARTESIAN_POINT('',(0.,18.7770961339045,9.14509975791175E-14));
#20921=CARTESIAN_POINT('',(1.,18.7770961339044,20.7698026292087));
#20922=CARTESIAN_POINT('',(1.,18.7770961339044,20.7698026292087));
#20923=CARTESIAN_POINT('',(1.,18.7770961339045,9.14509975791175E-14));
#20924=CARTESIAN_POINT('Origin',(1.,13.6878623876204,23.7080731025699));
#20925=CARTESIAN_POINT('',(0.,13.6878623876204,23.7080731025699));
#20926=CARTESIAN_POINT('',(1.,13.6878623876204,23.7080731025699));
#20927=CARTESIAN_POINT('Origin',(1.,14.3378623876244,24.8339061275054));
#20928=CARTESIAN_POINT('',(0.,19.427096133881,21.89563565416));
#20929=CARTESIAN_POINT('',(0.,14.3378623876244,24.8339061275054));
#20930=CARTESIAN_POINT('',(1.,19.427096133881,21.89563565416));
#20931=CARTESIAN_POINT('',(1.,19.427096133881,21.89563565416));
#20932=CARTESIAN_POINT('',(1.,14.3378623876244,24.8339061275054));
#20933=CARTESIAN_POINT('Origin',(1.,-4.62431432093387,8.00954735449393));
#20934=CARTESIAN_POINT('',(0.,-4.62431432093387,8.00954735449393));
#20935=CARTESIAN_POINT('',(1.,-4.62431432093387,8.00954735449393));
#20936=CARTESIAN_POINT('Origin',(1.,-3.97431432076713,6.88371432881726));
#20937=CARTESIAN_POINT('',(0.,20.0770961339044,20.7698026292121));
#20938=CARTESIAN_POINT('',(0.,-3.97431432076713,6.88371432881726));
#20939=CARTESIAN_POINT('',(1.,20.0770961339044,20.7698026292121));
#20940=CARTESIAN_POINT('',(1.,20.0770961339044,20.7698026292121));
#20941=CARTESIAN_POINT('',(1.,-3.97431432076713,6.88371432881726));
#20942=CARTESIAN_POINT('Origin',(1.,15.9629945187668,25.3450803041839));
#20943=CARTESIAN_POINT('',(0.,16.6129945187668,25.3450803041839));
#20944=CARTESIAN_POINT('',(0.,15.3129945187668,25.3450803041839));
#20945=CARTESIAN_POINT('Origin',(0.,15.9629945187668,25.3450803041839));
#20946=CARTESIAN_POINT('',(1.,15.3129945187668,25.3450803041839));
#20947=CARTESIAN_POINT('',(1.,15.3129945187668,25.3450803041839));
#20948=CARTESIAN_POINT('',(1.,16.6129945187668,25.3450803041839));
#20949=CARTESIAN_POINT('Origin',(1.,15.9629945187668,25.3450803041839));
#20950=CARTESIAN_POINT('',(1.,16.6129945187668,25.3450803041839));
#20951=CARTESIAN_POINT('Origin',(1.,15.3129945187668,0.));
#20952=CARTESIAN_POINT('',(0.,15.3129945187668,26.7698026292077));
#20953=CARTESIAN_POINT('',(0.,15.3129945187668,0.));
#20954=CARTESIAN_POINT('',(1.,15.3129945187668,26.7698026292077));
#20955=CARTESIAN_POINT('',(1.,15.3129945187668,26.7698026292077));
#20956=CARTESIAN_POINT('',(1.,15.3129945187668,0.));
#20957=CARTESIAN_POINT('Origin',(1.,15.4199131951888,26.7080731025945));
#20958=CARTESIAN_POINT('',(0.,15.4199131951888,26.7080731025945));
#20959=CARTESIAN_POINT('',(1.,15.4199131951888,26.7080731025945));
#20960=CARTESIAN_POINT('Origin',(1.,16.0699131951934,27.8339061275297));
#20961=CARTESIAN_POINT('',(0.,15.9629945187434,27.8956356541589));
#20962=CARTESIAN_POINT('',(0.,16.0699131951934,27.8339061275297));
#20963=CARTESIAN_POINT('',(1.,15.9629945187434,27.8956356541589));
#20964=CARTESIAN_POINT('',(1.,15.9629945187434,27.8956356541589));
#20965=CARTESIAN_POINT('',(1.,16.0699131951934,27.8339061275297));
#20966=CARTESIAN_POINT('Origin',(1.,-8.08841593591928,14.0095473545869));
#20967=CARTESIAN_POINT('',(0.,-8.08841593591928,14.0095473545869));
#20968=CARTESIAN_POINT('',(1.,-8.08841593591928,14.0095473545869));
#20969=CARTESIAN_POINT('Origin',(1.,-7.43841593590427,12.8837143288162));
#20970=CARTESIAN_POINT('',(0.,16.6129945187668,26.7698026292107));
#20971=CARTESIAN_POINT('',(0.,-7.43841593590427,12.8837143288162));
#20972=CARTESIAN_POINT('',(1.,16.6129945187668,26.7698026292107));
#20973=CARTESIAN_POINT('',(1.,16.6129945187668,26.7698026292107));
#20974=CARTESIAN_POINT('',(1.,-7.43841593590427,12.8837143288162));
#20975=CARTESIAN_POINT('Origin',(1.,15.9629945187668,21.3450803041845));
#20976=CARTESIAN_POINT('',(0.,16.6129945187668,21.3450803041845));
#20977=CARTESIAN_POINT('',(0.,15.3129945187668,21.3450803041845));
#20978=CARTESIAN_POINT('Origin',(0.,15.9629945187668,21.3450803041845));
#20979=CARTESIAN_POINT('',(1.,15.3129945187668,21.3450803041845));
#20980=CARTESIAN_POINT('',(1.,15.3129945187668,21.3450803041845));
#20981=CARTESIAN_POINT('',(1.,16.6129945187668,21.3450803041845));
#20982=CARTESIAN_POINT('Origin',(1.,15.9629945187668,21.3450803041845));
#20983=CARTESIAN_POINT('',(1.,16.6129945187668,21.3450803041845));
#20984=CARTESIAN_POINT('Origin',(1.,15.3129945187668,0.));
#20985=CARTESIAN_POINT('',(0.,15.3129945187668,22.7698026292082));
#20986=CARTESIAN_POINT('',(0.,15.3129945187668,0.));
#20987=CARTESIAN_POINT('',(1.,15.3129945187668,22.7698026292082));
#20988=CARTESIAN_POINT('',(1.,15.3129945187668,22.7698026292082));
#20989=CARTESIAN_POINT('',(1.,15.3129945187668,0.));
#20990=CARTESIAN_POINT('Origin',(1.,13.6878623876276,23.7080731025823));
#20991=CARTESIAN_POINT('',(0.,13.6878623876276,23.7080731025823));
#20992=CARTESIAN_POINT('',(1.,13.6878623876276,23.7080731025823));
#20993=CARTESIAN_POINT('Origin',(1.,14.3378623876317,24.8339061275176));
#20994=CARTESIAN_POINT('',(0.,15.9629945187434,23.8956356541595));
#20995=CARTESIAN_POINT('',(0.,14.3378623876317,24.8339061275176));
#20996=CARTESIAN_POINT('',(1.,15.9629945187434,23.8956356541595));
#20997=CARTESIAN_POINT('',(1.,15.9629945187434,23.8956356541595));
#20998=CARTESIAN_POINT('',(1.,14.3378623876317,24.8339061275176));
#20999=CARTESIAN_POINT('Origin',(1.,-6.35636512840166,11.0095473544993));
#21000=CARTESIAN_POINT('',(0.,-6.35636512840166,11.0095473544993));
#21001=CARTESIAN_POINT('',(1.,-6.35636512840166,11.0095473544993));
#21002=CARTESIAN_POINT('Origin',(1.,-5.70636512833562,9.88371432881658));
#21003=CARTESIAN_POINT('',(0.,16.6129945187668,22.7698026292112));
#21004=CARTESIAN_POINT('',(0.,-5.70636512833562,9.88371432881658));
#21005=CARTESIAN_POINT('',(1.,16.6129945187668,22.7698026292112));
#21006=CARTESIAN_POINT('',(1.,16.6129945187668,22.7698026292112));
#21007=CARTESIAN_POINT('',(1.,-5.70636512833562,9.88371432881658));
#21008=CARTESIAN_POINT('Origin',(1.,15.9629945187668,17.345080304185));
#21009=CARTESIAN_POINT('',(0.,16.6129945187668,17.345080304185));
#21010=CARTESIAN_POINT('',(0.,15.3129945187668,17.345080304185));
#21011=CARTESIAN_POINT('Origin',(0.,15.9629945187668,17.345080304185));
#21012=CARTESIAN_POINT('',(1.,15.3129945187668,17.345080304185));
#21013=CARTESIAN_POINT('',(1.,15.3129945187668,17.345080304185));
#21014=CARTESIAN_POINT('',(1.,16.6129945187668,17.345080304185));
#21015=CARTESIAN_POINT('Origin',(1.,15.9629945187668,17.345080304185));
#21016=CARTESIAN_POINT('',(1.,16.6129945187668,17.345080304185));
#21017=CARTESIAN_POINT('Origin',(1.,15.3129945187668,0.));
#21018=CARTESIAN_POINT('',(0.,15.3129945187668,18.7698026292088));
#21019=CARTESIAN_POINT('',(0.,15.3129945187668,0.));
#21020=CARTESIAN_POINT('',(1.,15.3129945187668,18.7698026292088));
#21021=CARTESIAN_POINT('',(1.,15.3129945187668,18.7698026292088));
#21022=CARTESIAN_POINT('',(1.,15.3129945187668,0.));
#21023=CARTESIAN_POINT('Origin',(1.,11.9558115800662,20.70807310257));
#21024=CARTESIAN_POINT('',(0.,11.9558115800662,20.70807310257));
#21025=CARTESIAN_POINT('',(1.,11.9558115800662,20.70807310257));
#21026=CARTESIAN_POINT('Origin',(1.,12.6058115800701,21.8339061275056));
#21027=CARTESIAN_POINT('',(0.,15.9629945187434,19.89563565416));
#21028=CARTESIAN_POINT('',(0.,12.6058115800701,21.8339061275056));
#21029=CARTESIAN_POINT('',(1.,15.9629945187434,19.89563565416));
#21030=CARTESIAN_POINT('',(1.,15.9629945187434,19.89563565416));
#21031=CARTESIAN_POINT('',(1.,12.6058115800701,21.8339061275056));
#21032=CARTESIAN_POINT('Origin',(1.,-4.62431432088408,8.00954735441162));
#21033=CARTESIAN_POINT('',(0.,-4.62431432088408,8.00954735441162));
#21034=CARTESIAN_POINT('',(1.,-4.62431432088408,8.00954735441162));
#21035=CARTESIAN_POINT('Origin',(1.,-3.97431432076699,6.88371432881704));
#21036=CARTESIAN_POINT('',(0.,16.6129945187668,18.7698026292118));
#21037=CARTESIAN_POINT('',(0.,-3.97431432076699,6.88371432881704));
#21038=CARTESIAN_POINT('',(1.,16.6129945187668,18.7698026292118));
#21039=CARTESIAN_POINT('',(1.,16.6129945187668,18.7698026292118));
#21040=CARTESIAN_POINT('',(1.,-3.97431432076699,6.88371432881704));
#21041=CARTESIAN_POINT('Origin',(1.,12.4988929036292,27.3450803041835));
#21042=CARTESIAN_POINT('',(0.,13.1488929036292,27.3450803041835));
#21043=CARTESIAN_POINT('',(0.,11.8488929036292,27.3450803041835));
#21044=CARTESIAN_POINT('Origin',(0.,12.4988929036292,27.3450803041835));
#21045=CARTESIAN_POINT('',(1.,11.8488929036292,27.3450803041835));
#21046=CARTESIAN_POINT('',(1.,11.8488929036292,27.3450803041835));
#21047=CARTESIAN_POINT('',(1.,13.1488929036292,27.3450803041835));
#21048=CARTESIAN_POINT('Origin',(1.,12.4988929036292,27.3450803041835));
#21049=CARTESIAN_POINT('',(1.,13.1488929036292,27.3450803041835));
#21050=CARTESIAN_POINT('Origin',(1.,11.8488929036292,0.));
#21051=CARTESIAN_POINT('',(0.,11.8488929036292,28.7698026292072));
#21052=CARTESIAN_POINT('',(0.,11.8488929036292,0.));
#21053=CARTESIAN_POINT('',(1.,11.8488929036292,28.7698026292072));
#21054=CARTESIAN_POINT('',(1.,11.8488929036292,28.7698026292072));
#21055=CARTESIAN_POINT('',(1.,11.8488929036292,0.));
#21056=CARTESIAN_POINT('Origin',(1.,15.4199131951961,26.7080731026069));
#21057=CARTESIAN_POINT('',(0.,15.4199131951961,26.7080731026069));
#21058=CARTESIAN_POINT('',(1.,15.4199131951961,26.7080731026069));
#21059=CARTESIAN_POINT('Origin',(1.,16.0699131952008,27.8339061275417));
#21060=CARTESIAN_POINT('',(0.,12.4988929036058,29.8956356541584));
#21061=CARTESIAN_POINT('',(0.,16.0699131952008,27.8339061275417));
#21062=CARTESIAN_POINT('',(1.,12.4988929036058,29.8956356541584));
#21063=CARTESIAN_POINT('',(1.,12.4988929036058,29.8956356541584));
#21064=CARTESIAN_POINT('',(1.,16.0699131952008,27.8339061275417));
#21065=CARTESIAN_POINT('Origin',(1.,-9.82046674338597,17.0095473545861));
#21066=CARTESIAN_POINT('',(0.,-9.82046674338597,17.0095473545861));
#21067=CARTESIAN_POINT('',(1.,-9.82046674338597,17.0095473545861));
#21068=CARTESIAN_POINT('Origin',(1.,-9.1704667434729,15.8837143288158));
#21069=CARTESIAN_POINT('',(0.,13.1488929036292,28.7698026292102));
#21070=CARTESIAN_POINT('',(0.,-9.1704667434729,15.8837143288158));
#21071=CARTESIAN_POINT('',(1.,13.1488929036292,28.7698026292102));
#21072=CARTESIAN_POINT('',(1.,13.1488929036292,28.7698026292102));
#21073=CARTESIAN_POINT('',(1.,-9.1704667434729,15.8837143288158));
#21074=CARTESIAN_POINT('Origin',(1.,12.4988929036292,23.345080304184));
#21075=CARTESIAN_POINT('',(0.,13.1488929036292,23.345080304184));
#21076=CARTESIAN_POINT('',(0.,11.8488929036292,23.345080304184));
#21077=CARTESIAN_POINT('Origin',(0.,12.4988929036292,23.345080304184));
#21078=CARTESIAN_POINT('',(1.,11.8488929036292,23.345080304184));
#21079=CARTESIAN_POINT('',(1.,11.8488929036292,23.345080304184));
#21080=CARTESIAN_POINT('',(1.,13.1488929036292,23.345080304184));
#21081=CARTESIAN_POINT('Origin',(1.,12.4988929036292,23.345080304184));
#21082=CARTESIAN_POINT('',(1.,13.1488929036292,23.345080304184));
#21083=CARTESIAN_POINT('Origin',(1.,11.8488929036292,0.));
#21084=CARTESIAN_POINT('',(0.,11.8488929036292,24.7698026292078));
#21085=CARTESIAN_POINT('',(0.,11.8488929036292,0.));
#21086=CARTESIAN_POINT('',(1.,11.8488929036292,24.7698026292078));
#21087=CARTESIAN_POINT('',(1.,11.8488929036292,24.7698026292078));
#21088=CARTESIAN_POINT('',(1.,11.8488929036292,0.));
#21089=CARTESIAN_POINT('Origin',(1.,13.6878623876347,23.7080731025947));
#21090=CARTESIAN_POINT('',(0.,13.6878623876347,23.7080731025947));
#21091=CARTESIAN_POINT('',(1.,13.6878623876347,23.7080731025947));
#21092=CARTESIAN_POINT('Origin',(1.,14.337862387639,24.8339061275298));
#21093=CARTESIAN_POINT('',(0.,12.4988929036058,25.895635654159));
#21094=CARTESIAN_POINT('',(0.,14.337862387639,24.8339061275298));
#21095=CARTESIAN_POINT('',(1.,12.4988929036058,25.895635654159));
#21096=CARTESIAN_POINT('',(1.,12.4988929036058,25.895635654159));
#21097=CARTESIAN_POINT('',(1.,14.337862387639,24.8339061275298));
#21098=CARTESIAN_POINT('Origin',(1.,-8.08841593586829,14.0095473544985));
#21099=CARTESIAN_POINT('',(0.,-8.08841593586829,14.0095473544985));
#21100=CARTESIAN_POINT('',(1.,-8.08841593586829,14.0095473544985));
#21101=CARTESIAN_POINT('Origin',(1.,-7.43841593590426,12.8837143288162));
#21102=CARTESIAN_POINT('',(0.,13.1488929036292,24.7698026292108));
#21103=CARTESIAN_POINT('',(0.,-7.43841593590426,12.8837143288162));
#21104=CARTESIAN_POINT('',(1.,13.1488929036292,24.7698026292108));
#21105=CARTESIAN_POINT('',(1.,13.1488929036292,24.7698026292108));
#21106=CARTESIAN_POINT('',(1.,-7.43841593590426,12.8837143288162));
#21107=CARTESIAN_POINT('Origin',(1.,12.4988929036292,19.3450803041846));
#21108=CARTESIAN_POINT('',(0.,13.1488929036292,19.3450803041846));
#21109=CARTESIAN_POINT('',(0.,11.8488929036292,19.3450803041846));
#21110=CARTESIAN_POINT('Origin',(0.,12.4988929036292,19.3450803041846));
#21111=CARTESIAN_POINT('',(1.,11.8488929036292,19.3450803041846));
#21112=CARTESIAN_POINT('',(1.,11.8488929036292,19.3450803041846));
#21113=CARTESIAN_POINT('',(1.,13.1488929036292,19.3450803041846));
#21114=CARTESIAN_POINT('Origin',(1.,12.4988929036292,19.3450803041846));
#21115=CARTESIAN_POINT('',(1.,13.1488929036292,19.3450803041846));
#21116=CARTESIAN_POINT('Origin',(1.,11.8488929036292,0.));
#21117=CARTESIAN_POINT('',(0.,11.8488929036292,20.7698026292083));
#21118=CARTESIAN_POINT('',(0.,11.8488929036292,0.));
#21119=CARTESIAN_POINT('',(1.,11.8488929036292,20.7698026292083));
#21120=CARTESIAN_POINT('',(1.,11.8488929036292,20.7698026292083));
#21121=CARTESIAN_POINT('',(1.,11.8488929036292,0.));
#21122=CARTESIAN_POINT('Origin',(1.,11.9558115800734,20.7080731025824));
#21123=CARTESIAN_POINT('',(0.,11.9558115800734,20.7080731025824));
#21124=CARTESIAN_POINT('',(1.,11.9558115800734,20.7080731025824));
#21125=CARTESIAN_POINT('Origin',(1.,12.6058115800774,21.8339061275178));
#21126=CARTESIAN_POINT('',(0.,12.4988929036058,21.8956356541596));
#21127=CARTESIAN_POINT('',(0.,12.6058115800774,21.8339061275178));
#21128=CARTESIAN_POINT('',(1.,12.4988929036058,21.8956356541596));
#21129=CARTESIAN_POINT('',(1.,12.4988929036058,21.8956356541596));
#21130=CARTESIAN_POINT('',(1.,12.6058115800774,21.8339061275178));
#21131=CARTESIAN_POINT('Origin',(1.,-6.35636512835065,11.009547354411));
#21132=CARTESIAN_POINT('',(0.,-6.35636512835065,11.009547354411));
#21133=CARTESIAN_POINT('',(1.,-6.35636512835065,11.009547354411));
#21134=CARTESIAN_POINT('Origin',(1.,-5.70636512833563,9.88371432881663));
#21135=CARTESIAN_POINT('',(0.,13.1488929036292,20.7698026292113));
#21136=CARTESIAN_POINT('',(0.,-5.70636512833563,9.88371432881663));
#21137=CARTESIAN_POINT('',(1.,13.1488929036292,20.7698026292113));
#21138=CARTESIAN_POINT('',(1.,13.1488929036292,20.7698026292113));
#21139=CARTESIAN_POINT('',(1.,-5.70636512833563,9.88371432881663));
#21140=CARTESIAN_POINT('Origin',(1.,12.4988929036292,15.3450803041851));
#21141=CARTESIAN_POINT('',(0.,13.1488929036292,15.3450803041851));
#21142=CARTESIAN_POINT('',(0.,11.8488929036292,15.3450803041851));
#21143=CARTESIAN_POINT('Origin',(0.,12.4988929036292,15.3450803041851));
#21144=CARTESIAN_POINT('',(1.,11.8488929036292,15.3450803041851));
#21145=CARTESIAN_POINT('',(1.,11.8488929036292,15.3450803041851));
#21146=CARTESIAN_POINT('',(1.,13.1488929036292,15.3450803041851));
#21147=CARTESIAN_POINT('Origin',(1.,12.4988929036292,15.3450803041851));
#21148=CARTESIAN_POINT('',(1.,13.1488929036292,15.3450803041851));
#21149=CARTESIAN_POINT('Origin',(1.,11.8488929036292,0.));
#21150=CARTESIAN_POINT('',(0.,11.8488929036292,16.7698026292089));
#21151=CARTESIAN_POINT('',(0.,11.8488929036292,0.));
#21152=CARTESIAN_POINT('',(1.,11.8488929036292,16.7698026292089));
#21153=CARTESIAN_POINT('',(1.,11.8488929036292,16.7698026292089));
#21154=CARTESIAN_POINT('',(1.,11.8488929036292,0.));
#21155=CARTESIAN_POINT('Origin',(1.,10.223760772512,17.7080731025701));
#21156=CARTESIAN_POINT('',(0.,10.223760772512,17.7080731025701));
#21157=CARTESIAN_POINT('',(1.,10.223760772512,17.7080731025701));
#21158=CARTESIAN_POINT('Origin',(1.,10.8737607725158,18.8339061275057));
#21159=CARTESIAN_POINT('',(0.,12.4988929036058,17.8956356541601));
#21160=CARTESIAN_POINT('',(0.,10.8737607725158,18.8339061275057));
#21161=CARTESIAN_POINT('',(1.,12.4988929036058,17.8956356541601));
#21162=CARTESIAN_POINT('',(1.,12.4988929036058,17.8956356541601));
#21163=CARTESIAN_POINT('',(1.,10.8737607725158,18.8339061275057));
#21164=CARTESIAN_POINT('Origin',(1.,-4.62431432083305,8.00954735432324));
#21165=CARTESIAN_POINT('',(0.,-4.62431432083305,8.00954735432324));
#21166=CARTESIAN_POINT('',(1.,-4.62431432083305,8.00954735432324));
#21167=CARTESIAN_POINT('Origin',(1.,-3.97431432076698,6.88371432881699));
#21168=CARTESIAN_POINT('',(0.,13.1488929036292,16.7698026292119));
#21169=CARTESIAN_POINT('',(0.,-3.97431432076698,6.88371432881699));
#21170=CARTESIAN_POINT('',(1.,13.1488929036292,16.7698026292119));
#21171=CARTESIAN_POINT('',(1.,13.1488929036292,16.7698026292119));
#21172=CARTESIAN_POINT('',(1.,-3.97431432076698,6.88371432881699));
#21173=CARTESIAN_POINT('Origin',(1.,12.4988929036292,11.3450803041857));
#21174=CARTESIAN_POINT('',(0.,13.1488929036292,11.3450803041857));
#21175=CARTESIAN_POINT('',(0.,11.8488929036292,11.3450803041857));
#21176=CARTESIAN_POINT('Origin',(0.,12.4988929036292,11.3450803041857));
#21177=CARTESIAN_POINT('',(1.,11.8488929036292,11.3450803041857));
#21178=CARTESIAN_POINT('',(1.,11.8488929036292,11.3450803041857));
#21179=CARTESIAN_POINT('',(1.,13.1488929036292,11.3450803041857));
#21180=CARTESIAN_POINT('Origin',(1.,12.4988929036292,11.3450803041857));
#21181=CARTESIAN_POINT('',(1.,13.1488929036292,11.3450803041857));
#21182=CARTESIAN_POINT('Origin',(1.,11.8488929036292,0.));
#21183=CARTESIAN_POINT('',(0.,11.8488929036292,12.7698026292094));
#21184=CARTESIAN_POINT('',(0.,11.8488929036292,0.));
#21185=CARTESIAN_POINT('',(1.,11.8488929036292,12.7698026292094));
#21186=CARTESIAN_POINT('',(1.,11.8488929036292,12.7698026292094));
#21187=CARTESIAN_POINT('',(1.,11.8488929036292,0.));
#21188=CARTESIAN_POINT('Origin',(1.,8.49170996495067,14.7080731025579));
#21189=CARTESIAN_POINT('',(0.,8.49170996495067,14.7080731025579));
#21190=CARTESIAN_POINT('',(1.,8.49170996495067,14.7080731025579));
#21191=CARTESIAN_POINT('Origin',(1.,9.14170996495432,15.8339061274936));
#21192=CARTESIAN_POINT('',(0.,12.4988929036058,13.8956356541607));
#21193=CARTESIAN_POINT('',(0.,9.14170996495432,15.8339061274936));
#21194=CARTESIAN_POINT('',(1.,12.4988929036058,13.8956356541607));
#21195=CARTESIAN_POINT('',(1.,12.4988929036058,13.8956356541607));
#21196=CARTESIAN_POINT('',(1.,9.14170996495432,15.8339061274936));
#21197=CARTESIAN_POINT('Origin',(1.,-2.89226351331553,5.0095473542356));
#21198=CARTESIAN_POINT('',(0.,-2.89226351331553,5.0095473542356));
#21199=CARTESIAN_POINT('',(1.,-2.89226351331553,5.0095473542356));
#21200=CARTESIAN_POINT('Origin',(1.,-2.24226351319835,3.88371432881743));
#21201=CARTESIAN_POINT('',(0.,13.1488929036292,12.7698026292124));
#21202=CARTESIAN_POINT('',(0.,-2.24226351319835,3.88371432881743));
#21203=CARTESIAN_POINT('',(1.,13.1488929036292,12.7698026292124));
#21204=CARTESIAN_POINT('',(1.,13.1488929036292,12.7698026292124));
#21205=CARTESIAN_POINT('',(1.,-2.24226351319835,3.88371432881743));
#21206=CARTESIAN_POINT('Origin',(1.,-2.89226351319834,5.00954735373717));
#21207=CARTESIAN_POINT('',(0.,-2.89226351319834,5.00954735373717));
#21208=CARTESIAN_POINT('',(1.,-2.89226351319834,5.00954735373717));
#21209=CARTESIAN_POINT('Origin',(1.,8.49170996494334,14.7080731025451));
#21210=CARTESIAN_POINT('',(0.,8.49170996494334,14.7080731025451));
#21211=CARTESIAN_POINT('',(1.,8.49170996494334,14.7080731025451));
#21212=CARTESIAN_POINT('Origin',(1.,6.22068967335405,0.));
#21213=CARTESIAN_POINT('',(0.,6.22068967335405,0.));
#21214=CARTESIAN_POINT('',(1.,6.22068967335405,0.));
#21215=CARTESIAN_POINT('Origin',(1.,20.0770961339047,0.));
#21216=CARTESIAN_POINT('',(0.,20.0770961339047,0.));
#21217=CARTESIAN_POINT('',(1.,20.0770961339047,0.));
#21218=CARTESIAN_POINT('Origin',(1.,6.22068967335444,0.));
#21219=CARTESIAN_POINT('',(0.,6.22068967335444,0.));
#21220=CARTESIAN_POINT('',(1.,6.22068967335444,0.));
#21221=CARTESIAN_POINT('Origin',(1.,6.22068967335444,0.));
#21222=CARTESIAN_POINT('',(0.,6.22068967335444,0.));
#21223=CARTESIAN_POINT('',(1.,6.22068967335444,0.));
#21224=CARTESIAN_POINT('Origin',(1.,6.22068967335444,0.));
#21225=CARTESIAN_POINT('',(0.,6.22068967335444,0.));
#21226=CARTESIAN_POINT('',(1.,6.22068967335444,0.));
#21227=CARTESIAN_POINT('Origin',(1.,6.22068967335444,0.));
#21228=CARTESIAN_POINT('',(0.,6.22068967335444,0.));
#21229=CARTESIAN_POINT('',(1.,6.22068967335444,0.));
#21230=CARTESIAN_POINT('Origin',(1.,9.68479128849181,0.));
#21231=CARTESIAN_POINT('',(0.,9.68479128849181,0.));
#21232=CARTESIAN_POINT('',(1.,9.68479128849181,0.));
#21233=CARTESIAN_POINT('Origin',(1.,9.68479128849181,0.));
#21234=CARTESIAN_POINT('',(0.,9.68479128849181,0.));
#21235=CARTESIAN_POINT('',(1.,9.68479128849181,0.));
#21236=CARTESIAN_POINT('Origin',(1.,9.68479128849181,0.));
#21237=CARTESIAN_POINT('',(0.,9.68479128849181,0.));
#21238=CARTESIAN_POINT('',(1.,9.68479128849181,0.));
#21239=CARTESIAN_POINT('Origin',(1.,9.68479128849181,0.));
#21240=CARTESIAN_POINT('',(0.,9.68479128849181,0.));
#21241=CARTESIAN_POINT('',(1.,9.68479128849181,0.));
#21242=CARTESIAN_POINT('Origin',(1.,20.0770961339047,0.));
#21243=CARTESIAN_POINT('',(0.,20.0770961339047,0.));
#21244=CARTESIAN_POINT('',(1.,20.0770961339047,0.));
#21245=CARTESIAN_POINT('Origin',(1.,16.6129945187669,0.));
#21246=CARTESIAN_POINT('',(0.,16.6129945187669,0.));
#21247=CARTESIAN_POINT('',(1.,16.6129945187669,0.));
#21248=CARTESIAN_POINT('Origin',(1.,20.0770961339044,0.));
#21249=CARTESIAN_POINT('',(0.,20.0770961339044,0.));
#21250=CARTESIAN_POINT('',(1.,20.0770961339044,0.));
#21251=CARTESIAN_POINT('Origin',(1.,20.0770961339044,0.));
#21252=CARTESIAN_POINT('',(0.,20.0770961339044,0.));
#21253=CARTESIAN_POINT('',(1.,20.0770961339044,0.));
#21254=CARTESIAN_POINT('Origin',(1.,20.0770961339044,0.));
#21255=CARTESIAN_POINT('',(0.,20.0770961339044,0.));
#21256=CARTESIAN_POINT('',(1.,20.0770961339044,0.));
#21257=CARTESIAN_POINT('Origin',(1.,16.6129945187668,0.));
#21258=CARTESIAN_POINT('',(0.,16.6129945187668,0.));
#21259=CARTESIAN_POINT('',(1.,16.6129945187668,0.));
#21260=CARTESIAN_POINT('Origin',(1.,16.6129945187668,0.));
#21261=CARTESIAN_POINT('',(0.,16.6129945187668,0.));
#21262=CARTESIAN_POINT('',(1.,16.6129945187668,0.));
#21263=CARTESIAN_POINT('Origin',(1.,16.6129945187668,0.));
#21264=CARTESIAN_POINT('',(0.,16.6129945187668,0.));
#21265=CARTESIAN_POINT('',(1.,16.6129945187668,0.));
#21266=CARTESIAN_POINT('Origin',(1.,13.1488929036292,0.));
#21267=CARTESIAN_POINT('',(0.,13.1488929036292,0.));
#21268=CARTESIAN_POINT('',(1.,13.1488929036292,0.));
#21269=CARTESIAN_POINT('Origin',(1.,13.1488929036292,0.));
#21270=CARTESIAN_POINT('',(0.,13.1488929036292,0.));
#21271=CARTESIAN_POINT('',(1.,13.1488929036292,0.));
#21272=CARTESIAN_POINT('Origin',(1.,13.1488929036292,0.));
#21273=CARTESIAN_POINT('',(0.,13.1488929036292,0.));
#21274=CARTESIAN_POINT('',(1.,13.1488929036292,0.));
#21275=CARTESIAN_POINT('Origin',(1.,13.1488929036292,0.));
#21276=CARTESIAN_POINT('',(0.,13.1488929036292,0.));
#21277=CARTESIAN_POINT('',(1.,13.1488929036292,0.));
#21278=CARTESIAN_POINT('Origin',(1.,13.1488929036292,0.));
#21279=CARTESIAN_POINT('',(0.,13.1488929036292,0.));
#21280=CARTESIAN_POINT('',(1.,13.1488929036292,0.));
#21281=CARTESIAN_POINT('Origin',(1.,4.49999999999999,10.7));
#21282=CARTESIAN_POINT('Origin',(0.,4.49999999999999,10.7));
#21283=CARTESIAN_POINT('Origin',(1.,4.49999999999999,10.7));
#21284=CARTESIAN_POINT('Origin',(1.,0.,0.));
#21285=CARTESIAN_POINT('Origin',(0.,0.,0.));
#21286=CARTESIAN_POINT('Origin',(2.65,22.4,104.));
#21287=CARTESIAN_POINT('',(2.65,21.35,104.));
#21288=CARTESIAN_POINT('',(3.7,22.4,104.));
#21289=CARTESIAN_POINT('Origin',(2.65,22.4,104.));
#21290=CARTESIAN_POINT('',(2.65,21.35,30.6540496217745));
#21291=CARTESIAN_POINT('',(2.65,21.35,104.));
#21292=CARTESIAN_POINT('',(1.61922359359559,22.6,28.8));
#21293=CARTESIAN_POINT('Ctrl Pts',(2.65,21.35,30.6540496217739));
#21294=CARTESIAN_POINT('Ctrl Pts',(2.49488750958681,21.35,30.6540496217739));
#21295=CARTESIAN_POINT('Ctrl Pts',(2.33277415524596,21.3866812399034,30.6403734056487));
#21296=CARTESIAN_POINT('Ctrl Pts',(2.048704315151,21.5248489563474,30.5749639765842));
#21297=CARTESIAN_POINT('Ctrl Pts',(1.92711358748998,21.6262275186558,30.5214273286183));
#21298=CARTESIAN_POINT('Ctrl Pts',(1.74236942379062,21.850262724729,30.3676186032373));
#21299=CARTESIAN_POINT('Ctrl Pts',(1.67270581509824,21.9988647689721,30.2395309981986));
#21300=CARTESIAN_POINT('Ctrl Pts',(1.59830348464151,22.2583645056912,29.9404628405994));
#21301=CARTESIAN_POINT('Ctrl Pts',(1.59659281376075,22.3872455640139,29.7300097050386));
#21302=CARTESIAN_POINT('Ctrl Pts',(1.60844038795882,22.5580614010971,29.2745100481483));
#21303=CARTESIAN_POINT('Ctrl Pts',(1.61922359359559,22.6,29.0293970094819));
#21304=CARTESIAN_POINT('Ctrl Pts',(1.61922359359559,22.6,28.8));
#21305=CARTESIAN_POINT('',(1.61922359359559,22.6,12.6));
#21306=CARTESIAN_POINT('',(1.61922359359559,22.6,104.));
#21307=CARTESIAN_POINT('',(2.65,21.35,10.7459503782256));
#21308=CARTESIAN_POINT('Ctrl Pts',(1.61922359359559,22.6,12.6));
#21309=CARTESIAN_POINT('Ctrl Pts',(1.61922359359559,22.6,12.3706029905181));
#21310=CARTESIAN_POINT('Ctrl Pts',(1.60844038795882,22.5580614010971,12.1254899518517));
#21311=CARTESIAN_POINT('Ctrl Pts',(1.59659281376076,22.3872455640139,11.6699902949614));
#21312=CARTESIAN_POINT('Ctrl Pts',(1.59830348464151,22.2583645056912,11.4595371594006));
#21313=CARTESIAN_POINT('Ctrl Pts',(1.67270581509824,21.9988647689721,11.1604690018014));
#21314=CARTESIAN_POINT('Ctrl Pts',(1.74236942379062,21.850262724729,11.0323813967627));
#21315=CARTESIAN_POINT('Ctrl Pts',(1.92711358748998,21.6262275186558,10.8785726713817));
#21316=CARTESIAN_POINT('Ctrl Pts',(2.048704315151,21.5248489563474,10.8250360234158));
#21317=CARTESIAN_POINT('Ctrl Pts',(2.33277415524597,21.3866812399034,10.7596265943513));
#21318=CARTESIAN_POINT('Ctrl Pts',(2.49488750958681,21.35,10.7459503782261));
#21319=CARTESIAN_POINT('Ctrl Pts',(2.65,21.35,10.7459503782261));
#21320=CARTESIAN_POINT('',(2.65,21.35,0.));
#21321=CARTESIAN_POINT('',(2.65,21.35,104.));
#21322=CARTESIAN_POINT('',(3.7,22.4,0.));
#21323=CARTESIAN_POINT('Origin',(2.65,22.4,0.));
#21324=CARTESIAN_POINT('',(3.7,22.4,11.3282202112897));
#21325=CARTESIAN_POINT('',(3.7,22.4,104.));
#21326=CARTESIAN_POINT('',(3.68077640640441,22.6,12.2));
#21327=CARTESIAN_POINT('Ctrl Pts',(3.7,22.3999999999991,11.3282202112901));
#21328=CARTESIAN_POINT('Ctrl Pts',(3.70000000000002,22.4267156503555,11.383381126081));
#21329=CARTESIAN_POINT('Ctrl Pts',(3.69898425186785,22.4510145030711,11.4400373488928));
#21330=CARTESIAN_POINT('Ctrl Pts',(3.69155961204118,22.5580614010971,11.7254899518517));
#21331=CARTESIAN_POINT('Ctrl Pts',(3.68077640640441,22.6,11.9706029905181));
#21332=CARTESIAN_POINT('Ctrl Pts',(3.68077640640441,22.6,12.2));
#21333=CARTESIAN_POINT('',(3.68077640640441,22.6,29.2));
#21334=CARTESIAN_POINT('',(3.68077640640441,22.6,104.));
#21335=CARTESIAN_POINT('',(3.7,22.4,30.0717797887104));
#21336=CARTESIAN_POINT('Ctrl Pts',(3.68077640640441,22.6,29.2));
#21337=CARTESIAN_POINT('Ctrl Pts',(3.68077640640441,22.6,29.4293970094819));
#21338=CARTESIAN_POINT('Ctrl Pts',(3.69155961204118,22.5580614010971,29.6745100481483));
#21339=CARTESIAN_POINT('Ctrl Pts',(3.69898425186786,22.4510145030711,29.9599626511072));
#21340=CARTESIAN_POINT('Ctrl Pts',(3.70000000000002,22.4267156503555,30.016618873919));
#21341=CARTESIAN_POINT('Ctrl Pts',(3.7,22.3999999999991,30.07177978871));
#21342=CARTESIAN_POINT('',(3.7,22.4,104.));
#21343=CARTESIAN_POINT('Origin',(2.65,2.6,104.));
#21344=CARTESIAN_POINT('',(2.65,3.65,10.7459503782256));
#21345=CARTESIAN_POINT('',(1.61922359359558,2.4,12.6));
#21346=CARTESIAN_POINT('Ctrl Pts',(2.65,3.65,10.7459503782261));
#21347=CARTESIAN_POINT('Ctrl Pts',(2.49488750958681,3.65,10.7459503782261));
#21348=CARTESIAN_POINT('Ctrl Pts',(2.33277415524597,3.61331876009659,10.7596265943513));
#21349=CARTESIAN_POINT('Ctrl Pts',(2.04870431515101,3.47515104365261,10.8250360234158));
#21350=CARTESIAN_POINT('Ctrl Pts',(1.92711358748999,3.37377248134415,10.8785726713817));
#21351=CARTESIAN_POINT('Ctrl Pts',(1.74236942379062,3.14973727527095,11.0323813967627));
#21352=CARTESIAN_POINT('Ctrl Pts',(1.67270581509824,3.00113523102794,11.1604690018014));
#21353=CARTESIAN_POINT('Ctrl Pts',(1.59830348464151,2.74163549430881,11.4595371594006));
#21354=CARTESIAN_POINT('Ctrl Pts',(1.59659281376076,2.61275443598612,11.6699902949614));
#21355=CARTESIAN_POINT('Ctrl Pts',(1.60844038795882,2.4419385989029,12.1254899518517));
#21356=CARTESIAN_POINT('Ctrl Pts',(1.61922359359558,2.4,12.3706029905181));
#21357=CARTESIAN_POINT('Ctrl Pts',(1.61922359359558,2.4,12.6));
#21358=CARTESIAN_POINT('',(1.61922359359558,2.4,28.8));
#21359=CARTESIAN_POINT('',(1.61922359359558,2.4,104.));
#21360=CARTESIAN_POINT('',(2.65,3.65,30.6540496217745));
#21361=CARTESIAN_POINT('Ctrl Pts',(1.61922359359558,2.4,28.8));
#21362=CARTESIAN_POINT('Ctrl Pts',(1.61922359359558,2.4,29.0293970094819));
#21363=CARTESIAN_POINT('Ctrl Pts',(1.60844038795882,2.4419385989029,29.2745100481483));
#21364=CARTESIAN_POINT('Ctrl Pts',(1.59659281376076,2.61275443598612,29.7300097050386));
#21365=CARTESIAN_POINT('Ctrl Pts',(1.59830348464151,2.74163549430881,29.9404628405994));
#21366=CARTESIAN_POINT('Ctrl Pts',(1.67270581509824,3.00113523102794,30.2395309981986));
#21367=CARTESIAN_POINT('Ctrl Pts',(1.74236942379062,3.14973727527095,30.3676186032373));
#21368=CARTESIAN_POINT('Ctrl Pts',(1.92711358748999,3.37377248134415,30.5214273286183));
#21369=CARTESIAN_POINT('Ctrl Pts',(2.04870431515101,3.47515104365261,30.5749639765842));
#21370=CARTESIAN_POINT('Ctrl Pts',(2.33277415524597,3.61331876009659,30.6403734056487));
#21371=CARTESIAN_POINT('Ctrl Pts',(2.49488750958681,3.65,30.6540496217739));
#21372=CARTESIAN_POINT('Ctrl Pts',(2.65,3.65,30.6540496217739));
#21373=CARTESIAN_POINT('',(2.65,3.65,104.));
#21374=CARTESIAN_POINT('',(2.65,3.65,104.));
#21375=CARTESIAN_POINT('',(3.7,2.6,104.));
#21376=CARTESIAN_POINT('Origin',(2.65,2.6,104.));
#21377=CARTESIAN_POINT('',(3.7,2.6,30.0717797887104));
#21378=CARTESIAN_POINT('',(3.7,2.6,104.));
#21379=CARTESIAN_POINT('',(3.68077640640442,2.4,29.2));
#21380=CARTESIAN_POINT('Ctrl Pts',(3.7,2.60000000000088,30.0717797887099));
#21381=CARTESIAN_POINT('Ctrl Pts',(3.70000000000002,2.57328434964447,30.016618873919));
#21382=CARTESIAN_POINT('Ctrl Pts',(3.69898425186786,2.54898549692889,29.9599626511072));
#21383=CARTESIAN_POINT('Ctrl Pts',(3.69155961204118,2.4419385989029,29.6745100481483));
#21384=CARTESIAN_POINT('Ctrl Pts',(3.68077640640441,2.4,29.4293970094819));
#21385=CARTESIAN_POINT('Ctrl Pts',(3.68077640640441,2.4,29.2));
#21386=CARTESIAN_POINT('',(3.68077640640442,2.4,12.2));
#21387=CARTESIAN_POINT('',(3.68077640640442,2.4,104.));
#21388=CARTESIAN_POINT('',(3.7,2.6,11.3282202112897));
#21389=CARTESIAN_POINT('Ctrl Pts',(3.68077640640442,2.4,12.2));
#21390=CARTESIAN_POINT('Ctrl Pts',(3.68077640640441,2.4,11.9706029905181));
#21391=CARTESIAN_POINT('Ctrl Pts',(3.69155961204118,2.4419385989029,11.7254899518517));
#21392=CARTESIAN_POINT('Ctrl Pts',(3.69898425186786,2.54898549692888,11.4400373488928));
#21393=CARTESIAN_POINT('Ctrl Pts',(3.70000000000002,2.57328434964445,11.3833811260811));
#21394=CARTESIAN_POINT('Ctrl Pts',(3.7,2.60000000000085,11.3282202112901));
#21395=CARTESIAN_POINT('',(3.7,2.6,0.));
#21396=CARTESIAN_POINT('',(3.7,2.6,104.));
#21397=CARTESIAN_POINT('',(2.65,3.65,0.));
#21398=CARTESIAN_POINT('Origin',(2.65,2.6,0.));
#21399=CARTESIAN_POINT('',(2.65,3.65,104.));
#21400=CARTESIAN_POINT('Origin',(58.1,0.,104.));
#21401=CARTESIAN_POINT('',(58.1,1.,104.));
#21402=CARTESIAN_POINT('',(58.1,24.,104.));
#21403=CARTESIAN_POINT('',(58.1,0.,104.));
#21404=CARTESIAN_POINT('',(58.1,1.,0.));
#21405=CARTESIAN_POINT('',(58.1,1.,104.));
#21406=CARTESIAN_POINT('',(58.1,24.,0.));
#21407=CARTESIAN_POINT('',(58.1,0.,0.));
#21408=CARTESIAN_POINT('',(58.1,24.,104.));
#21409=CARTESIAN_POINT('',(58.1,13.5,17.6));
#21410=CARTESIAN_POINT('',(58.1,11.5,17.6));
#21411=CARTESIAN_POINT('Origin',(58.1,12.5,17.6));
#21412=CARTESIAN_POINT('',(58.1,11.5,20.1));
#21413=CARTESIAN_POINT('',(58.1,11.5,16.6));
#21414=CARTESIAN_POINT('',(58.1,13.5,20.1));
#21415=CARTESIAN_POINT('Origin',(58.1,12.5,20.1));
#21416=CARTESIAN_POINT('',(58.1,13.5,16.6));
#21417=CARTESIAN_POINT('',(58.1,7.52242571495911,17.5846586966804));
#21418=CARTESIAN_POINT('',(58.1,7.52242571495911,20.0846586966804));
#21419=CARTESIAN_POINT('',(58.1,7.52242571495911,1.44992538711458E-15));
#21420=CARTESIAN_POINT('',(58.1,5.5224257149591,17.5846586966804));
#21421=CARTESIAN_POINT('Origin',(58.1,6.52242571495911,17.5846586966804));
#21422=CARTESIAN_POINT('',(58.1,5.5224257149591,20.0846586966804));
#21423=CARTESIAN_POINT('',(58.1,5.52242571495911,1.06443128134195E-15));
#21424=CARTESIAN_POINT('Origin',(58.1,6.5224257149591,20.0846586966804));
#21425=CARTESIAN_POINT('',(58.1,16.5,14.1));
#21426=CARTESIAN_POINT('',(58.1,14.5,14.1));
#21427=CARTESIAN_POINT('Origin',(58.1,15.5,14.1));
#21428=CARTESIAN_POINT('',(58.1,14.5,20.0999999999999));
#21429=CARTESIAN_POINT('',(58.1,14.5,3.14418630020802E-15));
#21430=CARTESIAN_POINT('',(58.1,16.5,20.0999999999999));
#21431=CARTESIAN_POINT('Origin',(58.1,15.5,20.0999999999999));
#21432=CARTESIAN_POINT('',(58.1,16.5,0.));
#21433=CARTESIAN_POINT('',(58.1,17.4999999999999,14.5999999999999));
#21434=CARTESIAN_POINT('',(58.1,19.5,14.5999999999999));
#21435=CARTESIAN_POINT('Origin',(58.1,18.4999999999999,14.5999999999999));
#21436=CARTESIAN_POINT('',(58.1,19.5,8.60000000000005));
#21437=CARTESIAN_POINT('',(58.1,19.5,0.));
#21438=CARTESIAN_POINT('',(58.1,17.4999999999999,8.60000000000005));
#21439=CARTESIAN_POINT('Origin',(58.1,18.5,8.60000000000005));
#21440=CARTESIAN_POINT('',(58.1,17.4999999999999,0.));
#21441=CARTESIAN_POINT('',(58.1,22.4999999999999,8.61534130331964));
#21442=CARTESIAN_POINT('',(58.1,20.5,8.61534130331964));
#21443=CARTESIAN_POINT('Origin',(58.1,21.4999999999999,8.61534130331964));
#21444=CARTESIAN_POINT('',(58.1,20.5,11.1153413033197));
#21445=CARTESIAN_POINT('',(58.1,20.5,0.));
#21446=CARTESIAN_POINT('',(58.1,22.4999999999999,11.1153413033197));
#21447=CARTESIAN_POINT('Origin',(58.1,21.5,11.1153413033197));
#21448=CARTESIAN_POINT('',(58.1,22.4999999999999,0.));
#21449=CARTESIAN_POINT('',(58.1,8.50000000000002,11.1));
#21450=CARTESIAN_POINT('',(58.1,10.5,11.1));
#21451=CARTESIAN_POINT('Origin',(58.1,9.50000000000002,11.1));
#21452=CARTESIAN_POINT('',(58.1,10.5,8.59999999999999));
#21453=CARTESIAN_POINT('',(58.1,10.5,0.));
#21454=CARTESIAN_POINT('',(58.1,8.50000000000002,8.59999999999999));
#21455=CARTESIAN_POINT('Origin',(58.1,9.49999999999999,8.59999999999999));
#21456=CARTESIAN_POINT('',(58.1,8.50000000000002,0.));
#21457=CARTESIAN_POINT('',(58.1,8.49999999999999,14.0846586966804));
#21458=CARTESIAN_POINT('',(58.1,8.49999999999999,20.0846586966804));
#21459=CARTESIAN_POINT('',(58.1,8.5,1.84314369322537E-15));
#21460=CARTESIAN_POINT('',(58.1,10.5,20.0846586966804));
#21461=CARTESIAN_POINT('Origin',(58.1,9.49999999999999,20.0846586966804));
#21462=CARTESIAN_POINT('',(58.1,10.5,14.0846586966804));
#21463=CARTESIAN_POINT('',(58.1,10.5,2.27682456221957E-15));
#21464=CARTESIAN_POINT('Origin',(58.1,9.49999999999999,14.0846586966804));
#21465=CARTESIAN_POINT('',(58.1,16.5,8.6));
#21466=CARTESIAN_POINT('',(58.1,16.5,11.1));
#21467=CARTESIAN_POINT('',(58.1,16.5,0.));
#21468=CARTESIAN_POINT('',(58.1,14.5,8.6));
#21469=CARTESIAN_POINT('Origin',(58.1,15.5,8.6));
#21470=CARTESIAN_POINT('',(58.1,14.5,11.1));
#21471=CARTESIAN_POINT('',(58.1,14.5,0.));
#21472=CARTESIAN_POINT('Origin',(58.1,15.5,11.1));
#21473=CARTESIAN_POINT('',(58.1,7.5,8.58465869668035));
#21474=CARTESIAN_POINT('',(58.1,7.5,14.5846586966804));
#21475=CARTESIAN_POINT('',(58.1,7.5,8.13151629364122E-16));
#21476=CARTESIAN_POINT('',(58.1,5.49999999999999,8.58465869668035));
#21477=CARTESIAN_POINT('Origin',(58.1,6.5,8.58465869668035));
#21478=CARTESIAN_POINT('',(58.1,5.49999999999999,14.5846586966804));
#21479=CARTESIAN_POINT('',(58.1,5.49999999999999,5.96311194867021E-16));
#21480=CARTESIAN_POINT('Origin',(58.1,6.49999999999999,14.5846586966804));
#21481=CARTESIAN_POINT('',(58.1,19.5224257149591,17.6));
#21482=CARTESIAN_POINT('',(58.1,19.5224257149591,20.0999999999999));
#21483=CARTESIAN_POINT('',(58.1,19.5224257149591,0.));
#21484=CARTESIAN_POINT('',(58.1,17.5224257149591,17.6));
#21485=CARTESIAN_POINT('Origin',(58.1,18.5224257149591,17.6));
#21486=CARTESIAN_POINT('',(58.1,17.5224257149591,20.0999999999999));
#21487=CARTESIAN_POINT('',(58.1,17.5224257149591,0.));
#21488=CARTESIAN_POINT('Origin',(58.1,18.5224257149591,20.0999999999999));
#21489=CARTESIAN_POINT('',(58.1,13.5,8.6));
#21490=CARTESIAN_POINT('',(58.1,13.5,14.5999999999999));
#21491=CARTESIAN_POINT('',(58.1,13.5,7.6));
#21492=CARTESIAN_POINT('',(58.1,11.5,8.6));
#21493=CARTESIAN_POINT('Origin',(58.1,12.5,8.6));
#21494=CARTESIAN_POINT('',(58.1,11.5,14.5999999999999));
#21495=CARTESIAN_POINT('',(58.1,11.5,7.6));
#21496=CARTESIAN_POINT('Origin',(58.1,12.5,14.5999999999999));
#21497=CARTESIAN_POINT('',(58.1,4.49999999999999,14.0846586966804));
#21498=CARTESIAN_POINT('',(58.1,2.49999999999999,14.0846586966804));
#21499=CARTESIAN_POINT('Origin',(58.1,3.49999999999999,14.0846586966804));
#21500=CARTESIAN_POINT('',(58.1,2.49999999999999,20.0846586966804));
#21501=CARTESIAN_POINT('',(58.1,2.49999999999999,2.71050543121376E-16));
#21502=CARTESIAN_POINT('',(58.1,4.49999999999999,20.0846586966804));
#21503=CARTESIAN_POINT('Origin',(58.1,3.49999999999999,20.0846586966804));
#21504=CARTESIAN_POINT('',(58.1,4.5,4.87890977618477E-16));
#21505=CARTESIAN_POINT('',(58.1,2.49999999999999,8.58465869668039));
#21506=CARTESIAN_POINT('',(58.1,2.49999999999999,11.0846586966804));
#21507=CARTESIAN_POINT('',(58.1,2.49999999999999,2.4093381610789E-16));
#21508=CARTESIAN_POINT('',(58.1,4.49999999999999,11.0846586966804));
#21509=CARTESIAN_POINT('Origin',(58.1,3.49999999999999,11.0846586966804));
#21510=CARTESIAN_POINT('',(58.1,4.49999999999999,8.58465869668039));
#21511=CARTESIAN_POINT('',(58.1,4.5,8.67361737988406E-16));
#21512=CARTESIAN_POINT('Origin',(58.1,3.49999999999999,8.58465869668039));
#21513=CARTESIAN_POINT('',(58.1,22.5,14.1));
#21514=CARTESIAN_POINT('',(58.1,22.5,20.1000000000001));
#21515=CARTESIAN_POINT('',(58.1,22.5,0.));
#21516=CARTESIAN_POINT('',(58.1,20.5,14.1));
#21517=CARTESIAN_POINT('Origin',(58.1,21.5,14.1));
#21518=CARTESIAN_POINT('',(58.1,20.5,20.1000000000001));
#21519=CARTESIAN_POINT('',(58.1,20.5,0.));
#21520=CARTESIAN_POINT('Origin',(58.1,21.5,20.1000000000001));
#21521=CARTESIAN_POINT('Origin',(55.45,0.,104.));
#21522=CARTESIAN_POINT('',(55.45,21.35,13.1113140033358));
#21523=CARTESIAN_POINT('',(55.45,21.35,12.1040272999839));
#21524=CARTESIAN_POINT('',(55.45,21.35,104.));
#21525=CARTESIAN_POINT('',(55.45,20.5,11.1153413033197));
#21526=CARTESIAN_POINT('Origin',(55.45,21.5,11.1153413033197));
#21527=CARTESIAN_POINT('',(55.45,20.5,8.61534130331963));
#21528=CARTESIAN_POINT('',(55.45,20.5,104.));
#21529=CARTESIAN_POINT('',(55.45,21.35,7.62665530665541));
#21530=CARTESIAN_POINT('Origin',(55.45,21.5,8.61534130331964));
#21531=CARTESIAN_POINT('',(55.45,21.35,0.));
#21532=CARTESIAN_POINT('',(55.45,21.35,104.));
#21533=CARTESIAN_POINT('',(55.45,3.65,0.));
#21534=CARTESIAN_POINT('',(55.45,0.,0.));
#21535=CARTESIAN_POINT('',(55.45,3.65,7.59597270001616));
#21536=CARTESIAN_POINT('',(55.45,3.65,104.));
#21537=CARTESIAN_POINT('',(55.45,4.49999999999999,8.58465869668039));
#21538=CARTESIAN_POINT('Origin',(55.45,3.49999999999999,8.58465869668039));
#21539=CARTESIAN_POINT('',(55.45,4.49999999999999,11.0846586966804));
#21540=CARTESIAN_POINT('',(55.45,4.49999999999998,104.));
#21541=CARTESIAN_POINT('',(55.45,3.65,12.0733446933447));
#21542=CARTESIAN_POINT('Origin',(55.45,3.49999999999999,11.0846586966804));
#21543=CARTESIAN_POINT('',(55.45,3.65,13.0959727000161));
#21544=CARTESIAN_POINT('',(55.45,3.65,104.));
#21545=CARTESIAN_POINT('',(55.45,4.49999999999999,14.0846586966804));
#21546=CARTESIAN_POINT('Origin',(55.45,3.49999999999999,14.0846586966804));
#21547=CARTESIAN_POINT('',(55.45,4.49999999999999,20.0846586966804));
#21548=CARTESIAN_POINT('',(55.45,4.49999999999998,104.));
#21549=CARTESIAN_POINT('',(55.45,3.65,21.0733446933446));
#21550=CARTESIAN_POINT('Origin',(55.45,3.49999999999999,20.0846586966804));
#21551=CARTESIAN_POINT('',(55.45,3.65,104.));
#21552=CARTESIAN_POINT('',(55.45,3.65,104.));
#21553=CARTESIAN_POINT('',(55.45,21.35,104.));
#21554=CARTESIAN_POINT('',(55.45,0.,104.));
#21555=CARTESIAN_POINT('',(55.45,21.35,21.0886859966643));
#21556=CARTESIAN_POINT('',(55.45,21.35,104.));
#21557=CARTESIAN_POINT('',(55.45,20.5,20.1));
#21558=CARTESIAN_POINT('Origin',(55.45,21.5,20.1000000000001));
#21559=CARTESIAN_POINT('',(55.45,20.5,14.1));
#21560=CARTESIAN_POINT('',(55.45,20.5,104.));
#21561=CARTESIAN_POINT('Origin',(55.45,21.5,14.1));
#21562=CARTESIAN_POINT('',(55.45,7.5,14.5846586966804));
#21563=CARTESIAN_POINT('',(55.45,5.49999999999999,14.5846586966804));
#21564=CARTESIAN_POINT('Origin',(55.45,6.5,14.5846586966804));
#21565=CARTESIAN_POINT('',(55.45,5.49999999999999,8.58465869668036));
#21566=CARTESIAN_POINT('',(55.45,5.49999999999998,104.));
#21567=CARTESIAN_POINT('',(55.45,7.5,8.58465869668036));
#21568=CARTESIAN_POINT('Origin',(55.45,6.49999999999999,8.58465869668035));
#21569=CARTESIAN_POINT('',(55.45,7.49999999999999,104.));
#21570=CARTESIAN_POINT('',(55.45,16.5,11.1));
#21571=CARTESIAN_POINT('',(55.45,16.5,8.6));
#21572=CARTESIAN_POINT('',(55.45,16.5,104.));
#21573=CARTESIAN_POINT('',(55.45,14.5,11.1));
#21574=CARTESIAN_POINT('Origin',(55.45,15.5,11.1));
#21575=CARTESIAN_POINT('',(55.45,14.5,8.6));
#21576=CARTESIAN_POINT('',(55.45,14.5,104.));
#21577=CARTESIAN_POINT('Origin',(55.45,15.5,8.6));
#21578=CARTESIAN_POINT('',(55.45,10.5,20.0846586966804));
#21579=CARTESIAN_POINT('',(55.45,8.49999999999999,20.0846586966804));
#21580=CARTESIAN_POINT('Origin',(55.45,9.49999999999999,20.0846586966804));
#21581=CARTESIAN_POINT('',(55.45,8.49999999999999,14.0846586966804));
#21582=CARTESIAN_POINT('',(55.45,8.49999999999998,104.));
#21583=CARTESIAN_POINT('',(55.45,10.5,14.0846586966804));
#21584=CARTESIAN_POINT('Origin',(55.45,9.49999999999999,14.0846586966804));
#21585=CARTESIAN_POINT('',(55.45,10.5,104.));
#21586=CARTESIAN_POINT('',(55.45,10.5,11.1));
#21587=CARTESIAN_POINT('',(55.45,10.5,8.59999999999998));
#21588=CARTESIAN_POINT('',(55.45,10.5,104.));
#21589=CARTESIAN_POINT('',(55.45,8.50000000000002,11.1));
#21590=CARTESIAN_POINT('Origin',(55.45,9.49999999999999,11.1));
#21591=CARTESIAN_POINT('',(55.45,8.50000000000002,8.59999999999998));
#21592=CARTESIAN_POINT('',(55.45,8.50000000000002,104.));
#21593=CARTESIAN_POINT('Origin',(55.45,9.50000000000002,8.59999999999999));
#21594=CARTESIAN_POINT('',(55.45,19.5,14.5999999999999));
#21595=CARTESIAN_POINT('',(55.45,19.5,8.60000000000005));
#21596=CARTESIAN_POINT('',(55.45,19.5,104.));
#21597=CARTESIAN_POINT('',(55.45,17.4999999999999,14.5999999999999));
#21598=CARTESIAN_POINT('Origin',(55.45,18.5,14.5999999999999));
#21599=CARTESIAN_POINT('',(55.45,17.4999999999999,8.60000000000005));
#21600=CARTESIAN_POINT('',(55.45,17.4999999999999,104.));
#21601=CARTESIAN_POINT('Origin',(55.45,18.4999999999999,8.60000000000005));
#21602=CARTESIAN_POINT('',(55.45,13.5,20.1));
#21603=CARTESIAN_POINT('',(55.45,13.5,17.6));
#21604=CARTESIAN_POINT('',(55.45,13.5,104.));
#21605=CARTESIAN_POINT('',(55.45,11.5,20.1));
#21606=CARTESIAN_POINT('Origin',(55.45,12.5,20.1));
#21607=CARTESIAN_POINT('',(55.45,11.5,17.6));
#21608=CARTESIAN_POINT('',(55.45,11.5,104.));
#21609=CARTESIAN_POINT('Origin',(55.45,12.5,17.6));
#21610=CARTESIAN_POINT('',(55.45,7.52242571495911,20.0846586966804));
#21611=CARTESIAN_POINT('',(55.45,5.5224257149591,20.0846586966804));
#21612=CARTESIAN_POINT('Origin',(55.45,6.52242571495911,20.0846586966804));
#21613=CARTESIAN_POINT('',(55.45,5.5224257149591,17.5846586966804));
#21614=CARTESIAN_POINT('',(55.45,5.52242571495909,104.));
#21615=CARTESIAN_POINT('',(55.45,7.52242571495911,17.5846586966804));
#21616=CARTESIAN_POINT('Origin',(55.45,6.5224257149591,17.5846586966804));
#21617=CARTESIAN_POINT('',(55.45,7.52242571495909,104.));
#21618=CARTESIAN_POINT('',(55.45,13.5,14.5999999999999));
#21619=CARTESIAN_POINT('',(55.45,13.5,8.6));
#21620=CARTESIAN_POINT('',(55.45,13.5,104.));
#21621=CARTESIAN_POINT('',(55.45,11.5,14.5999999999999));
#21622=CARTESIAN_POINT('Origin',(55.45,12.5,14.5999999999999));
#21623=CARTESIAN_POINT('',(55.45,11.5,8.6));
#21624=CARTESIAN_POINT('',(55.45,11.5,104.));
#21625=CARTESIAN_POINT('Origin',(55.45,12.5,8.6));
#21626=CARTESIAN_POINT('',(55.45,16.5,20.0999999999999));
#21627=CARTESIAN_POINT('',(55.45,16.5,14.1));
#21628=CARTESIAN_POINT('',(55.45,16.5,104.));
#21629=CARTESIAN_POINT('',(55.45,14.5,20.0999999999999));
#21630=CARTESIAN_POINT('Origin',(55.45,15.5,20.0999999999999));
#21631=CARTESIAN_POINT('',(55.45,14.5,14.1));
#21632=CARTESIAN_POINT('',(55.45,14.5,104.));
#21633=CARTESIAN_POINT('Origin',(55.45,15.5,14.1));
#21634=CARTESIAN_POINT('',(55.45,19.5224257149591,20.0999999999999));
#21635=CARTESIAN_POINT('',(55.45,19.5224257149591,17.6));
#21636=CARTESIAN_POINT('',(55.45,19.5224257149591,104.));
#21637=CARTESIAN_POINT('',(55.45,17.5224257149591,20.0999999999999));
#21638=CARTESIAN_POINT('Origin',(55.45,18.5224257149591,20.0999999999999));
#21639=CARTESIAN_POINT('',(55.45,17.5224257149591,17.6));
#21640=CARTESIAN_POINT('',(55.45,17.5224257149591,104.));
#21641=CARTESIAN_POINT('Origin',(55.45,18.5224257149591,17.6));
#21642=CARTESIAN_POINT('Origin',(55.45,2.6,104.));
#21643=CARTESIAN_POINT('',(54.4047727519817,2.49999999999998,20.1307194952634));
#21644=CARTESIAN_POINT('',(54.4047727519817,2.49999999999998,14.0385978980973));
#21645=CARTESIAN_POINT('',(54.4047727519817,2.49999999999998,104.));
#21646=CARTESIAN_POINT('',(54.4,2.6,20.5666093896175));
#21647=CARTESIAN_POINT('Ctrl Pts',(54.4047727519817,2.49999999999999,20.1307194952634));
#21648=CARTESIAN_POINT('Ctrl Pts',(54.4047727519817,2.5,20.2776403837792));
#21649=CARTESIAN_POINT('Ctrl Pts',(54.4,2.53394915651086,20.430231465031));
#21650=CARTESIAN_POINT('Ctrl Pts',(54.4,2.60000000000001,20.5666093896175));
#21651=CARTESIAN_POINT('',(54.4,2.6,104.));
#21652=CARTESIAN_POINT('',(54.4,2.6,104.));
#21653=CARTESIAN_POINT('Origin',(55.45,2.6,104.));
#21654=CARTESIAN_POINT('',(56.4952272480183,2.49999999999998,20.0846586966804));
#21655=CARTESIAN_POINT('Ctrl Pts',(55.45,3.65,21.0733446933446));
#21656=CARTESIAN_POINT('Ctrl Pts',(55.5909723656031,3.65,21.0733446933446));
#21657=CARTESIAN_POINT('Ctrl Pts',(55.7402605262416,3.61992048322471,21.0792683224897));
#21658=CARTESIAN_POINT('Ctrl Pts',(56.0113533687703,3.49965076416955,21.0864715504072));
#21659=CARTESIAN_POINT('Ctrl Pts',(56.1331934748056,3.40944682958586,21.0860932335077));
#21660=CARTESIAN_POINT('Ctrl Pts',(56.2750573826225,3.25336259594304,21.0552632285066));
#21661=CARTESIAN_POINT('Ctrl Pts',(56.3208122100127,3.19127612637962,21.038280443812));
#21662=CARTESIAN_POINT('Ctrl Pts',(56.3948090116921,3.06395824535741,20.9871953907811));
#21663=CARTESIAN_POINT('Ctrl Pts',(56.4231805139046,2.99890699105738,20.9528323169555));
#21664=CARTESIAN_POINT('Ctrl Pts',(56.4649777524424,2.87731266607257,20.870926963518));
#21665=CARTESIAN_POINT('Ctrl Pts',(56.4790162269471,2.81600627645367,20.8186594822267));
#21666=CARTESIAN_POINT('Ctrl Pts',(56.4960737163845,2.70648745344954,20.6986101444122));
#21667=CARTESIAN_POINT('Ctrl Pts',(56.4991130051248,2.65826273559506,20.6308423770211));
#21668=CARTESIAN_POINT('Ctrl Pts',(56.5012516736866,2.54083582576102,20.4123127038482));
#21669=CARTESIAN_POINT('Ctrl Pts',(56.4952272480183,2.49999999999999,20.2451767824369));
#21670=CARTESIAN_POINT('Ctrl Pts',(56.4952272480183,2.49999999999999,20.0846586966804));
#21671=CARTESIAN_POINT('',(56.4952272480183,2.49999999999998,14.0846586966804));
#21672=CARTESIAN_POINT('',(56.4952272480183,2.49999999999998,104.));
#21673=CARTESIAN_POINT('Ctrl Pts',(56.4952272480183,2.49999999999999,14.0846586966804));
#21674=CARTESIAN_POINT('Ctrl Pts',(56.4952272480183,2.49999999999999,13.9241406109238));
#21675=CARTESIAN_POINT('Ctrl Pts',(56.5012516736866,2.54083582576102,13.7570046895126));
#21676=CARTESIAN_POINT('Ctrl Pts',(56.4991130051248,2.65826273559506,13.5384750163396));
#21677=CARTESIAN_POINT('Ctrl Pts',(56.4960737163845,2.70648745344954,13.4707072489486));
#21678=CARTESIAN_POINT('Ctrl Pts',(56.4790162269471,2.81600627645367,13.350657911134));
#21679=CARTESIAN_POINT('Ctrl Pts',(56.4649777524424,2.87731266607257,13.2983904298427));
#21680=CARTESIAN_POINT('Ctrl Pts',(56.4231805139046,2.99890699105738,13.2164850764052));
#21681=CARTESIAN_POINT('Ctrl Pts',(56.3948090116921,3.06395824535741,13.1821220025796));
#21682=CARTESIAN_POINT('Ctrl Pts',(56.3208122100127,3.19127612637962,13.1310369495488));
#21683=CARTESIAN_POINT('Ctrl Pts',(56.2750573826225,3.25336259594304,13.1140541648541));
#21684=CARTESIAN_POINT('Ctrl Pts',(56.1331934748056,3.40944682958586,13.083224159853));
#21685=CARTESIAN_POINT('Ctrl Pts',(56.0113533687703,3.49965076416955,13.0828458429535));
#21686=CARTESIAN_POINT('Ctrl Pts',(55.7402605262416,3.61992048322471,13.090049070871));
#21687=CARTESIAN_POINT('Ctrl Pts',(55.5909723656031,3.65,13.0959727000161));
#21688=CARTESIAN_POINT('Ctrl Pts',(55.45,3.65,13.0959727000161));
#21689=CARTESIAN_POINT('',(56.4952272480183,2.49999999999998,11.0846586966804));
#21690=CARTESIAN_POINT('Ctrl Pts',(55.45,3.65,12.0733446933446));
#21691=CARTESIAN_POINT('Ctrl Pts',(55.5909723656031,3.65,12.0733446933446));
#21692=CARTESIAN_POINT('Ctrl Pts',(55.7402605262416,3.61992048322471,12.0792683224897));
#21693=CARTESIAN_POINT('Ctrl Pts',(56.0113533687703,3.49965076416955,12.0864715504072));
#21694=CARTESIAN_POINT('Ctrl Pts',(56.1331934748056,3.40944682958586,12.0860932335077));
#21695=CARTESIAN_POINT('Ctrl Pts',(56.2750573826225,3.25336259594304,12.0552632285066));
#21696=CARTESIAN_POINT('Ctrl Pts',(56.3208122100127,3.19127612637962,12.038280443812));
#21697=CARTESIAN_POINT('Ctrl Pts',(56.3948090116921,3.06395824535741,11.9871953907811));
#21698=CARTESIAN_POINT('Ctrl Pts',(56.4231805139046,2.99890699105738,11.9528323169556));
#21699=CARTESIAN_POINT('Ctrl Pts',(56.4649777524424,2.87731266607257,11.870926963518));
#21700=CARTESIAN_POINT('Ctrl Pts',(56.4790162269471,2.81600627645367,11.8186594822267));
#21701=CARTESIAN_POINT('Ctrl Pts',(56.4960737163845,2.70648745344954,11.6986101444122));
#21702=CARTESIAN_POINT('Ctrl Pts',(56.4991130051248,2.65826273559506,11.6308423770211));
#21703=CARTESIAN_POINT('Ctrl Pts',(56.5012516736866,2.54083582576102,11.4123127038482));
#21704=CARTESIAN_POINT('Ctrl Pts',(56.4952272480183,2.49999999999999,11.2451767824369));
#21705=CARTESIAN_POINT('Ctrl Pts',(56.4952272480183,2.49999999999999,11.0846586966804));
#21706=CARTESIAN_POINT('',(56.4952272480183,2.49999999999998,8.58465869668042));
#21707=CARTESIAN_POINT('',(56.4952272480183,2.49999999999998,104.));
#21708=CARTESIAN_POINT('Ctrl Pts',(56.4952272480183,2.49999999999999,8.5846586966804));
#21709=CARTESIAN_POINT('Ctrl Pts',(56.4952272480183,2.49999999999999,8.42414061092386));
#21710=CARTESIAN_POINT('Ctrl Pts',(56.5012516736866,2.54083582576102,8.2570046895126));
#21711=CARTESIAN_POINT('Ctrl Pts',(56.4991130051248,2.65826273559506,8.03847501633966));
#21712=CARTESIAN_POINT('Ctrl Pts',(56.4960737163845,2.70648745344954,7.97070724894858));
#21713=CARTESIAN_POINT('Ctrl Pts',(56.4790162269471,2.81600627645367,7.85065791113405));
#21714=CARTESIAN_POINT('Ctrl Pts',(56.4649777524424,2.87731266607257,7.79839042984274));
#21715=CARTESIAN_POINT('Ctrl Pts',(56.4231805139046,2.99890699105738,7.71648507640521));
#21716=CARTESIAN_POINT('Ctrl Pts',(56.3948090116921,3.06395824535741,7.68212200257964));
#21717=CARTESIAN_POINT('Ctrl Pts',(56.3208122100127,3.19127612637962,7.63103694954878));
#21718=CARTESIAN_POINT('Ctrl Pts',(56.2750573826225,3.25336259594304,7.61405416485416));
#21719=CARTESIAN_POINT('Ctrl Pts',(56.1331934748056,3.40944682958586,7.58322415985306));
#21720=CARTESIAN_POINT('Ctrl Pts',(56.0113533687703,3.49965076416955,7.58284584295354));
#21721=CARTESIAN_POINT('Ctrl Pts',(55.7402605262416,3.61992048322471,7.59004907087103));
#21722=CARTESIAN_POINT('Ctrl Pts',(55.5909723656031,3.65,7.59597270001613));
#21723=CARTESIAN_POINT('Ctrl Pts',(55.45,3.65,7.59597270001613));
#21724=CARTESIAN_POINT('',(54.4,2.6,0.));
#21725=CARTESIAN_POINT('Origin',(55.45,2.6,0.));
#21726=CARTESIAN_POINT('',(54.4,2.6,8.10270800374328));
#21727=CARTESIAN_POINT('',(54.4,2.6,104.));
#21728=CARTESIAN_POINT('',(54.4047727519817,2.49999999999998,8.53859789809737));
#21729=CARTESIAN_POINT('Ctrl Pts',(54.4,2.59999999999999,8.10270800374328));
#21730=CARTESIAN_POINT('Ctrl Pts',(54.4,2.53394915651085,8.23908592832975));
#21731=CARTESIAN_POINT('Ctrl Pts',(54.4047727519816,2.49999999999999,8.3916770095816));
#21732=CARTESIAN_POINT('Ctrl Pts',(54.4047727519817,2.49999999999999,8.53859789809734));
#21733=CARTESIAN_POINT('',(54.4047727519817,2.49999999999998,11.1307194952635));
#21734=CARTESIAN_POINT('',(54.4047727519817,2.49999999999998,104.));
#21735=CARTESIAN_POINT('',(54.4,2.6,11.5666093896175));
#21736=CARTESIAN_POINT('Ctrl Pts',(54.4047727519817,2.49999999999999,11.1307194952635));
#21737=CARTESIAN_POINT('Ctrl Pts',(54.4047727519817,2.5,11.2776403837792));
#21738=CARTESIAN_POINT('Ctrl Pts',(54.4,2.53394915651086,11.430231465031));
#21739=CARTESIAN_POINT('Ctrl Pts',(54.4,2.60000000000001,11.5666093896175));
#21740=CARTESIAN_POINT('',(54.4,2.6,13.6027080037433));
#21741=CARTESIAN_POINT('',(54.4,2.6,104.));
#21742=CARTESIAN_POINT('Ctrl Pts',(54.4,2.59999999999999,13.6027080037433));
#21743=CARTESIAN_POINT('Ctrl Pts',(54.4,2.53394915651085,13.7390859283297));
#21744=CARTESIAN_POINT('Ctrl Pts',(54.4047727519817,2.5,13.8916770095816));
#21745=CARTESIAN_POINT('Ctrl Pts',(54.4047727519817,2.5,14.0385978980973));
#21746=CARTESIAN_POINT('Origin',(54.4,0.,104.));
#21747=CARTESIAN_POINT('',(54.4,3.2,13.0846586966804));
#21748=CARTESIAN_POINT('',(54.4,3.2,12.0846586966804));
#21749=CARTESIAN_POINT('',(54.4,3.2,104.));
#21750=CARTESIAN_POINT('Origin',(54.4,3.49999999999999,14.0385978980973));
#21751=CARTESIAN_POINT('Origin',(54.4,3.49999999999999,11.1307194952634));
#21752=CARTESIAN_POINT('Origin',(54.4,0.,104.));
#21753=CARTESIAN_POINT('',(54.4,3.2,7.58465869668039));
#21754=CARTESIAN_POINT('',(54.4,3.2,0.));
#21755=CARTESIAN_POINT('',(54.4,3.2,104.));
#21756=CARTESIAN_POINT('Origin',(54.4,3.49999999999999,8.53859789809734));
#21757=CARTESIAN_POINT('',(54.4,0.,0.));
#21758=CARTESIAN_POINT('Origin',(0.,3.2,104.));
#21759=CARTESIAN_POINT('',(53.35,3.2,13.0846586966804));
#21760=CARTESIAN_POINT('',(0.,3.2,13.0846586966804));
#21761=CARTESIAN_POINT('',(53.35,3.2,12.0846586966804));
#21762=CARTESIAN_POINT('',(0.,3.2,12.0846586966804));
#21763=CARTESIAN_POINT('',(53.35,3.2,104.));
#21764=CARTESIAN_POINT('Origin',(0.,3.2,104.));
#21765=CARTESIAN_POINT('',(53.35,3.2,7.58465869668039));
#21766=CARTESIAN_POINT('',(0.,3.2,7.58465869668039));
#21767=CARTESIAN_POINT('',(53.35,3.2,0.));
#21768=CARTESIAN_POINT('',(0.,3.2,0.));
#21769=CARTESIAN_POINT('',(53.35,3.2,104.));
#21770=CARTESIAN_POINT('Origin',(53.35,0.,104.));
#21771=CARTESIAN_POINT('',(53.35,3.2,104.));
#21772=CARTESIAN_POINT('',(53.35,3.2,21.0846586966804));
#21773=CARTESIAN_POINT('',(53.35,3.2,104.));
#21774=CARTESIAN_POINT('',(53.35,2.49999999999999,20.1307194952634));
#21775=CARTESIAN_POINT('Origin',(53.35,3.49999999999999,20.1307194952634));
#21776=CARTESIAN_POINT('',(53.35,2.49999999999999,14.0385978980973));
#21777=CARTESIAN_POINT('',(53.35,2.49999999999998,104.));
#21778=CARTESIAN_POINT('Origin',(53.35,3.49999999999999,14.0385978980973));
#21779=CARTESIAN_POINT('',(53.35,2.49999999999999,11.1307194952634));
#21780=CARTESIAN_POINT('Origin',(53.35,3.49999999999999,11.1307194952634));
#21781=CARTESIAN_POINT('',(53.35,2.49999999999999,8.53859789809734));
#21782=CARTESIAN_POINT('',(53.35,2.49999999999998,104.));
#21783=CARTESIAN_POINT('Origin',(53.35,3.49999999999999,8.53859789809734));
#21784=CARTESIAN_POINT('',(53.35,1.5,0.));
#21785=CARTESIAN_POINT('',(53.35,0.,0.));
#21786=CARTESIAN_POINT('',(53.35,1.5,104.));
#21787=CARTESIAN_POINT('',(53.35,1.5,104.));
#21788=CARTESIAN_POINT('',(53.35,0.,104.));
#21789=CARTESIAN_POINT('Origin',(53.35,0.,104.));
#21790=CARTESIAN_POINT('',(53.35,21.8,7.61534130331963));
#21791=CARTESIAN_POINT('',(53.35,21.8,0.));
#21792=CARTESIAN_POINT('',(53.35,21.8,104.));
#21793=CARTESIAN_POINT('',(53.35,22.4999999999999,8.56928050473657));
#21794=CARTESIAN_POINT('Origin',(53.35,21.4999999999999,8.56928050473657));
#21795=CARTESIAN_POINT('',(53.35,22.4999999999999,11.1614021019027));
#21796=CARTESIAN_POINT('',(53.35,22.4999999999999,104.));
#21797=CARTESIAN_POINT('',(53.35,21.8,12.1153413033197));
#21798=CARTESIAN_POINT('Origin',(53.35,21.4999999999999,11.1614021019027));
#21799=CARTESIAN_POINT('',(53.35,21.8,13.1));
#21800=CARTESIAN_POINT('',(53.35,21.8,104.));
#21801=CARTESIAN_POINT('',(53.35,22.5,14.053939201417));
#21802=CARTESIAN_POINT('Origin',(53.35,21.5,14.053939201417));
#21803=CARTESIAN_POINT('',(53.35,22.5,20.1460607985831));
#21804=CARTESIAN_POINT('',(53.35,22.5,104.));
#21805=CARTESIAN_POINT('',(53.35,21.8,21.1));
#21806=CARTESIAN_POINT('Origin',(53.35,21.5,20.1460607985831));
#21807=CARTESIAN_POINT('',(53.35,21.8,104.));
#21808=CARTESIAN_POINT('',(53.35,21.8,104.));
#21809=CARTESIAN_POINT('',(53.35,23.5,104.));
#21810=CARTESIAN_POINT('',(53.35,0.,104.));
#21811=CARTESIAN_POINT('',(53.35,23.5,0.));
#21812=CARTESIAN_POINT('',(53.35,23.5,104.));
#21813=CARTESIAN_POINT('',(53.35,0.,0.));
#21814=CARTESIAN_POINT('Origin',(0.,21.8,104.));
#21815=CARTESIAN_POINT('',(54.4,21.8,7.61534130331963));
#21816=CARTESIAN_POINT('',(54.4,21.8,0.));
#21817=CARTESIAN_POINT('',(54.4,21.8,104.));
#21818=CARTESIAN_POINT('',(0.,21.8,7.61534130331963));
#21819=CARTESIAN_POINT('',(0.,21.8,0.));
#21820=CARTESIAN_POINT('Origin',(0.,21.8,104.));
#21821=CARTESIAN_POINT('',(54.4,21.8,12.1153413033197));
#21822=CARTESIAN_POINT('',(0.,21.8,12.1153413033197));
#21823=CARTESIAN_POINT('',(54.4,21.8,13.1));
#21824=CARTESIAN_POINT('',(54.4,21.8,104.));
#21825=CARTESIAN_POINT('',(0.,21.8,13.1));
#21826=CARTESIAN_POINT('Origin',(54.4,0.,104.));
#21827=CARTESIAN_POINT('',(54.4,22.4,8.13339061038262));
#21828=CARTESIAN_POINT('',(54.4,22.4,0.));
#21829=CARTESIAN_POINT('',(54.4,22.4,104.));
#21830=CARTESIAN_POINT('Origin',(54.4,21.4999999999999,8.56928050473657));
#21831=CARTESIAN_POINT('',(54.4,0.,0.));
#21832=CARTESIAN_POINT('Origin',(54.4,0.,104.));
#21833=CARTESIAN_POINT('',(54.4,22.4,11.5972919962567));
#21834=CARTESIAN_POINT('Origin',(54.4,21.4999999999999,11.1614021019027));
#21835=CARTESIAN_POINT('',(54.4,22.4,13.618049307063));
#21836=CARTESIAN_POINT('',(54.4,22.4,104.));
#21837=CARTESIAN_POINT('Origin',(54.4,21.5,14.053939201417));
#21838=CARTESIAN_POINT('Origin',(55.45,22.4,104.));
#21839=CARTESIAN_POINT('',(56.4952272480183,22.4999999999999,8.61534130331966));
#21840=CARTESIAN_POINT('Ctrl Pts',(55.45,21.35,7.62665530665537));
#21841=CARTESIAN_POINT('Ctrl Pts',(55.590972365603,21.35,7.62665530665537));
#21842=CARTESIAN_POINT('Ctrl Pts',(55.7402605262416,21.3800795167753,7.62073167751028));
#21843=CARTESIAN_POINT('Ctrl Pts',(56.0113533687703,21.5003492358304,7.61352844959279));
#21844=CARTESIAN_POINT('Ctrl Pts',(56.1331934748055,21.5905531704141,7.61390676649232));
#21845=CARTESIAN_POINT('Ctrl Pts',(56.2750573826225,21.7466374040569,7.64473677149342));
#21846=CARTESIAN_POINT('Ctrl Pts',(56.3208122100127,21.8087238736203,7.66171955618804));
#21847=CARTESIAN_POINT('Ctrl Pts',(56.394809011692,21.9360417546426,7.7128046092189));
#21848=CARTESIAN_POINT('Ctrl Pts',(56.4231805139045,22.0010930089426,7.74716768304446));
#21849=CARTESIAN_POINT('Ctrl Pts',(56.4649777524424,22.1226873339274,7.829073036482));
#21850=CARTESIAN_POINT('Ctrl Pts',(56.4790162269471,22.1839937235463,7.88134051777331));
#21851=CARTESIAN_POINT('Ctrl Pts',(56.4960737163845,22.2935125465504,8.00138985558784));
#21852=CARTESIAN_POINT('Ctrl Pts',(56.4991130051247,22.3417372644049,8.06915762297892));
#21853=CARTESIAN_POINT('Ctrl Pts',(56.5012516736866,22.4591641742389,8.28768729615186));
#21854=CARTESIAN_POINT('Ctrl Pts',(56.4952272480183,22.5,8.45482321756311));
#21855=CARTESIAN_POINT('Ctrl Pts',(56.4952272480183,22.5,8.61534130331965));
#21856=CARTESIAN_POINT('',(56.4952272480183,22.4999999999999,11.1153413033197));
#21857=CARTESIAN_POINT('',(56.4952272480183,22.4999999999999,104.));
#21858=CARTESIAN_POINT('Ctrl Pts',(56.4952272480183,22.4999999999999,11.1153413033197));
#21859=CARTESIAN_POINT('Ctrl Pts',(56.4952272480183,22.4999999999999,11.2758593890762));
#21860=CARTESIAN_POINT('Ctrl Pts',(56.5012516736866,22.4591641742389,11.4429953104874));
#21861=CARTESIAN_POINT('Ctrl Pts',(56.4991130051248,22.3417372644049,11.6615249836604));
#21862=CARTESIAN_POINT('Ctrl Pts',(56.4960737163845,22.2935125465504,11.7292927510515));
#21863=CARTESIAN_POINT('Ctrl Pts',(56.4790162269471,22.1839937235463,11.849342088866));
#21864=CARTESIAN_POINT('Ctrl Pts',(56.4649777524424,22.1226873339274,11.9016095701573));
#21865=CARTESIAN_POINT('Ctrl Pts',(56.4231805139045,22.0010930089426,11.9835149235948));
#21866=CARTESIAN_POINT('Ctrl Pts',(56.394809011692,21.9360417546425,12.0178779974204));
#21867=CARTESIAN_POINT('Ctrl Pts',(56.3208122100127,21.8087238736203,12.0689630504513));
#21868=CARTESIAN_POINT('Ctrl Pts',(56.2750573826225,21.7466374040569,12.0859458351459));
#21869=CARTESIAN_POINT('Ctrl Pts',(56.1331934748055,21.5905531704141,12.116775840147));
#21870=CARTESIAN_POINT('Ctrl Pts',(56.0113533687703,21.5003492358304,12.1171541570465));
#21871=CARTESIAN_POINT('Ctrl Pts',(55.7402605262416,21.3800795167753,12.109950929129));
#21872=CARTESIAN_POINT('Ctrl Pts',(55.590972365603,21.35,12.1040272999839));
#21873=CARTESIAN_POINT('Ctrl Pts',(55.45,21.35,12.1040272999839));
#21874=CARTESIAN_POINT('',(56.4952272480183,22.5,14.1000000000001));
#21875=CARTESIAN_POINT('Ctrl Pts',(55.45,21.35,13.1113140033358));
#21876=CARTESIAN_POINT('Ctrl Pts',(55.590972365603,21.35,13.1113140033358));
#21877=CARTESIAN_POINT('Ctrl Pts',(55.7402605262416,21.3800795167753,13.1053903741907));
#21878=CARTESIAN_POINT('Ctrl Pts',(56.0113533687703,21.5003492358304,13.0981871462732));
#21879=CARTESIAN_POINT('Ctrl Pts',(56.1331934748055,21.5905531704141,13.0985654631727));
#21880=CARTESIAN_POINT('Ctrl Pts',(56.2750573826225,21.7466374040569,13.1293954681738));
#21881=CARTESIAN_POINT('Ctrl Pts',(56.3208122100127,21.8087238736203,13.1463782528684));
#21882=CARTESIAN_POINT('Ctrl Pts',(56.394809011692,21.9360417546426,13.1974633058993));
#21883=CARTESIAN_POINT('Ctrl Pts',(56.4231805139045,22.0010930089426,13.2318263797249));
#21884=CARTESIAN_POINT('Ctrl Pts',(56.4649777524424,22.1226873339274,13.3137317331624));
#21885=CARTESIAN_POINT('Ctrl Pts',(56.4790162269471,22.1839937235463,13.3659992144537));
#21886=CARTESIAN_POINT('Ctrl Pts',(56.4960737163845,22.2935125465504,13.4860485522682));
#21887=CARTESIAN_POINT('Ctrl Pts',(56.4991130051247,22.3417372644049,13.5538163196593));
#21888=CARTESIAN_POINT('Ctrl Pts',(56.5012516736866,22.4591641742389,13.7723459928322));
#21889=CARTESIAN_POINT('Ctrl Pts',(56.4952272480183,22.5,13.9394819142435));
#21890=CARTESIAN_POINT('Ctrl Pts',(56.4952272480183,22.5,14.1));
#21891=CARTESIAN_POINT('',(56.4952272480183,22.5,20.1000000000001));
#21892=CARTESIAN_POINT('',(56.4952272480183,22.5,104.));
#21893=CARTESIAN_POINT('Ctrl Pts',(56.4952272480183,22.5,20.1000000000001));
#21894=CARTESIAN_POINT('Ctrl Pts',(56.4952272480183,22.5,20.2605180857566));
#21895=CARTESIAN_POINT('Ctrl Pts',(56.5012516736866,22.4591641742389,20.4276540071678));
#21896=CARTESIAN_POINT('Ctrl Pts',(56.4991130051248,22.3417372644049,20.6461836803408));
#21897=CARTESIAN_POINT('Ctrl Pts',(56.4960737163845,22.2935125465504,20.7139514477319));
#21898=CARTESIAN_POINT('Ctrl Pts',(56.4790162269471,22.1839937235463,20.8340007855464));
#21899=CARTESIAN_POINT('Ctrl Pts',(56.4649777524424,22.1226873339274,20.8862682668377));
#21900=CARTESIAN_POINT('Ctrl Pts',(56.4231805139045,22.0010930089426,20.9681736202752));
#21901=CARTESIAN_POINT('Ctrl Pts',(56.394809011692,21.9360417546426,21.0025366941008));
#21902=CARTESIAN_POINT('Ctrl Pts',(56.3208122100127,21.8087238736203,21.0536217471317));
#21903=CARTESIAN_POINT('Ctrl Pts',(56.2750573826225,21.7466374040569,21.0706045318263));
#21904=CARTESIAN_POINT('Ctrl Pts',(56.1331934748055,21.5905531704141,21.1014345368274));
#21905=CARTESIAN_POINT('Ctrl Pts',(56.0113533687703,21.5003492358304,21.1018128537269));
#21906=CARTESIAN_POINT('Ctrl Pts',(55.7402605262416,21.3800795167753,21.0946096258094));
#21907=CARTESIAN_POINT('Ctrl Pts',(55.590972365603,21.35,21.0886859966643));
#21908=CARTESIAN_POINT('Ctrl Pts',(55.45,21.35,21.0886859966643));
#21909=CARTESIAN_POINT('',(54.4,22.4,104.));
#21910=CARTESIAN_POINT('Origin',(55.45,22.4,104.));
#21911=CARTESIAN_POINT('',(54.4,22.4,20.5819506929372));
#21912=CARTESIAN_POINT('',(54.4,22.4,104.));
#21913=CARTESIAN_POINT('',(54.4047727519816,22.5,20.1460607985832));
#21914=CARTESIAN_POINT('Ctrl Pts',(54.4,22.4,20.5819506929371));
#21915=CARTESIAN_POINT('Ctrl Pts',(54.4,22.4660508434891,20.4455727683507));
#21916=CARTESIAN_POINT('Ctrl Pts',(54.4047727519816,22.5,20.2929816870989));
#21917=CARTESIAN_POINT('Ctrl Pts',(54.4047727519816,22.5,20.1460607985831));
#21918=CARTESIAN_POINT('',(54.4047727519816,22.5,14.053939201417));
#21919=CARTESIAN_POINT('',(54.4047727519816,22.5,104.));
#21920=CARTESIAN_POINT('Ctrl Pts',(54.4047727519816,22.5,14.053939201417));
#21921=CARTESIAN_POINT('Ctrl Pts',(54.4047727519816,22.5,13.9070183129012));
#21922=CARTESIAN_POINT('Ctrl Pts',(54.4,22.4660508434891,13.7544272316494));
#21923=CARTESIAN_POINT('Ctrl Pts',(54.4,22.4,13.618049307063));
#21924=CARTESIAN_POINT('',(54.4047727519816,22.4999999999999,11.1614021019028));
#21925=CARTESIAN_POINT('Ctrl Pts',(54.4,22.4,11.5972919962567));
#21926=CARTESIAN_POINT('Ctrl Pts',(54.4,22.4660508434891,11.4609140716703));
#21927=CARTESIAN_POINT('Ctrl Pts',(54.4047727519816,22.4999999999999,11.3083229904184));
#21928=CARTESIAN_POINT('Ctrl Pts',(54.4047727519816,22.4999999999999,11.1614021019027));
#21929=CARTESIAN_POINT('',(54.4047727519816,22.4999999999999,8.5692805047366));
#21930=CARTESIAN_POINT('',(54.4047727519816,22.4999999999999,104.));
#21931=CARTESIAN_POINT('Ctrl Pts',(54.4047727519816,22.4999999999999,8.56928050473657));
#21932=CARTESIAN_POINT('Ctrl Pts',(54.4047727519816,22.5,8.42235961622087));
#21933=CARTESIAN_POINT('Ctrl Pts',(54.4,22.4660508434891,8.26976853496906));
#21934=CARTESIAN_POINT('Ctrl Pts',(54.4,22.4,8.13339061038262));
#21935=CARTESIAN_POINT('Origin',(55.45,22.4,0.));
#21936=CARTESIAN_POINT('Origin',(0.,3.2,104.));
#21937=CARTESIAN_POINT('',(4.75,3.2,104.));
#21938=CARTESIAN_POINT('',(4.75,3.2,30.8));
#21939=CARTESIAN_POINT('',(4.75,3.2,104.));
#21940=CARTESIAN_POINT('',(3.7,3.2,30.8));
#21941=CARTESIAN_POINT('',(0.,3.2,30.8));
#21942=CARTESIAN_POINT('',(3.7,3.2,104.));
#21943=CARTESIAN_POINT('',(3.7,3.2,104.));
#21944=CARTESIAN_POINT('',(0.,3.2,104.));
#21945=CARTESIAN_POINT('Origin',(3.7,0.,104.));
#21946=CARTESIAN_POINT('Origin',(3.7,4.4,29.2));
#21947=CARTESIAN_POINT('',(3.7,0.,104.));
#21948=CARTESIAN_POINT('Origin',(2.65,2.48935950072484E-16,104.));
#21949=CARTESIAN_POINT('',(2.65,20.6,30.8));
#21950=CARTESIAN_POINT('',(2.65,4.40000000000001,30.8));
#21951=CARTESIAN_POINT('',(2.65,-2.48959667116111E-14,30.8));
#21952=CARTESIAN_POINT('Origin',(2.65,20.6,28.8));
#21953=CARTESIAN_POINT('',(2.65,2.48935950072484E-16,104.));
#21954=CARTESIAN_POINT('Origin',(2.65,4.4,28.8));
#21955=CARTESIAN_POINT('Origin',(3.7,0.,104.));
#21956=CARTESIAN_POINT('',(3.7,21.8,30.8));
#21957=CARTESIAN_POINT('Origin',(3.7,20.6,29.2));
#21958=CARTESIAN_POINT('',(3.7,21.8,104.));
#21959=CARTESIAN_POINT('',(3.7,21.8,104.));
#21960=CARTESIAN_POINT('',(3.7,0.,104.));
#21961=CARTESIAN_POINT('Origin',(0.,21.8,104.));
#21962=CARTESIAN_POINT('',(4.74999999999999,21.8,30.8));
#21963=CARTESIAN_POINT('',(0.,21.8,30.8));
#21964=CARTESIAN_POINT('',(4.74999999999999,21.8,104.));
#21965=CARTESIAN_POINT('',(4.74999999999999,21.8,104.));
#21966=CARTESIAN_POINT('',(0.,21.8,104.));
#21967=CARTESIAN_POINT('Origin',(0.,0.,104.));
#21968=CARTESIAN_POINT('',(1.,0.,104.));
#21969=CARTESIAN_POINT('',(57.1,0.,104.));
#21970=CARTESIAN_POINT('',(0.,0.,104.));
#21971=CARTESIAN_POINT('',(1.,0.,0.));
#21972=CARTESIAN_POINT('',(1.,0.,0.));
#21973=CARTESIAN_POINT('',(57.1,0.,0.));
#21974=CARTESIAN_POINT('',(0.,0.,0.));
#21975=CARTESIAN_POINT('',(57.1,0.,104.));
#21976=CARTESIAN_POINT('Origin',(2.98575469187058E-15,25.,104.));
#21977=CARTESIAN_POINT('',(1.,25.,104.));
#21978=CARTESIAN_POINT('',(57.1,25.,104.));
#21979=CARTESIAN_POINT('',(2.98575469187058E-15,25.,104.));
#21980=CARTESIAN_POINT('',(57.1,25.,0.));
#21981=CARTESIAN_POINT('',(57.1,25.,0.));
#21982=CARTESIAN_POINT('',(1.,25.,0.));
#21983=CARTESIAN_POINT('',(2.98575469187058E-15,25.,0.));
#21984=CARTESIAN_POINT('',(1.,25.,104.));
#21985=CARTESIAN_POINT('Origin',(54.4,0.,104.));
#21986=CARTESIAN_POINT('',(54.4,3.2,21.0846586966804));
#21987=CARTESIAN_POINT('Origin',(54.4,3.49999999999999,20.1307194952634));
#21988=CARTESIAN_POINT('',(54.4,3.2,104.));
#21989=CARTESIAN_POINT('',(54.4,3.2,104.));
#21990=CARTESIAN_POINT('',(54.4,0.,104.));
#21991=CARTESIAN_POINT('Origin',(0.,3.2,104.));
#21992=CARTESIAN_POINT('',(0.,3.2,21.0846586966804));
#21993=CARTESIAN_POINT('',(0.,3.2,104.));
#21994=CARTESIAN_POINT('Origin',(0.,1.5,104.));
#21995=CARTESIAN_POINT('',(4.75,1.5,0.));
#21996=CARTESIAN_POINT('',(0.,1.5,0.));
#21997=CARTESIAN_POINT('',(4.75,1.5,104.));
#21998=CARTESIAN_POINT('',(4.75,1.5,104.));
#21999=CARTESIAN_POINT('',(0.,1.5,104.));
#22000=CARTESIAN_POINT('Origin',(4.75,0.,104.));
#22001=CARTESIAN_POINT('',(4.75,3.2,10.6));
#22002=CARTESIAN_POINT('',(4.75,3.2,0.));
#22003=CARTESIAN_POINT('',(4.75,3.2,104.));
#22004=CARTESIAN_POINT('',(4.75,2.4,12.2));
#22005=CARTESIAN_POINT('Origin',(4.75,4.4,12.2));
#22006=CARTESIAN_POINT('',(4.75,2.4,29.2));
#22007=CARTESIAN_POINT('',(4.75,2.4,104.));
#22008=CARTESIAN_POINT('Origin',(4.75,4.4,29.2));
#22009=CARTESIAN_POINT('',(4.75,0.,104.));
#22010=CARTESIAN_POINT('',(4.75,0.,0.));
#22011=CARTESIAN_POINT('Origin',(0.,3.2,104.));
#22012=CARTESIAN_POINT('',(3.7,3.2,10.6));
#22013=CARTESIAN_POINT('',(0.,3.2,10.6));
#22014=CARTESIAN_POINT('',(3.7,3.2,0.));
#22015=CARTESIAN_POINT('',(0.,3.2,0.));
#22016=CARTESIAN_POINT('',(3.7,3.2,104.));
#22017=CARTESIAN_POINT('Origin',(3.7,0.,104.));
#22018=CARTESIAN_POINT('Origin',(3.7,4.4,12.2));
#22019=CARTESIAN_POINT('',(3.7,0.,0.));
#22020=CARTESIAN_POINT('Origin',(2.65,2.48935950072484E-16,104.));
#22021=CARTESIAN_POINT('',(2.65,20.6,10.6));
#22022=CARTESIAN_POINT('Origin',(2.65,20.6,12.6));
#22023=CARTESIAN_POINT('',(2.65,4.4,10.6));
#22024=CARTESIAN_POINT('',(2.65,-7.77201319132523E-15,10.6));
#22025=CARTESIAN_POINT('Origin',(2.65,4.4,12.6));
#22026=CARTESIAN_POINT('',(2.65,2.48935950072484E-16,0.));
#22027=CARTESIAN_POINT('Origin',(3.7,0.,104.));
#22028=CARTESIAN_POINT('',(3.7,21.8,10.6));
#22029=CARTESIAN_POINT('',(3.7,21.8,0.));
#22030=CARTESIAN_POINT('',(3.7,21.8,104.));
#22031=CARTESIAN_POINT('Origin',(3.7,20.6,12.2));
#22032=CARTESIAN_POINT('',(3.7,0.,0.));
#22033=CARTESIAN_POINT('Origin',(0.,21.8,104.));
#22034=CARTESIAN_POINT('',(4.74999999999999,21.8,10.6));
#22035=CARTESIAN_POINT('',(4.74999999999999,21.8,0.));
#22036=CARTESIAN_POINT('',(4.74999999999999,21.8,104.));
#22037=CARTESIAN_POINT('',(0.,21.8,10.6));
#22038=CARTESIAN_POINT('',(0.,21.8,0.));
#22039=CARTESIAN_POINT('Origin',(4.74999999999999,0.,104.));
#22040=CARTESIAN_POINT('',(4.74999999999999,22.6,29.2));
#22041=CARTESIAN_POINT('',(4.74999999999999,22.6,12.2));
#22042=CARTESIAN_POINT('',(4.74999999999999,22.6,104.));
#22043=CARTESIAN_POINT('Origin',(4.74999999999999,20.6,12.2));
#22044=CARTESIAN_POINT('',(4.74999999999999,23.5,0.));
#22045=CARTESIAN_POINT('',(4.74999999999999,0.,0.));
#22046=CARTESIAN_POINT('',(4.74999999999999,23.5,104.));
#22047=CARTESIAN_POINT('',(4.74999999999999,23.5,104.));
#22048=CARTESIAN_POINT('',(4.74999999999999,0.,104.));
#22049=CARTESIAN_POINT('Origin',(4.74999999999999,20.6,29.2));
#22050=CARTESIAN_POINT('Origin',(0.,23.5,104.));
#22051=CARTESIAN_POINT('',(0.,23.5,0.));
#22052=CARTESIAN_POINT('',(0.,23.5,104.));
#22053=CARTESIAN_POINT('Origin',(0.,21.8,104.));
#22054=CARTESIAN_POINT('',(54.4,21.8,21.1));
#22055=CARTESIAN_POINT('',(0.,21.8,21.1));
#22056=CARTESIAN_POINT('',(54.4,21.8,104.));
#22057=CARTESIAN_POINT('',(54.4,21.8,104.));
#22058=CARTESIAN_POINT('',(0.,21.8,104.));
#22059=CARTESIAN_POINT('Origin',(54.4,0.,104.));
#22060=CARTESIAN_POINT('Origin',(54.4,21.5,20.1460607985831));
#22061=CARTESIAN_POINT('',(54.4,0.,104.));
#22062=CARTESIAN_POINT('Origin',(0.,0.,104.));
#22063=CARTESIAN_POINT('',(0.,1.,0.));
#22064=CARTESIAN_POINT('',(0.,24.,0.));
#22065=CARTESIAN_POINT('',(0.,0.,0.));
#22066=CARTESIAN_POINT('',(0.,1.,104.));
#22067=CARTESIAN_POINT('',(0.,1.,104.));
#22068=CARTESIAN_POINT('',(0.,24.,104.));
#22069=CARTESIAN_POINT('',(0.,0.,104.));
#22070=CARTESIAN_POINT('',(0.,24.,104.));
#22071=CARTESIAN_POINT('',(0.,22.6,10.6));
#22072=CARTESIAN_POINT('',(0.,22.6,30.8));
#22073=CARTESIAN_POINT('',(0.,22.6,10.6));
#22074=CARTESIAN_POINT('',(0.,20.6,32.8));
#22075=CARTESIAN_POINT('Origin',(0.,20.6,30.8));
#22076=CARTESIAN_POINT('',(0.,4.4,32.8));
#22077=CARTESIAN_POINT('',(0.,20.6,32.8));
#22078=CARTESIAN_POINT('',(0.,2.4,30.8));
#22079=CARTESIAN_POINT('Origin',(0.,4.4,30.8));
#22080=CARTESIAN_POINT('',(0.,2.4,10.6));
#22081=CARTESIAN_POINT('',(0.,2.4,10.6));
#22082=CARTESIAN_POINT('',(0.,4.4,8.6));
#22083=CARTESIAN_POINT('Origin',(0.,4.4,10.6));
#22084=CARTESIAN_POINT('',(0.,20.6,8.6));
#22085=CARTESIAN_POINT('',(0.,4.4,8.6));
#22086=CARTESIAN_POINT('Origin',(0.,20.6,10.6));
#22087=CARTESIAN_POINT('Origin',(0.,0.,104.));
#22088=CARTESIAN_POINT('Origin',(1.,1.,104.));
#22089=CARTESIAN_POINT('Origin',(57.1,1.,104.));
#22090=CARTESIAN_POINT('Origin',(57.1,24.,104.));
#22091=CARTESIAN_POINT('Origin',(1.,24.,104.));
#22092=CARTESIAN_POINT('Origin',(0.,0.,0.));
#22093=CARTESIAN_POINT('Origin',(1.,1.,0.));
#22094=CARTESIAN_POINT('Origin',(1.,24.,0.));
#22095=CARTESIAN_POINT('Origin',(57.1,24.,0.));
#22096=CARTESIAN_POINT('Origin',(57.1,1.,0.));
#22097=CARTESIAN_POINT('Origin',(1.,1.,104.));
#22098=CARTESIAN_POINT('Origin',(57.1,1.,104.));
#22099=CARTESIAN_POINT('Origin',(57.1,24.,104.));
#22100=CARTESIAN_POINT('Origin',(1.,24.,104.));
#22101=CARTESIAN_POINT('Origin',(10.,2.4,10.6));
#22102=CARTESIAN_POINT('',(1.2,2.4,12.6));
#22103=CARTESIAN_POINT('',(0.,2.4,12.6));
#22104=CARTESIAN_POINT('',(1.2,2.4,10.6));
#22105=CARTESIAN_POINT('',(1.2,2.4,30.8));
#22106=CARTESIAN_POINT('',(1.2,2.4,10.6));
#22107=CARTESIAN_POINT('',(1.2,2.4,30.8));
#22108=CARTESIAN_POINT('',(1.2,2.4,30.8));
#22109=CARTESIAN_POINT('',(1.2,2.4,28.8));
#22110=CARTESIAN_POINT('',(1.2,2.4,30.8));
#22111=CARTESIAN_POINT('',(10.,2.4,28.8));
#22112=CARTESIAN_POINT('Origin',(10.,22.6,30.8));
#22113=CARTESIAN_POINT('',(1.2,20.6,30.8));
#22114=CARTESIAN_POINT('',(1.2,4.4,30.8));
#22115=CARTESIAN_POINT('',(1.2,22.6,30.8));
#22116=CARTESIAN_POINT('',(1.61922359359559,20.6,30.8));
#22117=CARTESIAN_POINT('',(10.,4.4,30.8));
#22118=CARTESIAN_POINT('Origin',(10.,22.6,10.6));
#22119=CARTESIAN_POINT('',(1.2,22.6,28.8));
#22120=CARTESIAN_POINT('',(0.,22.6,28.8));
#22121=CARTESIAN_POINT('',(1.2,22.6,30.8));
#22122=CARTESIAN_POINT('',(1.2,22.6,10.6));
#22123=CARTESIAN_POINT('',(1.2,22.6,30.8));
#22124=CARTESIAN_POINT('',(1.2,22.6,10.6));
#22125=CARTESIAN_POINT('',(1.2,22.6,10.6));
#22126=CARTESIAN_POINT('',(1.2,22.6,12.6));
#22127=CARTESIAN_POINT('',(1.2,22.6,10.6));
#22128=CARTESIAN_POINT('',(10.,22.6,12.6));
#22129=CARTESIAN_POINT('Origin',(10.,22.6,10.6));
#22130=CARTESIAN_POINT('',(1.2,20.6,10.6));
#22131=CARTESIAN_POINT('',(10.,20.6,10.6));
#22132=CARTESIAN_POINT('',(1.2,4.4,10.6));
#22133=CARTESIAN_POINT('',(1.2,22.6,10.6));
#22134=CARTESIAN_POINT('',(1.61922359359558,4.4,10.6));
#22135=CARTESIAN_POINT('Origin',(10.,22.6,10.6));
#22136=CARTESIAN_POINT('',(4.74999999999999,22.6,12.2));
#22137=CARTESIAN_POINT('',(3.68077640640441,22.6,29.2));
#22138=CARTESIAN_POINT('Origin',(10.,2.4,10.6));
#22139=CARTESIAN_POINT('',(10.,2.4,12.2));
#22140=CARTESIAN_POINT('',(10.,2.4,29.2));
#22141=CARTESIAN_POINT('Origin',(10.,20.6,12.6));
#22142=CARTESIAN_POINT('Origin',(1.2,20.6,12.6));
#22143=CARTESIAN_POINT('Origin',(10.,20.6,12.2));
#22144=CARTESIAN_POINT('Origin',(10.,4.4,12.6));
#22145=CARTESIAN_POINT('Origin',(1.2,4.4,12.6));
#22146=CARTESIAN_POINT('Origin',(10.,4.4,12.2));
#22147=CARTESIAN_POINT('Origin',(10.,20.6,29.2));
#22148=CARTESIAN_POINT('Origin',(10.,20.6,28.8));
#22149=CARTESIAN_POINT('Origin',(1.2,20.6,28.8));
#22150=CARTESIAN_POINT('Origin',(10.,4.4,29.2));
#22151=CARTESIAN_POINT('Origin',(10.,4.4,28.8));
#22152=CARTESIAN_POINT('Origin',(1.2,4.4,28.8));
#22153=CARTESIAN_POINT('Origin',(48.1,22.5,0.));
#22154=CARTESIAN_POINT('',(48.1,22.5,14.053939201417));
#22155=CARTESIAN_POINT('',(48.1,22.5,20.1460607985831));
#22156=CARTESIAN_POINT('Origin',(48.1,22.5,0.));
#22157=CARTESIAN_POINT('',(48.1,22.5,14.1));
#22158=CARTESIAN_POINT('',(56.4952272480183,22.5,20.1000000000001));
#22159=CARTESIAN_POINT('Origin',(48.1,20.5,0.));
#22160=CARTESIAN_POINT('',(55.45,20.5,14.1));
#22161=CARTESIAN_POINT('',(48.1,20.5,20.1000000000001));
#22162=CARTESIAN_POINT('Origin',(48.1,22.4999999999999,0.));
#22163=CARTESIAN_POINT('',(48.1,22.4999999999999,8.56928050473657));
#22164=CARTESIAN_POINT('',(48.1,22.4999999999999,11.1614021019027));
#22165=CARTESIAN_POINT('Origin',(48.1,22.4999999999999,0.));
#22166=CARTESIAN_POINT('',(48.1,22.4999999999999,8.61534130331964));
#22167=CARTESIAN_POINT('',(56.4952272480183,22.4999999999999,11.1153413033197));
#22168=CARTESIAN_POINT('Origin',(48.1,20.5,0.));
#22169=CARTESIAN_POINT('',(55.45,20.5,8.61534130331964));
#22170=CARTESIAN_POINT('',(48.1,20.5,11.1153413033197));
#22171=CARTESIAN_POINT('Origin',(48.1,2.49999999999999,2.4093381610789E-16));
#22172=CARTESIAN_POINT('',(53.35,2.49999999999999,8.53859789809734));
#22173=CARTESIAN_POINT('',(54.4047727519817,2.49999999999999,11.1307194952634));
#22174=CARTESIAN_POINT('Origin',(48.1,2.49999999999999,2.71050543121376E-16));
#22175=CARTESIAN_POINT('',(54.4047727519817,2.49999999999999,20.1307194952634));
#22176=CARTESIAN_POINT('',(53.35,2.49999999999999,14.0385978980973));
#22177=CARTESIAN_POINT('Origin',(48.1,2.49999999999999,2.4093381610789E-16));
#22178=CARTESIAN_POINT('',(56.4952272480183,2.49999999999999,8.58465869668039));
#22179=CARTESIAN_POINT('',(48.1,2.49999999999999,11.0846586966804));
#22180=CARTESIAN_POINT('Origin',(48.1,4.5,8.67361737988406E-16));
#22181=CARTESIAN_POINT('',(48.1,4.49999999999999,8.58465869668039));
#22182=CARTESIAN_POINT('',(55.45,4.49999999999999,11.0846586966804));
#22183=CARTESIAN_POINT('Origin',(48.1,2.49999999999999,2.71050543121376E-16));
#22184=CARTESIAN_POINT('',(48.1,2.49999999999999,20.0846586966804));
#22185=CARTESIAN_POINT('',(56.4952272480183,2.49999999999999,14.0846586966804));
#22186=CARTESIAN_POINT('Origin',(48.1,4.5,4.87890977618477E-16));
#22187=CARTESIAN_POINT('',(55.45,4.49999999999999,20.0846586966804));
#22188=CARTESIAN_POINT('',(48.1,4.49999999999999,14.0846586966804));
#22189=CARTESIAN_POINT('Origin',(48.1,11.5,16.6));
#22190=CARTESIAN_POINT('',(55.45,11.5,17.6));
#22191=CARTESIAN_POINT('',(48.1,11.5,20.1));
#22192=CARTESIAN_POINT('Origin',(48.1,13.5,16.6));
#22193=CARTESIAN_POINT('',(48.1,13.5,17.6));
#22194=CARTESIAN_POINT('',(55.45,13.5,20.1));
#22195=CARTESIAN_POINT('Origin',(48.1,5.52242571495911,1.06443128134195E-15));
#22196=CARTESIAN_POINT('',(55.45,5.5224257149591,17.5846586966804));
#22197=CARTESIAN_POINT('',(48.1,5.5224257149591,20.0846586966804));
#22198=CARTESIAN_POINT('Origin',(48.1,7.52242571495911,1.44992538711458E-15));
#22199=CARTESIAN_POINT('',(48.1,7.52242571495911,17.5846586966804));
#22200=CARTESIAN_POINT('',(55.45,7.52242571495911,20.0846586966804));
#22201=CARTESIAN_POINT('Origin',(48.1,11.5,7.6));
#22202=CARTESIAN_POINT('',(55.45,11.5,8.6));
#22203=CARTESIAN_POINT('',(48.1,11.5,14.5999999999999));
#22204=CARTESIAN_POINT('Origin',(48.1,13.5,7.6));
#22205=CARTESIAN_POINT('',(48.1,13.5,8.6));
#22206=CARTESIAN_POINT('',(55.45,13.5,14.5999999999999));
#22207=CARTESIAN_POINT('Origin',(48.1,14.5,3.14418630020802E-15));
#22208=CARTESIAN_POINT('',(48.1,14.5,20.0999999999999));
#22209=CARTESIAN_POINT('',(55.45,14.5,14.1));
#22210=CARTESIAN_POINT('Origin',(48.1,16.5,0.));
#22211=CARTESIAN_POINT('',(55.45,16.5,20.0999999999999));
#22212=CARTESIAN_POINT('',(48.1,16.5,14.1));
#22213=CARTESIAN_POINT('Origin',(48.1,17.5224257149591,0.));
#22214=CARTESIAN_POINT('',(55.45,17.5224257149591,17.6));
#22215=CARTESIAN_POINT('',(48.1,17.5224257149591,20.0999999999999));
#22216=CARTESIAN_POINT('Origin',(48.1,19.5224257149591,0.));
#22217=CARTESIAN_POINT('',(48.1,19.5224257149591,17.6));
#22218=CARTESIAN_POINT('',(55.45,19.5224257149591,20.0999999999999));
#22219=CARTESIAN_POINT('Origin',(48.1,19.5,0.));
#22220=CARTESIAN_POINT('',(48.1,19.5,8.60000000000005));
#22221=CARTESIAN_POINT('',(55.45,19.5,14.5999999999999));
#22222=CARTESIAN_POINT('Origin',(48.1,17.4999999999999,0.));
#22223=CARTESIAN_POINT('',(55.45,17.4999999999999,8.60000000000005));
#22224=CARTESIAN_POINT('',(48.1,17.4999999999999,14.5999999999999));
#22225=CARTESIAN_POINT('Origin',(48.1,5.49999999999999,5.96311194867021E-16));
#22226=CARTESIAN_POINT('',(55.45,5.49999999999999,8.58465869668035));
#22227=CARTESIAN_POINT('',(48.1,5.49999999999999,14.5846586966804));
#22228=CARTESIAN_POINT('Origin',(48.1,7.5,8.13151629364122E-16));
#22229=CARTESIAN_POINT('',(48.1,7.5,8.58465869668035));
#22230=CARTESIAN_POINT('',(55.45,7.5,14.5846586966804));
#22231=CARTESIAN_POINT('Origin',(48.1,10.5,0.));
#22232=CARTESIAN_POINT('',(48.1,10.5,8.59999999999999));
#22233=CARTESIAN_POINT('',(55.45,10.5,11.1));
#22234=CARTESIAN_POINT('Origin',(48.1,8.50000000000002,0.));
#22235=CARTESIAN_POINT('',(55.45,8.50000000000002,8.59999999999999));
#22236=CARTESIAN_POINT('',(48.1,8.50000000000002,11.1));
#22237=CARTESIAN_POINT('Origin',(48.1,10.5,2.27682456221957E-15));
#22238=CARTESIAN_POINT('',(55.45,10.5,20.0846586966804));
#22239=CARTESIAN_POINT('',(48.1,10.5,14.0846586966804));
#22240=CARTESIAN_POINT('Origin',(48.1,8.5,1.84314369322537E-15));
#22241=CARTESIAN_POINT('',(48.1,8.49999999999999,20.0846586966804));
#22242=CARTESIAN_POINT('',(55.45,8.49999999999999,14.0846586966804));
#22243=CARTESIAN_POINT('Origin',(48.1,14.5,0.));
#22244=CARTESIAN_POINT('',(55.45,14.5,8.6));
#22245=CARTESIAN_POINT('',(48.1,14.5,11.1));
#22246=CARTESIAN_POINT('Origin',(48.1,16.5,0.));
#22247=CARTESIAN_POINT('',(55.45,16.5,11.1));
#22248=CARTESIAN_POINT('',(48.1,16.5,8.6));
#22249=CARTESIAN_POINT('Origin',(48.1,12.5,8.6));
#22250=CARTESIAN_POINT('Origin',(48.1,12.5,14.5999999999999));
#22251=CARTESIAN_POINT('Origin',(48.1,12.5,17.6));
#22252=CARTESIAN_POINT('Origin',(48.1,12.5,20.1));
#22253=CARTESIAN_POINT('Origin',(48.1,9.50000000000002,8.59999999999999));
#22254=CARTESIAN_POINT('Origin',(48.1,6.5,8.58465869668035));
#22255=CARTESIAN_POINT('Origin',(48.1,3.49999999999999,8.58465869668039));
#22256=CARTESIAN_POINT('Origin',(48.1,3.49999999999999,8.53859789809734));
#22257=CARTESIAN_POINT('Origin',(48.1,6.52242571495911,17.5846586966804));
#22258=CARTESIAN_POINT('Origin',(48.1,21.4999999999999,8.56928050473657));
#22259=CARTESIAN_POINT('Origin',(48.1,21.4999999999999,11.1614021019027));
#22260=CARTESIAN_POINT('Origin',(48.1,21.5,14.053939201417));
#22261=CARTESIAN_POINT('Origin',(48.1,21.5,20.1460607985831));
#22262=CARTESIAN_POINT('Origin',(48.1,3.49999999999999,20.1307194952634));
#22263=CARTESIAN_POINT('Origin',(48.1,3.49999999999999,14.0385978980973));
#22264=CARTESIAN_POINT('Origin',(48.1,3.49999999999999,11.1307194952634));
#22265=CARTESIAN_POINT('Origin',(48.1,9.49999999999999,20.0846586966804));
#22266=CARTESIAN_POINT('Origin',(48.1,9.49999999999999,14.0846586966804));
#22267=CARTESIAN_POINT('Origin',(48.1,9.49999999999999,11.1));
#22268=CARTESIAN_POINT('Origin',(48.1,6.49999999999999,14.5846586966804));
#22269=CARTESIAN_POINT('Origin',(48.1,6.5224257149591,20.0846586966804));
#22270=CARTESIAN_POINT('Origin',(48.1,3.49999999999999,20.0846586966804));
#22271=CARTESIAN_POINT('Origin',(48.1,3.49999999999999,14.0846586966804));
#22272=CARTESIAN_POINT('Origin',(48.1,3.49999999999999,11.0846586966804));
#22273=CARTESIAN_POINT('Origin',(48.1,15.5,20.0999999999999));
#22274=CARTESIAN_POINT('Origin',(48.1,15.5,14.1));
#22275=CARTESIAN_POINT('Origin',(48.1,15.5,8.6));
#22276=CARTESIAN_POINT('Origin',(48.1,15.5,11.1));
#22277=CARTESIAN_POINT('Origin',(48.1,18.5,8.60000000000005));
#22278=CARTESIAN_POINT('Origin',(48.1,18.5,14.5999999999999));
#22279=CARTESIAN_POINT('Origin',(48.1,18.5224257149591,17.6));
#22280=CARTESIAN_POINT('Origin',(48.1,18.5224257149591,20.0999999999999));
#22281=CARTESIAN_POINT('Origin',(48.1,21.5,14.1));
#22282=CARTESIAN_POINT('Origin',(48.1,21.5,8.61534130331964));
#22283=CARTESIAN_POINT('Origin',(48.1,21.4999999999999,11.1153413033197));
#22284=CARTESIAN_POINT('Origin',(48.1,21.5,20.1000000000001));
#22285=CARTESIAN_POINT('Origin',(1.2,20.6,10.6));
#22286=CARTESIAN_POINT('',(1.2,4.4,32.8));
#22287=CARTESIAN_POINT('Origin',(1.2,4.4,30.8));
#22288=CARTESIAN_POINT('',(1.2,20.6,32.8));
#22289=CARTESIAN_POINT('',(1.2,20.6,32.8));
#22290=CARTESIAN_POINT('Origin',(1.2,20.6,30.8));
#22291=CARTESIAN_POINT('Origin',(1.2,4.4,30.8));
#22292=CARTESIAN_POINT('',(1.2,4.4,32.8));
#22293=CARTESIAN_POINT('Origin',(1.2,20.6,32.8));
#22294=CARTESIAN_POINT('',(1.2,20.6,32.8));
#22295=CARTESIAN_POINT('Origin',(1.2,20.6,30.8));
#22296=CARTESIAN_POINT('Origin',(1.2,20.6,10.6));
#22297=CARTESIAN_POINT('',(1.2,20.6,8.6));
#22298=CARTESIAN_POINT('Origin',(1.2,20.6,10.6));
#22299=CARTESIAN_POINT('',(1.2,4.4,8.6));
#22300=CARTESIAN_POINT('',(1.2,4.4,8.6));
#22301=CARTESIAN_POINT('Origin',(1.2,4.4,10.6));
#22302=CARTESIAN_POINT('Origin',(1.2,20.6,10.6));
#22303=CARTESIAN_POINT('',(1.2,20.6,8.6));
#22304=CARTESIAN_POINT('Origin',(1.2,4.4,10.6));
#22305=CARTESIAN_POINT('',(1.2,4.4,8.6));
#22306=CARTESIAN_POINT('Origin',(1.2,4.4,8.6));
#22307=CARTESIAN_POINT('',(0.,0.,98.5));
#22308=CARTESIAN_POINT('',(58.4108662260566,1.45231049408778E-13,2.64709602971987));
#22309=CARTESIAN_POINT('',(0.,0.,0.));
#22310=UNCERTAINTY_MEASURE_WITH_UNIT(LENGTH_MEASURE(0.01),#22320,
'DISTANCE_ACCURACY_VALUE',
'Maximum model space distance between geometric entities at asserted c
onnectivities');
#22311=UNCERTAINTY_MEASURE_WITH_UNIT(LENGTH_MEASURE(0.01),#22320,
'DISTANCE_ACCURACY_VALUE',
'Maximum model space distance between geometric entities at asserted c
onnectivities');
#22312=UNCERTAINTY_MEASURE_WITH_UNIT(LENGTH_MEASURE(0.01),#22320,
'DISTANCE_ACCURACY_VALUE',
'Maximum model space distance between geometric entities at asserted c
onnectivities');
#22313=UNCERTAINTY_MEASURE_WITH_UNIT(LENGTH_MEASURE(0.01),#22320,
'DISTANCE_ACCURACY_VALUE',
'Maximum model space distance between geometric entities at asserted c
onnectivities');
#22314=UNCERTAINTY_MEASURE_WITH_UNIT(LENGTH_MEASURE(0.01),#22320,
'DISTANCE_ACCURACY_VALUE',
'Maximum model space distance between geometric entities at asserted c
onnectivities');
#22315=(
GEOMETRIC_REPRESENTATION_CONTEXT(3)
GLOBAL_UNCERTAINTY_ASSIGNED_CONTEXT((#22310))
GLOBAL_UNIT_ASSIGNED_CONTEXT((#22320,#22322,#22323))
REPRESENTATION_CONTEXT('','3D')
);
#22316=(
GEOMETRIC_REPRESENTATION_CONTEXT(3)
GLOBAL_UNCERTAINTY_ASSIGNED_CONTEXT((#22311))
GLOBAL_UNIT_ASSIGNED_CONTEXT((#22320,#22322,#22323))
REPRESENTATION_CONTEXT('','3D')
);
#22317=(
GEOMETRIC_REPRESENTATION_CONTEXT(3)
GLOBAL_UNCERTAINTY_ASSIGNED_CONTEXT((#22312))
GLOBAL_UNIT_ASSIGNED_CONTEXT((#22320,#22322,#22323))
REPRESENTATION_CONTEXT('','3D')
);
#22318=(
GEOMETRIC_REPRESENTATION_CONTEXT(3)
GLOBAL_UNCERTAINTY_ASSIGNED_CONTEXT((#22313))
GLOBAL_UNIT_ASSIGNED_CONTEXT((#22320,#22322,#22323))
REPRESENTATION_CONTEXT('','3D')
);
#22319=(
GEOMETRIC_REPRESENTATION_CONTEXT(3)
GLOBAL_UNCERTAINTY_ASSIGNED_CONTEXT((#22314))
GLOBAL_UNIT_ASSIGNED_CONTEXT((#22320,#22322,#22323))
REPRESENTATION_CONTEXT('','3D')
);
#22320=(
LENGTH_UNIT()
NAMED_UNIT(*)
SI_UNIT(.MILLI.,.METRE.)
);
#22321=(
LENGTH_UNIT()
NAMED_UNIT(*)
SI_UNIT($,.METRE.)
);
#22322=(
NAMED_UNIT(*)
PLANE_ANGLE_UNIT()
SI_UNIT($,.RADIAN.)
);
#22323=(
NAMED_UNIT(*)
SI_UNIT($,.STERADIAN.)
SOLID_ANGLE_UNIT()
);
#22324=SHAPE_DEFINITION_REPRESENTATION(#22328,#22335);
#22325=SHAPE_DEFINITION_REPRESENTATION(#22329,#22336);
#22326=SHAPE_DEFINITION_REPRESENTATION(#22330,#22337);
#22327=SHAPE_DEFINITION_REPRESENTATION(#22331,#22338);
#22328=PRODUCT_DEFINITION_SHAPE('',$,#22340);
#22329=PRODUCT_DEFINITION_SHAPE('',$,#22341);
#22330=PRODUCT_DEFINITION_SHAPE('',$,#22342);
#22331=PRODUCT_DEFINITION_SHAPE('',$,#22343);
#22332=PRODUCT_DEFINITION_SHAPE($,$,#20);
#22333=PRODUCT_DEFINITION_SHAPE($,$,#21);
#22334=PRODUCT_DEFINITION_SHAPE($,$,#22);
#22335=SHAPE_REPRESENTATION('',(#13264,#14468,#14469,#14470),#22315);
#22336=SHAPE_REPRESENTATION('',(#13265),#22316);
#22337=SHAPE_REPRESENTATION('',(#13580),#22317);
#22338=SHAPE_REPRESENTATION('',(#13839),#22318);
#22339=PRODUCT_DEFINITION_CONTEXT('part definition',#22353,'design');
#22340=PRODUCT_DEFINITION('ZHP2D\X2\94DD58F3\X0\','ZHP2D\X2\94DD58F3\X0\',
#22344,#22339);
#22341=PRODUCT_DEFINITION('ZHP2D\X2\540E9762677F\X0\_2\X2\7248\X0\',
'ZHP2D\X2\540E9762677F\X0\_2\X2\7248\X0\',#22345,#22339);
#22342=PRODUCT_DEFINITION('ZHP2D\X2\524D9762677F\X0\XT30',
'ZHP2D\X2\524D9762677F\X0\XT30',#22346,#22339);
#22343=PRODUCT_DEFINITION('ZHP2D\X2\98CE624763217247\X0\',
'ZHP2D\X2\98CE624763217247\X0\',#22347,#22339);
#22344=PRODUCT_DEFINITION_FORMATION('',$,#22355);
#22345=PRODUCT_DEFINITION_FORMATION('',$,#22356);
#22346=PRODUCT_DEFINITION_FORMATION('',$,#22357);
#22347=PRODUCT_DEFINITION_FORMATION('',$,#22358);
#22348=PRODUCT_RELATED_PRODUCT_CATEGORY('ZHP2D\X2\94DD58F3\X0\',
'ZHP2D\X2\94DD58F3\X0\',(#22355));
#22349=PRODUCT_RELATED_PRODUCT_CATEGORY('ZHP2D\X2\540E9762677F\X0\_2\X2\7248\X0\',
'ZHP2D\X2\540E9762677F\X0\_2\X2\7248\X0\',(#22356));
#22350=PRODUCT_RELATED_PRODUCT_CATEGORY('ZHP2D\X2\524D9762677F\X0\XT30',
'ZHP2D\X2\524D9762677F\X0\XT30',(#22357));
#22351=PRODUCT_RELATED_PRODUCT_CATEGORY('ZHP2D\X2\98CE624763217247\X0\',
'ZHP2D\X2\98CE624763217247\X0\',(#22358));
#22352=APPLICATION_PROTOCOL_DEFINITION('international standard',
'automotive_design',2009,#22353);
#22353=APPLICATION_CONTEXT(
'Core Data for Automotive Mechanical Design Process');
#22354=PRODUCT_CONTEXT('part definition',#22353,'mechanical');
#22355=PRODUCT('ZHP2D\X2\94DD58F3\X0\','ZHP2D\X2\94DD58F3\X0\',
'STEP AP214',(#22354));
#22356=PRODUCT('ZHP2D\X2\540E9762677F\X0\_2\X2\7248\X0\',
'ZHP2D\X2\540E9762677F\X0\_2\X2\7248\X0\','STEP AP214',(#22354));
#22357=PRODUCT('ZHP2D\X2\524D9762677F\X0\XT30','ZHP2D\X2\524D9762677F\X0\X
T30','STEP AP214',(#22354));
#22358=PRODUCT('ZHP2D\X2\98CE624763217247\X0\','ZHP2D\X2\98CE624763217247\X0\',
'STEP AP214',(#22354));
#22359=PRESENTATION_STYLE_ASSIGNMENT((#22361));
#22360=PRESENTATION_STYLE_ASSIGNMENT((#22362));
#22361=SURFACE_STYLE_USAGE(.BOTH.,#22363);
#22362=SURFACE_STYLE_USAGE(.BOTH.,#22364);
#22363=SURFACE_SIDE_STYLE('',(#22365));
#22364=SURFACE_SIDE_STYLE('',(#22366));
#22365=SURFACE_STYLE_FILL_AREA(#22367);
#22366=SURFACE_STYLE_FILL_AREA(#22368);
#22367=FILL_AREA_STYLE('\X2\94A2\X0\ - \X2\7F0E5149\X0\',(#22369));
#22368=FILL_AREA_STYLE('Opaque(202,209,238)',(#22370));
#22369=FILL_AREA_STYLE_COLOUR('\X2\94A2\X0\ - \X2\7F0E5149\X0\',#22371);
#22370=FILL_AREA_STYLE_COLOUR('Opaque(202,209,238)',#22372);
#22371=COLOUR_RGB('\X2\94A2\X0\ - \X2\7F0E5149\X0\',0.627450980392157,0.627450980392157,
0.627450980392157);
#22372=COLOUR_RGB('Opaque(202,209,238)',0.792156862745098,0.819607843137255,
0.933333333333333);
ENDSEC;
END-ISO-10303-21;
